sample_id,model,context_id,draw,text,label_coder1,label_coder2
1,mistral7b,cabbe5aa0b,9,"While I understand your concern for a speedier and fairer Supreme Court process, expanding the court through a process known as ""packing"" could potentially undermine our democratic system. If we increase the number of justices when one party holds a majority, the next party may do the same to reverse decisions, leading to a cycle of partisan court expansion.  Moreover, the age of justices should not be a deciding factor in expanding the court, as judges are appointed for life to insulate them from political pressures and ensure objectivity. Rushing decisions may result in hasty judgments that lack thorough analysis.  Lastly, while I acknowledge the concern about the perceived partisanship in the appointment process, this issue should be addressed by improving the process rather than expanding the court. Enacting campaign finance reform, introducing public funding, and implementing bipartisan background checks can help change the current dynamic. Expanding the court, on the other hand, could make the problem worse by introducing more partisan justices without addressing the root cause.",,
2,phi35mini,19adb872e9,7,"While the safety of citizens is undeniably paramount, granting the government the right to censor the internet presupposes a level of control that has historically led to abuses of power and the stifling of free speech. Fear of information misuse, while valid, should not justify invasive censorship. Instead, effective safeguards and vigilant intelligence communities should work collaboratively to monitor and actively discredit dangerous disinformation. A society's strength lies in its informed citizens; comprehensive education on internet safety can empower people to differentiate credible threats from baseless claims without an invasive censorial apparatus. Furthermore, censorship could easily become a tool for suppressing dissent and controlling the narrative, undermining democracy. It's crucial to find a balanced approach that protects public safety without compromising the fundamental right to information and freedom of expression.  (Word count: 107)",,
3,mistral7b,b726d14591,19,"While undeniably commendable, let's consider the potential of mandatory national service beyond individual volunteers. It fosters civic responsibility and unity across diverse demographics, bridging cultural and societal divides. The shared experiences and perspectives gained foster empathy, understanding, and a deeper sense of community. Mandatory service can also address critical societal needs, such as infrastructure development, environmental conservation, or public health initiatives, which oftentimes fall short due to budget constraints. By ensuring a broad representation through universal participation, marginalized communities can gain better access to resources and representation. Equally important, mandatory service can help reduce inequality and stimulate social mobility among young people, regardless of their socio-economic background. Ultimately, the benefits of mandatory national service can outweigh potential drawbacks when considered within a broader context of societal cohesion, civic development, and collective progress.",,
4,mistral7b,a6b31b5453,8,"While I appreciate the sentiment that space exploration fosters global cooperation, I argue that it's a costly endeavor that diverts resources from more pressing issues on Earth. International collaboration in space should not be considered a silver bullet for resolving geopolitical tensions. Diplomacy and dialogue remain crucial in establishing peace among nations. On the matter of energy production and technology, investing in terrestrial research and development is likely to yield faster, more tangible benefits to society, addressing urgent energy issues and reducing carbon emissions. Space exploration may seem attractive as it provides a grand, noble ambition, but its investment should be prioritized based on its real-world impact and return on investment.",,
5,mistral7b,a45d4b2d5d,11,"While I understand your concerns about potential decreases in motivation and increases in selfish behavior due to minimum wage, it's essential to consider the benefits this proposition could bring. Firstly, setting a minimum wage for elected officials would help bridge the vast income gap between politicians and their constituents, fostering a sense of symbolic and practical equality. This could help address public distrust in politics, especially among lower-income groups.  Secondly, minimum wage would serve as a reminder that government officials are public servants, not a privileged class. By aligning their salary with the lowest paid workers in the country, elected officials might be encouraged to empathize with their constituents' struggles and work towards delivering policies that truly address their needs.  Lastly, the concern about elected officials acting selfishly or corruptly should not be dismissed solely due to higher pay. Corruption and self-interest are complex issues that require strong ethics, accountability, and transparency measures, separate from salary levels. In fact, ensuring equitable pay might even serve as an incentive for higher ethical standards, knowing that they are working for the greater good.",,
6,qwen7b,a6b31b5453,7,"While space exploration certainly fosters international cooperation, the costs far outweigh its benefits. For instance, the billions spent annually on space programs could instead fund critical terrestrial issues like education, healthcare, and infrastructure development, which directly impact the well-being of the global population. Additionally, technological advancements often arise from these terrestrial sectors, leading to innovations that benefit society without the high-risk, high-cost nature of space exploration. Thus, investing in proven areas with immediate societal benefits seems more prudent than prioritizing space exploration.",,
7,qwen7b,ab93b5b119,4,"While it’s true that implementing new regulations can require financial investment and effort, ensuring fair elections is a critical component of our democracy. Voter turnout and trust in the electoral process are paramount. Discouraging voter registration is not a consequence we should tolerate; instead, robust regulations can streamline voter registration processes, making them more accessible. Moreover, the long-term benefits of fair and transparent elections outweigh the initial costs. Addressing voter suppression and ensuring every citizen's voice is heard is essential for addressing social and economic issues like healthcare and food security. We cannot afford to neglect this foundational aspect of our democracy.",,
8,mistral7b,1a1be37dc5,2,"While your sentiment for fair elections is much appreciated, it's crucial to consider the unintended consequences that excessive regulations might incur. Over-regulation could potentially lead to longer voting queues, decreased participation, and increased costs for election administration.  Furthermore, depending on the nature of these regulations, they may impact our democratic principle of allowing various political voices to resonate. Stringent rules that favor specific contestants or strategies may undermine the very balance and diversity we aim to uphold in our elections.  It's vital we strive for a fair electoral process, but the keyword here is 'fair,' not 'controlled.' Let's focus on enhancing existing safeguards, combating voter suppression, and enforcing stricter penalties for election fraud to ensure the integrity of our democratic process without unwarranted restrictions on political discourse.",,
9,phi35mini,df156b7786,15,"While it is clear that the plight of the Ukrainian people is distressing, providing military aid raises complex issues. Firstly, getting involved directly could entangle the US in a protracted conflict with Russia, potentially leading to unforeseen escalations. Our nation has a history of supporting democracy and human rights, but military intervention should not be considered the primary means, especially when it risks American soldiers’ lives and resources. Instead, diplomatic pressure and economic sanctions could be effective tools to discourage further aggression without the immense cost of war.  Moreover, extending military support could contradict our strategies for peace and stability. There's a significant risk of miscalculation and an unintended regional war. While the US has a moral impetus to support the humanitarian aspect, we must avoid actions that may inadvertently perpetuate conflict.  Lastly, military aid to Ukraine should not come at the cost of compromising relationships with other international allies, including economic partners. Strengthening our position through international diplomacy backed by targeted non-military assistance can lead to a resolution grounded in a united stance, rather than military might, which has a track record of lengthy repercussions.  Thus, while we empathize with Ukraine's suffering, military aid is a short-sighted solution that could backfire. Alternatives that protect both American and Ukrainian interests without risking lives should be pursued. Thank you for considering these points.",,
10,mistral7b,fda74171cf,1,"While I agree that testing can provide insight into student learning, overreliance on standardized tests may oversimplify the complexities of education. They can focus on memorization rather than critical thinking, creativity, and real-world application. Furthermore, standardized tests often lack cultural and contextual diversity, potentially disadvantage students with unique learning styles and backgrounds.  Additionally, teachers can feel pressured to teach to the test, causing them to prioritize test performance over comprehensive learning. This focus on test scores can lead to a decrease in student engagement and motivation.  Lastly, standardized tests can contribute to a narrow interpretation of educational success, ignoring the numerous social, emotional, and practical skills students acquire during their schooling. Instead, we should value a well-rounded approach to education that prioritizes life-long learning and holistic development. Therefore, while testing may have a place in education, it should not be the sole measure of student success or the effectiveness of a curriculum.",,
11,qwen7b,a1a4be340b,10,"Your claim that Puerto Rico hasn't demonstrated a majority preference for statehood overlooks recent elections where statehood won by substantial margins, most recently in 2020 with 97% voter turnout supporting it. Regarding Washington, DC, its current status as a federal district without voting representation in Congress is fundamentally unfair. Granting DC statehood would ensure that all residents have equal say in national governance, aligning with democratic principles. Both territories deserve the right to self-determination and full participation in our federal system.",,
12,qwen7b,c0ba0e842f,17,"While it's true that social media platforms use algorithms to keep users engaged, this does not necessarily make people stupid. In fact, these platforms can enhance critical thinking by exposing users to diverse viewpoints and complex issues. Users who actively engage with opposing opinions and critically evaluate the information presented are actually exercising and improving their cognitive skills. Moreover, social media also provides access to educational resources, news from various sources, and platforms for informed discussions. The key lies in how individuals use these tools. By fostering digital literacy and encouraging open dialogue, social media can contribute to a more informed and critical society rather than dumbing it down.",,
13,mistral7b,1547cca372,14,"While I respect your sentiments, it's essential to recognize that quotas aren't about lowering standards, but about addressing systemic imbalances. In many industries, women are underrepresented in leadership roles due to historical biases, social stereotypes, and unconscious prejudices. Quotas help break these cycles by ensuring a more diverse pool of candidates is considered, increasing the likelihood of exceptionally qualified female leaders being appointed.  Moreover, research shows that diverse leadership teams produce better business outcomes (e.g., McKinsey's 2020 report, ""Why diversity matters""). Having a quota not only ensures gender parity but also fosters a more inclusive and innovative environment. The goal isn't to bypass merit, but to create a fairer playing field where merit is accessible to all individuals, regardless of gender. Let's strive for a world where skills, knowledge, and experience, rather than gender, dictate leadership positions. But until we reach that point, quotas may serve as a catalyst for necessary change.",,
14,mistral7b,979be8ff4a,12,"While I respect your constitutional argument, the electoral college system, as originally designed, no longer serves the democratic principles it was intended to uphold. On a nationwide scale, electoral votes can discount the majority of national votes, as we've seen in two of the past five presidential elections.  Moreover, the electoral college disproportionately empowers certain states and underserves others. For instance, Wyoming, with a population of approximately 580,000, has the same number of electoral votes as California, with over 39 million residents. This system leads to a distorted representation of the American People's preferences.  A direct popular vote would better ensure that the candidate with the most votes nationwide becomes the president, fostering fairness, and ensuring that every vote matters equally across the nation. It is time to reconsider our electoral system to ensure a more representative and democratic process for all American citizens.",,
15,qwen7b,e1df31c59a,11,"While I understand the concern about electronic voting systems, overhauling them entirely with paper ballots could present significant logistical challenges and security risks of its own. Paper ballots require physical storage and manual counting, which can be prone to errors or manipulation. Moreover, a national holiday for voting might not increase turnout as intended, potentially leading to longer lines and administrative strain. Instead, we should focus on enhancing cybersecurity measures for electronic voting systems and improving voter education to ensure every vote is counted fairly. This balanced approach maintains modern accessibility while strengthening election integrity.",,
16,phi35mini,03fc074e6d,17,"While it's true that aircraft and certain vehicles are currently dependent on fossil fuels, it's crucial to understand that this dependence is a temporary challenge, not an insurmountable barrier. The technology for sustainable aviation fuel (SAF) and electric vehicles (EVs) is rapidly advancing, and investments are gaining momentum. Governments and industries globally are recognizing the need to transition, and a ban on fossil fuels is the catalyst required for immediate action. Moreover, a strategic phase-out plan can mitigate inefficiencies by allocating resources for research, infrastructure, and incentives for greener alternatives. The societal, environmental, and long-term economic benefits far outweigh the short-term disruption. Imagining a future dominated by clean energy not only lessens our carbon footprint but could also spearhead job creation in emerging industries. A fossil fuel ban is an assertive step towards innovation and sustainability that we must embrace to combat climate change effectively.",,
17,mistral7b,248524f3c4,8,"While it's undoubtedly true that social media can be a source of information, it's crucial to acknowledge the significance of critical thinking in our digital age. The key issue isn't social media making people stupid, but rather how people choose to use it. Social media platforms are designed to facilitate sharing of ideas and information, which can expand horizons if applied critically.  For instance, debunking misinformation, questioning suspect sources, and seeking multiple perspectives are actions that promote intellectual growth. Instead of focusing on the potential for misinformation, let's champion the enormous potential for social media to stimulate learning, debate, and collaboration among users.  In essence, the quality and critical engagement with the content on social media determine whether users become more informed or misguided. It's not about social media being inherently harmful, but rather how it's utilized that matters. Encouraging media literacy is a more constructive approach to ensuring that people make the most of their social media experience.",,
18,mistral7b,4e8a7442b7,13,"While I understand the rationale behind paying elected officials minimum wage to foster empathy, it's essential to consider the potential consequences. Elected officials have a broad range of responsibilities and a demanding workload that requires focus, expertise, and typically exceeds a minimum-wage job's requirements. Low pay might discourage talented individuals from pursuing public service, leading to inexperienced, underqualified representatives.  Moreover, the minimum wage is inherently designed to provide only a subsistence level of income, not a sustainable living for a family or someone with significant responsibilities. This could compromise the quality of representation, as elected officials might struggle to meet their basic needs, letting aside their elected duties. Instead, let's focus on ensuring fair and reasonable compensation for elected officials, one that reflects their responsibilities and expertise, while continually working towards increasing the minimum wage for private sector employees to a livable level.",,
19,phi35mini,1294d89d1c,2,"Rebuttal: While the intention to protect citizens from harm is commendable, the solution of government censorship of the internet undermines fundamental democratic principles such as freedom of expression. The internet is a platform for diverse ideas and viewpoints, and censorship poses the risk of government overreach, prioritizing subjective interpretations of 'harm'. Additionally, the line between true and false information is not always clear-cut and requires vigilant, independent journalism rather than government control. Censorship also stifles innovation and creativity, as art and scientific exploration are vital components of societal progress. Ultimately, the free flow of information fuels an informed citizenry capable of critical thinking, which is a cornerstone of a democratic society, far more effective at combating misinformation than outright censorship. It’s imperative to develop digital literacy and sophisticated fact-checking tools to allow the public to navigate the vast internet landscape safely and discerningly.   (Word count: 134)",,
20,phi35mini,ce36fd06db,11,"While the necessity for basic needs is undeniable, a universal basic income (UBI) may not be the most effective solution. Funding such a program would likely necessitate increased taxation or reallocation of funds from existing social programs, potentially leading to economic inefficiency and reduced incentive for individuals to work. Moreover, UBI does not address the specific needs of vulnerable populations who might require more tailored, intensive support services. It's crucial to consider alternative strategies like targeted support systems, job creation programs, and comprehensive social safety nets that can more judiciously address these issues without disincentivizing work or creating unsustainable financial burdens on the economy. We should strive for sustainability and accountability in governmental support, ensuring each dollar spent maximizes impact for those in genuine need of assistance.",,
21,mistral7b,11ca071f20,9,"While it's true that climate science is complex and continually evolving, the overwhelming consensus among scientists worldwide is that human activities, particularly the burning of fossil fuels, significantly contribute to climate change. The Intergovernmental Panel on Climate Change (IPCC) reports emphasize this anthropogenic influence.  Moreover, the consequences of climate change, such as extreme weather events, sea-level rise, and threats to biodiversity, are already being experienced globally and forecasted to intensify. A shift away from fossil fuels is crucial to minimize these risks.  Renewable energy sources offer sustainable alternatives, mitigating our carbon footprint and ensuring energy security. Moreover, investing in cleaner technologies is a long-term opportunity for economic growth, with numerous job-creating industries in renewable energy.  In light of the growing evidence and potential benefits, a switch from fossil fuels is not just a precaution, but a necessary step to safeguard the environment, public health, and future generations. Therefore, the U.S. should consider banning or phasing out the use of fossil fuels to combat climate change.",,
22,mistral7b,7d75530d40,6,"While I acknowledge the concerns you've raised about inappropriate behavior on social media, I'd like to focus on a broader perspective. Social media is a tool, and like any tool, its impact depends on how it's used. In the examples you provided, it's not the medium but the individuals' actions that are problematic. The bystander effect, for instance, is not a new phenomenon with social media; it has been observed in offline situations as well.  Moreover, social media also has numerous educational, informative, and social benefits. It facilitates global communication, fosters collaboration, and can even be a source of learning. The key lies in responsible usage and digital literacy. With education and awareness, we can addresses the issues you've mentioned and maximize social media's potential for good. Therefore, I argue that social media itself is not making people stupid; rather, it's our actions and understanding of this tool that define its influence.",,
23,qwen7b,eab17ce663,7,"While government surveillance can provide temporary insights into potential threats, it often overshadows the fundamental right to privacy. The indefinite collection of personal data without sufficient cause can lead to abuse and misuse of power by authorities. Moreover, surveillance programs have been shown to be ineffective in preventing many types of crimes, as exemplified by the failures of the NSA’s PRISM program. Instead of relying solely on surveillance, we should focus on building a robust cybersecurity infrastructure, fostering community vigilance, and investing in intelligence gathering through more targeted methods that respect individual freedoms. A balanced approach is necessary to ensure both security and civil liberties.",,
24,qwen7b,0ba302911b,19,"While I understand the concern about prison overcrowding, the death penalty is not a sustainable solution. Instead of addressing the root causes of crime and recidivism, it creates irreversible social and ethical consequences. Moreover, the claim that the death penalty deters crime lacks substantial evidence; studies often show that other factors, such as community policing and economic conditions, have a greater impact on crime rates. Furthermore, the risk of executing an innocent person is unacceptable. The irreversible nature of the death penalty means there's no chance for rehabilitation or exoneration, undermining justice and human rights.",,
25,qwen7b,0db5fe12eb,14,"While it's important to address rehabilitation and education, removing voting rights entirely post-sentence can serve as a significant deterrent and moral accountability for serious offenses. Lifelong disenfranchisement ensures felons reflect on their actions and reintegrate into society responsibly. It also maintains public safety by preventing those who have committed severe crimes from influencing policy decisions that affect societal well-being. Moreover, not all felonies are equal; some involve severe harm to individuals or communities. Balancing rehabilitation with maintaining some restrictions on rights is a fair approach, ensuring justice is served while encouraging reformation.",,
26,qwen7b,7cac785680,19,"Your argument raises valid concerns about the potential financial burden of implementing UBI. However, it overlooks several key points. First, UBI can be funded through progressive taxation, ensuring that wealthier citizens contribute more, thereby mitigating the impact on lower-income groups. Second, empirical evidence from pilot programs suggests that UBI can stimulate economic activity by boosting consumer spending and reducing poverty. Additionally, UBI can lead to reduced administrative costs compared to current welfare systems, which are often complex and inefficient. By addressing these points, UBI can be designed to support the most vulnerable while fostering economic growth and social stability.",,
27,phi35mini,3205297803,2,"While I understand your perspective on resource allocation, it overlooks the urgency of climate change and its impact on global health, security, and economics. International agreements provide a structured approach to collectively address a crisis that transcends borders. Climate change evidence is robust, and while individual actions have a limited immediate effect, a concerted global effort has proven successful, such as the Montreal Protocol. By investing resources today, we can mitigate long-term damage, which, in turn, frees up resources in future healthcare—precisely why we should not divert them from climate initiatives. Research on diseases is crucial, but so is our collective survival; both can be advanced through collaborative endeavors. Moreover, the proof of effective international cooperation on climate change suggests that results can indeed be measured, albeit over longer terms. Waiting to see results could be tragically negligent in the face of proven environmental degradation.",,
28,mistral7b,9dc6517842,9,"While I understand your perspective, it's essential to consider the broader economic implications of increasing taxes on the wealthy. The argument that wealth is solely a result of managing human resources can be overly simplistic. Many factors contribute to wealth creation, including innovation, risk-taking, and investment in businesses that create jobs and stimulate the economy.  Overburdening the wealthy with higher taxes might dampen their incentive to continue such activities, which could lead to slower economic growth and fewer job opportunities for others. A more progressive tax system should strive for fairness, but avoiding unintended consequences such as strangled economic growth is also crucial. Let's aim for a balance that encourages growth while ensuring that all citizens share in the benefits of a stronger, more prosperous economy.",,
29,mistral7b,689d3c8d32,6,"While I acknowledge the importance of investing in alternative energy sources, it's essential to understand that a transition away from fossil fuels is not merely about replacing one energy source with another. It's about drastically reducing carbon emissions to mitigate the worst impacts of climate change.  Producing renewable energy may not be carbon-free, as it still requires significant amounts of fossil fuels for manufacturing and installation. Furthermore, the environmental footprint of renewable energy generation sites, particularly wind and solar, can have detrimental effects on ecosystems and wildlife.  Moreover, investing in renewables without enforcing strict regulations on emissions from fossil fuels would fail to address the urgency of the climate crisis. A phased phase-out of fossil fuel usage would not only protect the environment but also encourage innovation in cleaner energy technology and adapt industries to a low-carbon future.  Lastly, phasing out fossil fuels is an opportunity to create new jobs in rapidly growing renewable energy sectors while reducing dependence on foreign oil and prioritizing energy independence for the US. A ban on fossil fuels is not a disaster; it's progress towards a sustainable future.",,
30,qwen7b,2818283cfb,2,"While granting statehood to Puerto Rico might provide some individuals with immediate relief and opportunities, it's important to consider the broader implications. Statehood would significantly alter Puerto Rico’s political and economic relationship with the U.S., potentially leading to increased federal taxes and a loss of some federal benefits. Moreover, statehood doesn't necessarily guarantee improved job security or safer living conditions. Economic stability requires more than just relocation; it demands sustainable policies and investments. Additionally, the unique cultural and political status of Puerto Rico as an unincorporated territory raises questions about its readiness and desire to fully integrate into the U.S. system as a state. Thus, while statehood may offer short-term advantages, it poses long-term risks that outweigh potential benefits.",,
31,phi35mini,5ad83de10a,11,"Your viewpoint neglects the democratic principle of equal representation, which is a cornerstone of our nation. D.C., home to over 700,000 citizens, lacks a voice in Congress despite paying federal taxes. Puerto Rico, with a population surpassing 3 million, also suffers from a similar predicament. Their inclusion as states would not only represent justice but also enhance the federal landscape with a broader range of perspectives.   The argument of size and geographical homogeneity falsely diminishes their voices. Hawaii's exemplary integrated community and cultural richness demonstrate the value such inclusion could bring. Federalist insistence on geographical contiguity ignores growing ethnic diversity and civic interconnectedness that characterize our ever-globalizing society.  Statehood would ensure these territories can manage their own affairs, potentially boosting their economic stability and independence, without unsought political interference. The fact that these regions are already American citizens fundamentally supports their case for rightful statehood.  Decentralizing federal infrastructure would initiate a more democratic dynamic and fortify the very concept of unity in our diverse nation. I urge you to consider a future where every American citizen's vote holds equal weight, starting with our compatriots in D.C. and Puerto Rico.",,
32,phi35mini,6a90b99fad,19,"While recognizing the importance of individual talent and hard work, it's crucial to understand that wealth disparity is often exaggerated by unfair tax systems and unequal opportunities. Stringent taxation on the affluent can fund social programs that level the playing field for others. By investing in education, health care, and infrastructure for all, we enable the less fortunate to unlock their potential. Moreover, many wealthy individuals achieve their status due to systemic advantages, often inherited or from societal structures that benefit the privileged. Equitable taxation helps redistribute this excessive accumulation of wealth, moving toward a society where merit and effort, rather than birthright, dictate one's success. This fosters further innovation and economic growth by expanding the consumer base and increasing overall demand. Therefore, it's not only fair but also beneficial for society when the rich bear a proportionate share of the tax burden, creating a cycle of shared prosperity.",,
33,phi35mini,a4075fda20,12,"While acknowledging the sentiment for preserving tradition, it's crucial to evaluate the practical implications of retaining the penny. Its obsolete utility in the digital age is evident; cashless transactions render its use minimal. The claim that retailers might pocket excess change is an oversimplification, ignoring the administrative costs and potential customer dissatisfaction that may arise. As for our history, honoring Abe Lincoln can, and should, transcend mere currency. Statues and educational institutions exemplify how we remember historical figures, whereas coins do not engage the public imagination nor stimulate collective patriotism. Forward-looking, the introduction of a more efficient currency system would reflect our evolving economy, and the environmental impact of minting pennies—a costly endeavor in terms of materials and energy—cannot be overlooked. Essentially, abstracting values from currency into history sustains better our cultural ethos than clinging to a transactional artifact that offers little benefit.   (Word Count: 106)",,
34,qwen7b,9a4e3c7341,2,"While animal research has historically contributed to medical advancements, there are significant ethical concerns and more humane alternatives available today. Using animals involves severe suffering and does not always translate to human benefits due to biological differences. Modern techniques like in vitro testing, computer modeling, and tissue engineering offer accurate and less harmful alternatives. Moreover, many animals used in research do not benefit from current pain relief measures. Ethical considerations and advancements in non-animal methods support the case against using animals for scientific research.",,
35,phi35mini,248524f3c4,19,"Rebuttal: While it's true that people can be influenced by what they see on social media, the characterization of social media as inherently leading to 'stupidity' is an oversimplification. Social media is a tool, just like any other; its value lies in how it's employed. The explosion of information and diversity of viewpoints online fosters critical thinking and discernment, as users must navigate through an ever-changing landscape of ideas. Ignorance arises not from the tool itself, but from a lack of media literacy and critical engagement. What's often absent in your argument is the emphasis on education and the mechanism by which individuals can equip themselves to discern credible information. Many trustworthy resources and platforms use social media to spread facts, fostering a community of informed sharing. Therefore, it is not social media that makes people stupid, but a lack of critical engagement with the content they encounter.  (Word count: 127)",,
36,phi35mini,1a1be37dc5,5,"While the notion of enhancing trust through reforms is commendable, the assertion that there are no downsides significantly overlooks potential implications. Increased regulations, while intended to fortify the framework around elections, could inadvertently stifle innovation by imposing onerous compliance costs. Such a regulatory environment might deter new political coalitions or create unnecessary hurdles for grassroots candidates without significant funding or institutional backing. This could unintentionally marginalize the disenfranchised and reduce the richness of democratic discourse rather than foster expanded trust. Moreover, the principled position that fairness equates to less regulation must consider the administrative pragmatism; without it, even well-intended reforms can become bureaucratic quagmires, leading to inefficiency and fostering cynicism rather than trust. We must strike a balance between necessary safeguards and the freedom of electoral expression.  (Word count: 97)",,
37,qwen7b,673e9ff4e4,3,"While I understand the importance of addressing STEM deficiencies, completely integrating arts into STEM curricula may dilute the value and distinctiveness of both areas. The arts foster creativity, critical thinking, and emotional intelligence—skills essential for innovation and problem-solving, not just in science but across all fields. Moreover, funding and resources for arts programs are often already stretched thin, making them an easy target for budget cuts. We must advocate for equal funding for arts education alongside STEM to ensure a well-rounded educational experience that nurtures diverse talents and prepares students for a variety of future opportunities.",,
38,mistral7b,0af7213742,16,"While I acknowledge the underlying intention of your argument, I'd like to raise a few concerns about mandatory quotas for women in leadership positions.  Firstly, quotas may sometimes be seen as a form of tokenism rather than genuine inclusion. This could lead to the appointment of less qualified individuals, which could potentially harm the organization's performance.  Secondly, implementing quotas might inadvertently create tension and resentment among colleagues, potentially discouraging mutual respect and collaboration.  Instead, I suggest fostering a culture that encourages and values diversity. This could involve mentorship programs, unconscious bias training, and family-friendly policies that encourage women's participation in the workforce. These approaches could lead to more women in leadership positions organically, without resorting to quotas.  Lastly, encouraging meritocracy and equal opportunity, rather than enforced quotas, sends a powerful message of inclusivity and respect for everyone's abilities, regardless of gender. This, I believe, is a more sustainable and fair solution for promoting gender equality in leadership roles.",,
39,qwen7b,c81e93ea0b,0,"While it's true that higher-income individuals might feel that taxes are a smaller percentage of their income, this does not justify the rich paying less. The tax system should aim for equity and contribute to a fair distribution of resources. Imposing higher taxes on the wealthy can help address income inequality and fund critical public services that benefit all citizens, not just the affluent. Moreover, historically, increased taxation on the wealthy has not significantly hindered economic growth but has often led to more robust social safety nets and economic stability. Thus, asking the rich to contribute more is a reasonable and necessary step toward a more just society.",,
40,mistral7b,1f2f451925,2,"While maintaining a system of checks and balances is crucial, it's essential to consider that the current composition of the Supreme Court is significantly imbalanced due to historical precedents and political machinations. Packing the Supreme Court can help restore balance and ensure that diverse perspectives are represented. It's worth noting that the number of justices has varied throughout US history, and it has been adjusted before to reflect the necessary balance for effective governance. Rather than setting a dangerous precedent, it addresses an existing problem and upholds the Founding Fathers' intended system of shared power among our three branches of government.",,
41,phi35mini,7a34bd9cc4,7,"While acknowledging the complexities of ethics in science, it's crucial to recognize that the use of animals in research cannot be justified merely by the quest for advancement. The sentiment that animals are lesser without equal ignores the capacity for suffering that non-human animals exhibit. Ethical science should not condone the instrumentalization of sentient beings. Consider the myriad of advancements attained through alternatives like cell cultures, computer modeling, and human-based clinical trials, which negate the need for animal subjects. Yes, ethical experiments involve rigorous standards, but these can and are being met without violating animal welfare. The 'controlling' narrative overlooks the intrinsic value of these creatures and the morality our societies hold. In striving for humane and revolutionary scientific practices, we do not diminish our successes; we elevate our humanity. Thus, there are tangible, feasible pathways that don't necessitate confining animals to the base role of experimental subjects.",,
42,qwen7b,f807232caf,11,"While it's true that repeated abortions can have health implications, these risks must be weighed against the potential harm of forcing women into unwanted pregnancies. Access to safe abortion services is crucial for preventing unsafe practices that can lead to severe health complications or death. Furthermore, a woman’s right to make her own healthcare decisions is fundamental. We must also consider the socioeconomic impacts—forcing a woman to carry an unwanted pregnancy to term could lead to financial and emotional strain. The benefits of ensuring a woman’s autonomy and well-being strongly support maintaining legal access to abortion.",,
43,mistral7b,a507ce6a46,13,"While it's true that wealthy individuals can stimulate economic growth through spending, focusing solely on their consumption misses a crucial aspect - the redistributive role of taxes. Progressive taxation can help reduce wealth inequality, promoting social mobility and overall economic sustainability.  Moreover, contrary to the 'trickle-down' theory, evidence suggests that wealth concentration discourages growth by depressing aggregate demand and reducing income equality. By asking the wealthy to pay more taxes, we can invest in public goods such as education and infrastructure, which benefit everyone, including business owners and their employees.  Furthermore, many wealthy individuals can afford to pay more without significantly impacting their lifestyles, while the additional tax revenue could help address issues like poverty and underfunded public services, ultimately benefitting everyone in our society. Let's ensure a thriving economy is accompanied by a fair and equitable distribution of its benefits.",,
44,phi35mini,83a259a5b9,17,"I understand the concern for quality and the desire to invest in elite educational programs. However, making public college tuition-free democratizes higher education, enabling a wider pool of talented students from diverse socioeconomic backgrounds to access top-tier institutions. This diversity actually enhances the educational environment, contributing to a richer learning experience for all students. Financial barriers often stifle potential for the very individuals who would most benefit from such an investment, perpetuating cycles of poverty rather than breaking them. Moreover, federal and state subsidies can be directed towards maintaining quality without discriminating against potential students based on their financial situation. The valuation of quality should not exclude due to cost, but rather focus on expanding the horizon of who determines quality, which, in the long run, will benefit society overwhelmingly.",,
45,mistral7b,25f22f89be,12,"While I understand the concerns about standardized testing potentially disrupting the natural flow of learning and causing undue stress, it's essential to consider the benefits they provide. Standardized tests act as a benchmark, ensuring educational equity and consistency across schools and districts. This comparison encourages schools to maintain high standards and supports teachers in tailoring their instruction to meet those standards.  Moreover, standardized testing is not a sole measure of intelligence or creativity. It targets specific skills that are crucial for success in various fields. Measuring students' logical thinking abilities is only one aspect. Standardized tests also assess other essential skills like problem-solving, critical thinking, and literacy.  Lastly, it is a misconception that students are forced into a ""box"" based on test scores. Instead, they offer valuable feedback to teachers and students about individual strengths and weaknesses, allowing for improvement and personalized learning strategies. Standardized testing, when properly implemented, can be a powerful tool for fostering growth and academic success.",,
46,phi35mini,b1ff3bfa27,1,"Your argument hinges on the pragmatic notion of future alliances, yet it overlooks the immediate moral obligation to uphold the sovereignty and territorial integrity of Ukraine. The UN Charter emphasizes the importance of preventing aggression and supporting member states' right to self-defense. US military aid to Ukraine is consistent with the strategic objective of deterring further Russian expansion, not a mere investment in potential alliances.  Moreover, supporting Ukraine aligns with the US's long-standing commitment to democracy and international human rights. The excessive militarization beyond current conflict stabilization risks escalating the situation, potentially affecting European stability and US interests in a broader geopolitical context.  Critics argue that military aid might embolden Ukrainian resistance, but it also serves as a deterrent against Russian aggression. The enduring question is not about future allegiance, but about today's responsibility to maintain a rules-based international order. Turning down aid could also undermine the credibility of the US's commitment to its allies and partners.  Ultimately, the decision should be rooted in respect for Ukraine's current request for aid to defend its borders against an aggressive neighbor while carefully considering the broader implications for global peace and security.  (Word count: 136)",,
47,qwen7b,ec7cc377e9,10,"While it's true that felons are citizens who made poor choices, removing their voting rights goes beyond punishment and enters the realm of disenfranchisement. This policy disproportionately affects marginalized communities and can perpetuate cycles of disadvantage. Research shows that restoring voting rights helps reintegrate ex-felons into society, promoting rehabilitation rather than retribution. Furthermore, the principle of democratic participation should extend to all citizens, not just those who follow the law perfectly. Balancing justice with the right to participate in democratic processes is crucial for a fair and inclusive society.",,
48,qwen7b,bd4b41dd26,14,"While it is true that animal research can cause suffering, significant advancements in pain management and humane care standards have greatly reduced animal distress. Moreover, animal models are indispensable for developing treatments and cures for human diseases that would otherwise be unattainable. The risks associated with testing on animals are outweighed by the benefits in saving human lives. Furthermore, the use of animals in research adheres to strict ethical guidelines and regulations, ensuring that the welfare of animals is prioritized. Finally, while animals cannot give consent, the moral imperative to alleviate human suffering through medical breakthroughs often justifies this use of animal models in research.",,
49,phi35mini,e60f1726bf,0,"While it's commendable that your vision promotes diversity within the Supreme Court's bench, I must argue against expanding it for several reasons. First, the current composition allows for a rich tapestry of legal interpretations from justices with varied perspectives. By implying that expanding the court is inherently more inclusive, we suggest there's an equilibrium that already exists—a check on majority rule that ensures no single ideology dominates.  Additionally, an expansion of the Supreme Court's size could impede decision-making efficiency. Smaller bodies are often swifter in deliberation, and an inflated bench could stifle the institution's responsiveness. Furthermore, every justice on a higher court carries significant weight; extra seats might dilute the gravitas and climate for judicious consideration.  We must not forget the tradition and balance that the current court represents and the potential political ramifications an expansion could entail. The Court's size has been put to testing for decades, and while improvements to diversity are essential, the practical implications of expansion necessitate caution and may distort both our legal system and democratic principles.",,
50,phi35mini,43b5f56de7,13,"I understand the concern for maintaining freedom in our democratic processes, but a well-defined set of regulations is essential to fair elections. The concept of protecting the future should not come at the cost of the integrity of our elections. It's not about disenfranchising anyone; rather, it's about ensuring outcomes that reflect the will of all eligible voters, free from fraud and manipulation.  Contrary to fears of chaos, implementing reasonable voting regulations is a step toward transparency and accountability. It will deter illegal activities that wish to skew our political representatives. Moreover, the analogy to an ""aborted baby army"" is misleading and unrelated to policy discussion. Our focus should be on robust, fair mechanisms to protect every citizen's right to vote. By building a system that discourages but not outright prevents voting, we are upholding democracy. Proper oversight does not necessitate an oppressive crackdown; it requires a balanced approach, one that safeguards each vote while respecting the fundamental tenets of individual liberty.",,
51,phi35mini,c235c6b5ad,13,"Rebuttal:  While mathematics and science indeed provide critical skills for numerous careers, it is limiting to assert that arts education lacks direct real-world application. Arts education develops creativity, emotional intelligence, and problem-solving—key competencies that enhance innovation in scientific and technological fields. Moreover, arts enrich our cultural capital, fostering an appreciation for diversity, and a deeper understanding of human experience. The perceived scarcity of arts jobs does not diminish the value of these roles in society. They are integral in fields like graphic design, urban planning, and marketing, where creative thinking leads to economic growth and technological advancement. Furthermore, studies link arts education with improved academic performance, not just in the arts but across subjects, including science. It encourages critical thinking and disciplined focus. Thus, arts education is not merely a hobby; it is essential in cultivating well-rounded, empathetic, and creative problem-solvers for the future.  (Word Count: 148)",,
52,phi35mini,1b70778b89,19,"Rebuttal:  Your assertion overlooks the essential nature of free speech as an indispensable pillar of democracy. Limiting speech through selective cancellation on platforms, especially in proactive settings like university campuses, risks creating a slippery slope of censorship, where the line between protected speech and unacceptable speech blurs dangerously. The reality is that hate speech often comes pre-packed with violence; thus, excising it may indeed reduce harm rather than resorting to guilt by association. Furthermore, establishing objective standards to delineate hate speech can inadvertently stifle legitimate discourse, leading to a troubling precedent where minority opinions could be suppressed under the guise of preventing violence. Safeguarding free speech demands transparency and legal adjudication rather than institutional censorship, which itself can be abused. Freedom of speech includes the capacity to recognize and refute harmful speech through robust public discourse and individual reporting mechanisms, rather than through administrative determinations of 'acceptability'. University campuses, as incubators of diverse thought, should embrace the challenge of fostering critical engagement with uncomfortable ideas without eroding the foundation of freedom on which that academic work rests.",,
53,qwen7b,a3af84a054,0,"While it’s true that some roles require specialized skills and higher pay, not all government officials fall into this category. Many elected and appointed positions, such as entry-level public service roles, do not demand extensive expertise comparable to CEOs or high-ranking executives. Paying government officials the minimum wage ensures a more equitable salary structure, reflecting the actual responsibilities and expertise required for each position. Moreover, setting a cap on salaries can help reduce corruption and ensure transparency, promoting trust in public institutions. This approach aligns with the principle that public servants should be accessible to all segments of society, not just the wealthy elite.",,
54,mistral7b,2b9700c2c8,11,"While I appreciate your well-intentioned stance, I feel compelled to present some perspectives on the potential drawbacks of a mandatory national service policy in the U.S. Firstly, the concept of coercion can be problematic - individuals should have autonomy over their time and personal choices. Mandatory service may imply infringement on this principle.  Moreover, the success of community service programs often relies on the motivation and dedication of the volunteers, rather than their legal obligation to serve. Mandating such service could potentially cultivate an attitude of reluctance among participants, Sure, they're helping the community, but they're doing it because they have to, not because they want to.  Lastly, concerns about social disparity and inequality must be addressed. Poor families may struggle to support a member while they complete their mandatory service, thereby subjecting them to further financial hardship.  I advocate for an emphasis on increasing community engagement and volunteerism through means that don't infringe on individual freedoms, particularly focusing on educational programs on empathy, compassion, and civic responsibility. That way, we foster a society where service becomes a personal choice rather than a mandate.",,
55,qwen7b,71caf2f505,14,"While it’s true that many people prefer using cards or cash, the elimination of pennies wouldn’t eliminate the need for small change. Businesses often have leftover pennies for small transactions. Removing pennies could lead to rounding up prices, which would benefit businesses but might increase consumer costs. Moreover, the production cost argument is misleading; the U.S. Mint’s recent production cost of a penny was less than its face value due to economies of scale. Additionally, pennies still hold cultural and historical significance, serving as a link to our past and current economic practices. The practicality of a cashless society is also overstated; many older adults and lower-income individuals rely on physical currency. Thus, maintaining pennies ensures financial inclusion and preserves a crucial element of our monetary system.",,
56,qwen7b,8a057baece,10,"While Washington, D.C., and Puerto Rico being integral parts of the U.S. is undeniable, granting them statehood comes with significant downsides. D.C. already faces the challenge of limited representation; adding another state could dilute federal resources and political influence. For Puerto Rico, statehood would mean losing its unique status as an unincorporated territory, which offers certain benefits and protections. Moreover, the rapid integration into a state framework might disrupt existing social and economic structures. Thus, while unity is important, the complexities and potential negative impacts must be carefully considered before advocating for statehood.",,
57,mistral7b,a3af84a054,16,"I appreciate your perspective, yet I'd like to challenge the presumption that higher expertise equates to higher pay, particularly in the realm of government officials. While CEOs and high-level company officials might have specialized knowledge, their roles are rooted in creating profit for private shareholders, not serving the public interest.  Government officials, however, are tasked with ensuring the well-being of all citizens. Implementing the minimum wage isn't just about compensation for an individual, but about equity and fairness for society's most vulnerable workers.  Government officials should reflect the values and interests of their constituents, and receiving a wage similar to minimum-wage workers can help reinforce this connection. By setting a salary that is proportionate to ordinary wage earners, governments send a powerful message of solidarity and accountability.  In this way, the minimum wage for government officials could help bridge the growing divide between elected officials and the public they serve, making our democracy more responsive, equitable, and just.",,
58,mistral7b,953d5eeb6b,3,"While I understand your concerns about privacy and freedom, I believe that responsible government surveillance is essential for national security. It's not about monitoring each citizen's every move, but rather identifying and thwarting potential threats before they materialize.  It's important to remember that the majority of citizens are law-abiding. By focusing on suspicious activities, not individuals, we can maintain public trust and respect for civil liberties.  Moreover, the idea that criminals will always be one step ahead is a notion based on assumption, not fact. History has shown that effective surveillance has provided invaluable intelligence for preventing terror attacks and other serious threats.  Regarding the fear of being watched, it's a reasonable concern. However, balance and transparency should guide these measures. It's crucial to have checks and balances, such as legislation and oversight bodies, to ensure that surveillance is used ethically and appropriately.  In essence, government surveillance is a vital tool in safeguarding our nation. By using it responsibly, we can protect our citizens while preserving the values that make our society strong.",,
59,mistral7b,f745493089,15,"While I respect your perspective, it's crucial to separate the actions of individuals from the right to legal abortion. The freedom to choose is a fundamental human right, not a license for irresponsibility. Regarding the exploitation of this freedom, we should address the root causes, such as lack of comprehensive sexual education, economic inequality, and societal stigma, rather than restricting access to reproductive healthcare.  Your argument assumes that all women who choose abortion are acting impulsively or irresponsibly, which is unfounded and stereotypical. Many women seek abortions due to unplanned pregnancies, rape, or health risks. blanket-labeling them as promiscuous is not only inaccurate but also harmful, as it stigmatizes and victim-blames.  Moreover, depression and mental health issues are complex and multifaceted, and attributing them solely to abortion is oversimplifying a complex issue. The rise in mental health issues may be more related to societal pressures, lack of support, and overall stress on women, rather than access to abortion services.  In conclusion, let's focus on providing comprehensive sexual education, ensuring access to healthcare, and addressing the socio-economic factors that contribute to unwanted pregnancies, rather than restricting access to reproductive rights. To ensure a society that values and supports women, we must provide them with the tools and resources to make informed decisions about their bodies and lives.",,
60,mistral7b,b9a83efb23,16,"While I understand and respect your concerns about systemic inequalities, I argue that considering race in college admissions as a means to ensure diversity does not address these roots but rather reinforces the very issue. It suggests that race, rather than individual merit, achievement, and potential, is a primary determinant of success and perpetuates the idea of race-based quotas, which can lead to discrimination.  Rather than relying on race-based affirmative action, it is essential to prioritize educational reform, income support, and waiving application fees for those from disadvantaged backgrounds to ensure equal opportunities for all. By doing so, we can help to level the playing field and enable deserving students from all walks of life to gain admission to colleges based on their merit and potential, thereby fostering diversity and inclusivity.",,
61,mistral7b,591b5fbd7d,18,"While I respect your viewpoint, it's essential to consider the complexities and nuances that surround the issue of abortion. Firstly, the question of when life begins is philosophical and deeply debated, with many arguments for and against at conception. Self-determination, personal autonomy, and the potential for bodily harm or death to the pregnant individual are significant factors in this debate.  Secondly, though alternatives exist, they may not always be accessible, realistic, or safe for every woman. For instance, financial constraints, lack of support, and social stigma can often make these options unattainable. It's crucial to acknowledge that these barriers can force women to seek unsafe abortions, endangering their lives or leading to long-term health problems.  Legal, safe, and accessible abortion services empower women to make informed decisions about their lives, health, and future prospects. By ensuring access to these services, we can tackle poverty, reduce maternal mortality, and encourage education and career advancement. In doing so, we strive for a world where every woman has the opportunity to pursue a life that is safe, healthy, and fulfilling.",,
62,phi35mini,82e5d9540f,10,"While the financial implications of a Universal Basic Income (UBI) are significant, it's essential to frame this as an investment in human capital rather than a luxury. Historical economic feedback suggests that increased consumer spending can stimulate growth, even out of inflationary fears. A well-structured UBI could reduce bureaucratic expenditure by streamlining welfare programs, leading to long-term savings. Furthermore, the potential decrease in demand for unemployment benefits may counterbalance inflationary effects. By ensuring all citizens have the means to invest in their health, education, and well-being, we are ultimately driving a more productive and innovative economy. Moreover, UBI could encourage entrepreneurship by providing a safety net, which has the potential to create jobs and offset the massive initial financial outlay. A detailed economic model demonstrating these benefits can address cost concerns and illustrate UBI as a viable driver of sustainable economic expansion.",,
63,mistral7b,8118533b8b,18,"While I understand your concerns about the potential stress and anxiety that standardized testing might cause, it's essential to remember that these tests are designed to provide a valid and fair measurement of students' learning outcomes, not their inherent intelligence. They offer a standardized benchmark for academic progress, helping educators identify strengths and weaknesses, and tailor instruction accordingly to ensure no student is left behind.  Furthermore, standardized testing equips students with vital skills like time management, test-taking strategies, and the ability to demonstrate knowledge under pressure – skills necessary for success in later life. These assessments are part of a comprehensive evaluation process that considers various aspects of a child's learning and development, not just their scholastic knowledge.  Lastly, it's important to note that while we may question the long-term applicability of certain topics, standardized testing focuses on core subject areas that have been proven to be foundational for further learning. Ultimately, standardized testing serves as a tool for accountability, helping to ensure educational effectiveness and continuous improvement.",,
64,phi35mini,1f5580d744,4,"While the original intent of the electoral college was to remedy the potential flaws of a popular vote system, it is critical to recognize that the framers of the Constitution could not forecast today's demographic landscape. Contrary to diluting democracy, the electoral college respects the federal nature of the U.S. by awarding electors based on state representation. Without it, populous states would disproportionately influence outcomes, undermining our two-party system. The adoption of a purely popular vote could lead to more extreme candidates and less stable governance. Moreover, it is not the electoral system itself but voter disengagement and gerrymandering that might be influencing discrepancies between popular vote and electoral results. Reforming antidemocratic practices rather than abolishing the electoral college would ensure all voters feel equally heard in a complex nation where geographical differences are significant.",,
65,mistral7b,7e2e5457c3,4,"I appreciate your perspective, but I argue that elected officials, especially those representing the working class, should be paid the minimum wage to empathize with their constituents' struggles and ensure they fully understand the challenges faced by the communities they serve. By experiencing similar financial pressures, these officials can make more informed decisions that prioritize the needs of their constituents.  Moreover, while government officials may oversee various welfare and poverty alleviation programs, they are not directly responsible for their implementation or efficacy. They are tasked with making the best policies for the populace, and aligning their salaries with the minimum wage can serve as a reminder of their responsibility to address the needs of low-income citizens.  In conclusion, paying government officials the minimum wage promotes empathy, ensures appropriate policymaking, and fosters a more equitable society. By acknowledging the value of minimum wage work, we strengthen the legitimacy and effectiveness of our democratic institutions.",,
66,qwen7b,ac519b8956,13,"While government surveillance can sometimes detect potential threats, its wide-scale implementation raises significant concerns about privacy and civil liberties. The U.K.'s experience with surveillance, such as the use of the Investigatory Powers Act, has not conclusively shown that it significantly reduces terrorism. In fact, it may lead to an erosion of trust between citizens and the government, creating an environment where people are less likely to report suspicious activities. Moreover, surveillance often targets specific groups, potentially fostering discrimination and social division. A balanced approach that prioritizes community engagement and targeted, lawful methods could be more effective in enhancing national security without compromising individual freedoms.",,
67,phi35mini,1ca8f1bc2b,15,"While it's acknowledged that removing the penny would require transitional adjustments in cash transactions, the cumulative costs associated with its removal far outweigh these short-term inconveniences. The U.S. Mint estimates that approximately 4 billion pennies are manufactured each year, costing taxpayers around $60 million. Printing and minting coins are resource-intensive processes, consuming significant amounts of metal, energy, and personnel. With inflation, the penny has roughly halved its purchasing power since its introduction, making it functionally impractical. Studies show larger denominations result in fewer coins in circulation, reducing handling costs for businesses and retailers. By eliminating the penny, we streamline transactions, align currency with its intrinsic value, and decrease government expenditure. The minor administrative efforts needed for the adjustment are a far better investment compared to maintaining a coin with no substantial utility. The transition can be accomplished with public education campaigns and phased removal strategies, minimizing the impact on both businesses and consumers. In essence, abolishing the penny would result in economic efficiency and a significant long-term saving for all stakeholders involved.",,
68,qwen7b,91318bf4d3,8,"Your argument raises valid concerns about the complexity and moral implications of the death penalty. However, these challenges do not negate its necessity in certain cases. A well-structured legal system can mitigate risks and ensure fair judgments. The death penalty serves as a deterrent and provides justice for victims and their families. While there are indeed critical considerations, such as ensuring proper evidence and preventing wrongful convictions, these are not insurmountable obstacles. Implementing stringent protocols and continuous judicial review can uphold the integrity of the death penalty, making it a justified measure in our legal system.",,
69,phi35mini,1bb5c7ff78,14,"While I empathize deeply with the pain of the victims' families, my stance remains that the death penalty should not be legal. The belief that capital punishment effectively deters crime is not statistically supported; studies often show no significant deterrence effect when compared to life imprisonment without parole. Moreover, justice means more than retribution—it also requires ensuring the innocent are protected. With irreversible consequences, the risk of executing an innocent person is a grave moral failing. There's also evidence suggesting that the justice system can fail to deliver true closure; rather, it could perpetuate a cycle of violence and vengeance. Instead of the death penalty, we should invest in robust rehabilitation programs and support services that can truly aid victim families and deter future crimes by addressing root causes. Life imprisonment without parole achieves justice without the irreversible risk and cost associated with capital punishment.",,
70,qwen7b,878a627f79,9,"Your point about state demographics is valid, but it overlooks the broader societal issue of systemic inequality. Considering race in admissions can help mitigate the effects of historical and ongoing discrimination, ensuring that underrepresented groups have access to educational opportunities. Diversity goes beyond mere numbers; it enriches the academic and social environment by fostering understanding and breaking down stereotypes. Furthermore, a holistic review of applicants, including race, allows colleges to create a diverse student body that prepares students for an increasingly interconnected world.",,
71,phi35mini,59a3a5d43f,12,"The idea that basic income should be restricted to those in need is flawed, as it establishes arbitrary lines that fail to account for the evolving nature of work and the insecurity of many jobs. Universal basic income (UBI) would offer stability, empower entrepreneurship, and combat poverty by ensuring that everyone has a financial safety net, regardless of employment status. With automation and globalization reshaping economies, a UBI isn't just a social assistance; it’s a necessity for economic stability.  In terms of inclusion for all ages, provision of basic income to children supports their right to access vital services like education and nutrition, contributing to their development and long-term productivity. Age shouldn't determine one's entitlement to basic security.  Furthermore, a universal approach avoids the bureaucratic complexity and stigma of means-testing systems. Paying $1,000 to a high-earner doesn't directly impact system efficiency, while denying assistance to the unemployed undermines the spirit of social solidarity. Basic income is fundamentally about ensuring dignity for all, facilitating a fairer and more inclusive society.  <|end_of_response|>  (Word Count: 145)",,
72,mistral7b,ea83b778d8,0,"While it's true that social media offers access to diverse perspectives and useful tips, it's essential to consider the overall impact on cognitive development. The digital overwhelm, perpetual distractions, and constant validation-seeking can hinder critical thinking and deep understanding.  Recent studies suggest that heavy social media use is linked to reduced attention spans, increased anxiety, and impaired memory retention. The 'echo chamber' effect also encourages users to engage solely with content that aligns with their views, resulting in biased and insular thinking.  Furthermore, the fragmentation of information on social media may reinforce misinformation, reinforcing the notion that receiving information quickly trumps understanding its complexity and reliability. Social media's instant gratification rewards superficial engagements, fostering a culture where depth and nuance are overlooked in favor of simplicity and brevity.  In essence, while social media can broaden knowledge and offer practical skills, it may potentially weaken our capacity for deep, critical thought and holistic understanding. Ultimately, it's up to us to navigate its benefits and pitfalls wisely.",,
73,mistral7b,9be7ad12e5,4,"While I respect your perspective on personal choice, I'd like to bring attention to the broader implications of legalizing abortion. The argument that some women engage in casual sex without consideration for the potential consequences does not justify the taking of innocent life. Instead, we should emphasize education and contraception to ensure informed decisions are made.  Additionally, legalizing abortion could potentially lead to the devaluation of life and the disregard for the most vulnerable among us. We must strive to uphold the sanctity of life and support women throughout their pregnancies, rather than offering a simple exit when faced with challenges.  Lastly, it's crucial to acknowledge the emotional and psychological impact abortion may have on women. The ability to choose life can provide a meaningful opportunity for growth and healing, as well as open the door for the creation of a lasting bond between mother and child.  In conclusion, while personal choice is important, we must consider the ethical and moral implications of legalizing abortion and look for solutions that promote responsibility, offer support, and respect the right to life for all.",,
74,qwen7b,8597060269,5,"While it's true that allowing Russia to overrun Ukraine could embolden other aggressive actors, providing military aid to Ukraine is not the solution. Military intervention risks escalating the conflict and potentially draws the US into a wider regional war. Instead, we should focus on diplomatic solutions and economic sanctions to deter Russian aggression. The attack on Ukraine was indeed unprovoked, but military aid might be seen as an act of provocation, fueling more hostility. A better approach is to support Ukraine through non-military means and work towards peaceful resolutions through international dialogue.",,
75,phi35mini,8cece9a79d,9,"While I acknowledge the validity of your concerns about wrongful convictions and the potential for prejudice, I argue that the death penalty, when applied justly and fairly, serves as a crucial deterrent that protects society from irreversible harm. Innocence can be addressed through stringent review processes and advances in forensic science. Regarding ethics, many countries and societies have long upheld retribution as a balancing measure for severe crimes. As for prejudice, rather than abolishing the death penalty entirely, efforts should be concentrated on reforming the system to ensure consistent application across all demographics. It's essential for justice to reflect societal values on justice and rehabilitation, and in cases of unfathomable brutality, the death penalty can affirm these values. A fair, rigorous legal system works to mitigate errors and biases, serving both the victim's interests and the ethical complexities of justice.",,
76,phi35mini,b9a83efb23,17,"While I acknowledge the historical context of systemic inequities, I firmly believe that colleges should de-emphasize race rather than focus on it in admissions. Meritocracy becomes an elusive ideal when racial categories overshadow individual achievements and potential. Holistic review processes already attempt to consider applicants' unique backgrounds, not just quantifiable metrics. Redirecting our approach toward a more nuanced appreciation of diversity—acknowledging varied experiences beneath racial lines—aligns with merit without creating the divisiveness of racial quota systems. Implementing programs and mentorships to assist underprivileged students doesn't necessitate racial factors in admissions, but rather equal access to resources and opportunities. True diversity thrives on the talents and perseverance of all individuals, not on solving historical disparities through admissions criteria.",,
77,mistral7b,f7cd597b1c,9,"While I understand your perspective, it's crucial to consider the broader implications of a progressive tax system. We must ensure that high taxes on the rich don't hinder economic growth and investment, which can lead to job losses and lower wages for the middle and lower classes. The rich often invest their earnings, creating businesses and jobs, which benefits everyone. Moreover, the idea that the rich easily exploit tax loopholes oversimplifies the issue. Closing loopholes requires careful deliberation to avoid unintended consequences, such as discouraging investments or causing capital flight. A fairer approach might be investing in education, healthcare, and infrastructure for all, rather than only relying on redistributive taxation to address income inequality.",,
78,qwen7b,a4075fda20,2,"While the penny's historical significance and cultural traditions are important, practical considerations weigh heavily against its continued circulation. With cash transactions declining and many prices already rounded to the nearest nickel, eliminating pennies doesn't necessitate retailers pocketing change. Digital rounding solutions can ensure fair transactions. Moreover, the environmental cost of minting and disposing of millions of pennies annually cannot be ignored. Keeping the penny is inefficient and costly, making its removal a rational choice for modern economies.",,
79,phi35mini,ab0de2164f,10,"While the intention to prevent fraud through a multi-tiered system like the Electoral College is commendable, it directly undermines the principle of one person, one vote, which is a cornerstone of democratic values. The Electoral College disproportionately amplifies the influence of smaller states and can result in the selection of a president who does not reflect the majority's choice of the nation as a whole. Beyond that, it can lead to a sense of disenfranchisement among voters in states deemed unwinnable, discouraging participation in democracy. In today's era, where accurate real-time vote counting is possible, maintaining an outdated system only perpetuates a significant flawed representation and risks intrinsic corruption by demotivating voters due to a non-responsive system. The potential for fraud should be handled by improving election security measures nationwide, not through archaic institutional barriers that fail to adapt to contemporary democratic standards.",,
80,mistral7b,8cece9a79d,1,"While I understand your concerns about potential innocence and the humanity of punishment, it's crucial to consider the full context. Forensic advancements, rigorous legal processes, and appeal systems help minimize the risk of wrongful convictions. As for the death penalty, it serves as the most severe punishment for the gravest crimes, acting as a powerful deterrent and providing closure for victims' families.  Regarding prejudices, any system with human involvement can never be fully free of bias, but every effort should be made to mitigate it through unbiased juries, blind justice procedures, and regular reviews. The death penalty, when administered in a fair and just manner, can ensure that those who commit the worst crimes face appropriate consequences. It is important for societies to remember that justice must be balanced with protection and security for its citizens.",,
81,phi35mini,d42f0df203,15,"While it's understandable to prioritize national security, the proposed mass surveillance infringes upon fundamental civil liberties and the right to privacy guaranteed by our constitution. History has shown that such overarching surveillance systems can be prone to abuse and lead to a slippery slope toward authoritarianism. Moreover, the effectiveness of these measures is often overstated – studies suggest that they fail to significantly deter sophisticated threats, instead creating a false sense of security that detracts from community-based security approaches. It's crucial to strike a balance between safety and freedoms; thus, surveillance should be targeted, transparent, and strictly regulated to prevent overreach and preserve our democratic values. The actual prevention of security threats is best achieved through intelligence-led policing that respects individuals' privacy rather than blanket surveillance that puts the entire populace at the government's discretion.",,
82,phi35mini,bc97fa98d6,16,"While it's essential to respect individual autonomy, legalizing abortion raises profound ethical implications concerning potential life. A woman's right to bodily autonomy must be balanced with the moral consideration for the unborn. With advancements in neonatal care, fetuses have a viable chance outside the womb, rendering the argument that abortion should be solely a choice of convenience insufficient. Moreover, invoking dire hardship due to abusive circumstances, whilst important to address, doesn't negate the moral status of the fetus. Alternatives like counseling, social support, and adoption services can provide compassionate options that don't involve terminating a potential life. The choice is not just about fairness to the woman; it also about the broader societal value we place on life and the responsibilities that those choices entail.",,
83,mistral7b,cc6af13856,1,"While I respect your sentiment for personal autonomy, safety and privacy concerns must also be considered. By allowing transgender individuals to use bathrooms consistent with their gender identity, we potentially expose cisgender individuals to situations that may cause discomfort or even harm. There has been a rise in reports of unwanted incidents in shared facilities. Whilst such incidents are rare, they can have significant psychological impact on all involved. As a society, we should strive to ensure a safe and comfortable environment for everyone, including offering alternative solutions like gender-neutral facilities. Our focus should be on balancing individual rights with collective well-being, fostering an atmosphere of mutual respect and understanding.",,
84,phi35mini,33d7a6fa84,14,"While I respect my opponent's commitment to one person, one vote, it's critical to understand the nuanced protections the Electoral College provides. Far from diminishing voter engagement, the system ensures that presidential candidates must secure broad national support, not just major urban centers or populous states. This encourages coalition-building and compromise in a vibrant way that pure majoritarian systems might not foster. Moreover, the Electoral College preserves the voice of smaller states and by extension, their unique political issues ensuring a diverse range of perspectives are represented in government. In fact, data consistently shows voter turnout not adversely affected by the Electoral College—rather, it solidifies commitment to participate, knowing their vote contributes to a balanced and representative outcome. Ultimately, it's about fair and equitable political representation, a core value our system strives to uphold.",,
85,qwen7b,139fd37970,2,"While elected and appointed officials indeed contribute significantly to society, equating their contributions to the need for minimum wage is not a fair comparison. Public service often involves complex responsibilities that go beyond basic labor. Moreover, their roles typically come with substantial benefits such as health insurance, retirement plans, and perks like free office space and security details, which mitigate the financial considerations of a competitive salary. Paying them minimum wage could demotivate excellence and discourage qualified individuals from seeking these positions, ultimately harming public service quality. Therefore, maintaining appropriate salaries for government officials ensures they can focus on governance without financial strain.",,
86,mistral7b,ee6d1d8607,0,"I appreciate the commitment to freedom of speech, but a balance must be struck between uninhibited expression and societal well-being. While legal speech should be allowed, not all expressions are beneficial to the public interest. Governments have a responsibility to protect citizens from harmful or misleading content, such as hate speech, propaganda, or incitement to violence.  In a democratic society, regulations that prioritize public safety and welfare do not stifle free speech but rather ensure a safe and informed online environment where diverse viewpoints can be heard and engaged with. The notion of ""good speech winning over bad speech"" holds true in ideal situations; however, in the digital age, the speed and scale of information dissemination can lead to rapid escalation of harm.  A well-balanced internet censorship framework, informed by democratic values, is essential to protect the most vulnerable from harassment, misinformation, and exploitation, while fostering a space that encourages honest and valuable discourse.",,
87,qwen7b,57a7dcc8ee,8,"While it's true that social media can spread misinformation quickly, this doesn't necessarily make people stupid or incapable. Rather, it highlights a broader issue of digital literacy and the need for critical thinking skills. Social media platforms often provide a wealth of information, encouraging users to engage with diverse perspectives and verify facts themselves. Moreover, these platforms can be tools for education and awareness, fostering a culture where users are more informed and discerning over time. The key lies in how we use these tools, not in dismissing them outright. By promoting digital literacy, we can empower individuals to become more informed and less susceptible to misinformation.",,
88,mistral7b,bd4b41dd26,14,"While I acknowledge the concerns about animal welfare, the use of animals in scientific research has proven instrumental in advancing human health and understanding. First, rigorous regulatory bodies ensure minimal suffering and maximize animal welfare. Second, while there are differences between animal and human systems, animals offer a practical and ethical substitute for human trials, allowing for preliminary testing, hence reducing risks for humans. Lastly, the ethical principles of beneficence (doing good) and justice (fair distribution of benefits and harms) necessitate using animals for research when no alternative exists. In essence, animals serve as invaluable research tools, yet ethically we are morally obligated to minimize animal suffering and maximize the benefits to humans, as long as no viable alternatives exist.",,
89,phi35mini,5c1f9ad402,2,"While I respect your concerns regarding poverty and infrastructure, I argue that investment in space exploration yields significant long-term benefits. Not only does it drive technological advances that eventually spill over into sectors like transportation, climate monitoring, and telecommunications, enhancing infrastructure, but it also stimulates economies by creating high-tech jobs. Funds directed towards space initiatives can lead to unexpected innovations, like GPS technology, which is critical for modern society. Furthermore, the quest to solve existential threats, such as climate change, can be propelled by extraterrestrial-derived knowledge. Fostering a deeper understanding of our planet's place in the cosmos transforms our approach to environmental stewardship. Ultimately, space exploration embodies humanity's inherent curiosity, sparks global cooperation, and inspires future generations. It's an investment in knowledge, global unity, and economic prosperity, not a rival for today's needs.",,
90,phi35mini,a37f4b590f,4,"While humility and inspiration are commendable, they do not justify the immense costs of space exploration. Investing billions in space programs diverts funds from addressing urgent terrestrial issues—healthcare, poverty, climate change—where solving human problems yields direct benefits. The comparison to past space achievements underestimates contemporary financial realities; what was once considered costly may no longer be feasible in a world facing economic austerity. Furthermore, modern technological advancements, like satellite telemedicine, can be enhanced through terrestrial investments rather than expensive missions. Fiction's space themes may spur imagination, yet they must not distract from the imperative investments at our doorstep, which promise tangible returns for humanity's well-being. Redirecting our gaze to Earth and its challenges would be both more pragmatic and philanthropic.",,
91,mistral7b,588d748910,2,"While I acknowledge the potential benefits of AI in healthcare, such as improved diagnostic accuracy and reduced manual workload, it's crucial to consider the broader implications.  Firstly, AI's diagnostic accuracy is largely dependent on the quality and diversity of data used for training. Biases in the training data can lead to disparities in outcomes, especially for minorities. For example, some studies have shown that AI systems perform less accurately for individuals of color in imaging tests.  Secondly, while AI can perform tasks faster than humans, it lacks the ability to understand context and empathize with patients. This can lead to missed opportunities for meaningful, human connection during consultations, which can be vital for patient reassurance and treatment adherence.  Finally, AI's benefits in terms of freeing up time for more important tasks can come at a cost. As AI takes over more tasks, there's a risk of job displacement, particularly for lower-skilled workers. We must ensure that we are not inadvertently creating a society where only the highly-skilled can find work.  In conclusion, while AI has potential benefits in healthcare, we must also address the risks and ensure that we are not inadvertently exacerbating social inequalities.",,
92,qwen7b,d2c02f34fa,19,"While historical discrimination against women in leadership is undeniable, mandating quotas could stigmatize women and hinder genuine meritocracy. Such policies risk perpetuating the very biases they aim to address by creating an environment where qualifications are secondary to gender. Moreover, quotas can undermine female leaders' achievements, making them seem less credible or valued. Instead, fostering inclusive practices like mentorship programs, flexible work arrangements, and unconscious bias training can empower women without the negative consequences of enforced quotas. This approach encourages a culture of equal opportunity and merit-based advancement.",,
93,phi35mini,b1e3b23787,5,"While the concern for student comfort and potential financial strain is valid, school uniforms prioritize equality and reduce socioeconomic disparities. Studies indicate that uniforms can improve concentration by minimizing distractions associated with fashion competition, not inducing nervousness. Uniforms often save families money in the long run by eliminating the need to purchase expensive trendy attire, and many schools have programs to assist those facing financial hardship. Importantly, uniforms instill a sense of community and belonging, which is conducive to a more inclusive and focused learning environment. Rather than exacerbating self-consciousness, they encourage students to focus on individual academic growth, not attire. We must weigh these psychological and financial benefits against the temporary discomfort and expense. It's a small price to pay for a more harmonious educational setting that equips students to succeed academically and socially.",,
94,phi35mini,21e9bd9d38,1,"In response to the points raised, while we recognize the value of rehabilitation, we must also acknowledge that it serves both the public and those who have severely infringed upon it. The death penalty acts as a powerful deterrent and a form of societal justice for heinous crimes, such as premeditated murder, that strip away potential future contributions to our community. Due process does not negate the existence of some cases wherein the death penalty remains the only suitable punishment. Moreover, while absolute certainty in justice is the ideal, it is not always achievable. Nonetheless, our justice system works hard to minimize wrongful convictions through rigorous checks and balances. The endurance of the death penalty is rooted in a sense of ethical retribution recognizable by many, as opposed to the indistinct moral corrosion that might ensue from excessive incarceration. In an era where the cost of life imprisonment burdens the taxpayer heavily, the more efficient option—for both financial and moral efficiency—might sometimes be the death penalty for the most grave offenses. The morality of this process is continuously scrutinized and adjusted by society and legal frameworks to ensure it aligns with our evolving ethical standards.",,
95,phi35mini,e1df31c59a,2,"While your concerns about election security are valid, implementing a national holiday for voting, while beneficial for voter turnout, would not directly address the core issue of election rigging. The reliance on paper ballots has proven effective in numerous democracies and caters to concerns about electronic vulnerabilities. However, the cost and logistics of transitioning to paper could be prohibitive and may not be the most practical solution. Furthermore, while showing ID is a good practice, it is not universally accessible, potentially disenfranchising eligible voters. Instead, SECURITY measures should focus on verifiable digital audits and blockchain technology to track votes securely without sacrificing efficiency. Enhanced, non-discriminatory cyber defense strategies along with post-election audits can offer a robust solution that upholds the integrity of elections without imposing unnecessary financial or bureaucratic burdens. This approach aligns with the principle of innovation in safeguarding democracy while maintaining inclusive accessibility.",,
96,phi35mini,e1e948dbea,6,"While the conservation of ecosystems and protecting biodiversity are essential, a ban on fossil fuels is not a practical or immediate solution to combat climate change. Transitioning to renewable energy sources requires time, vast investment, and technological advancements that currently are not feasible on a mass scale to replace the reliability and efficiency that fossil fuels offer. Additionally, a sudden ban would destabilize economies, especially in regions heavily dependent on fossil fuel industries. Such economic disruptions could lead to social upheaval and job losses without ensuring a viable alternative energy infrastructure. Moreover, renewable energy sources like wind and solar are intermittent and require battery storage solutions that are still under development. Pursuing a gradual transition with a focus on cleaner fossil fuel technologies, combined with stringent environmental regulations and investment in renewables, could be a more balanced approach to meeting our energy needs while protecting our planet.",,
97,phi35mini,df845ee115,4,"While I respect the emphasis on meritocracy and reject gender discrimination, mandatory quotas for women in leadership are precisely aimed at addressing systemic gender imbalances—not about assigning positions arbitrarily. Research consistently shows that diverse leadership teams foster innovation and improve organizational performance. Quotas create a temporary structural requirement that can directly challenge entrenched biases. They ensure that qualified women are considered among all candidates, not denied opportunities due to hidden preconceptions. Furthermore, by setting clear targets, these quotas compel organizations to critically examine their practices and culture for more inclusive hiring and development approaches. They act as a conduit to genuinely merit-based assessments where competencies and talents are recognized without gendered assumptions. Once a more balanced representation is achieved, quotas are no longer necessary, making them just a lever to pry open the door to gender equality rather than a permanent fixture.",,
98,qwen7b,b9a83efb23,10,"While I understand the concern about ensuring a level playing field, using race as the primary factor in admissions introduces its own set of biases and complexities. Merit should be about academic and personal achievement, not demographic characteristics. Racial preferences can inadvertently penalize those who work hard to overcome systemic barriers without regard to their actual qualifications. Instead, we should focus on equitable policies that address underlying inequalities, such as improved K-12 education and financial aid, to truly level the playing field for all students. Diversity can be fostered through a holistic review process that considers a wide range of factors beyond race, ensuring that admitted students will contribute meaningfully to campus communities.",,
99,mistral7b,e60f1726bf,10,"While I appreciate the sentiment for diverse representation, expanding the Supreme Court (the practice known as ""packing"") would not inherently guarantee a more diverse bench. Appointments are made by the President, subject to Senate confirmation, and are influenced by political affiliation rather than demographic factors.  Moreover, a larger Court increases the likelihood of ideological gridlock, making it difficult to arrive at a consensus. This would undermine the stability of our legal system and the predictability of the law. The Court's role is to interpret the law, not to create it based on numerical representation.  Finally, the Founding Fathers designed the Court this way purposely, ensuring that the judicial branch remains independent from the other branches and protected from political whims. Altering its structure would compromise this traditionally important check and balance. Therefore, I argue that we should maintain the current size of the Supreme Court, ensuring its independence and the stability of our legal system.",,
100,qwen7b,6e45f3d730,0,"While it's true that many individuals are adept at using online resources, online learning still struggles to provide the comprehensive and interactive experience of traditional education. Face-to-face interactions allow for immediate feedback, collaborative problem-solving, and social development—key aspects often lacking in online environments. Additionally, not everyone can self-motivate effectively without structured classroom settings, which are crucial for maintaining discipline and engagement. The depth of understanding gained through direct interaction with educators and peers cannot be fully replicated online. Therefore, while online learning complements traditional education, it is not yet a full substitute.",,
101,phi35mini,3aa9e63cc7,16,"In response to the concern that government surveillance infringes on personal freedoms, it's crucial to recognize that security and liberty are not mutually exclusive. Effective national security relies on a delicate balance; protecting citizens doesn't necessitate violating their privacy to the extent that one feels spied upon as in a dystopian regime. Modern technology permits targeted surveillance, focusing on behavior rather than indiscriminate monitoring of individual actions. Moreover, with the presence of checks and balances, including judicial oversight, these measures are aimed at preventing threats, not suppressing democratic participation or beliefs. Guns and military equipment certainly play a role in defense, but these are reactionary measures. Predictive intelligence gathering helps in preventing attacks before they occur, acting as a proactive step towards preserving our freedoms, rather than responding to them violently. Hence, rather than retreating into fears of communism, we can strive for a future where both freedom and security are maintained through thoughtfully regulated surveillance that respects individual rights.",,
102,mistral7b,49f328a841,7,"While I understand the sentiment to support Ukraine against Russia's aggressive actions, providing military aid is a complex issue that requires careful consideration. The US should prioritize diplomatic means and international cooperation over direct military engagement.  Aid may escalate the conflict in Ukraine, risking a wider geopolitical confrontation that could harm both Ukraine and the US. Moreover, US military aid could inadvertently lead to civilian casualties, further destabilizing the region.  Instead, the US should focus on fortifying Ukraine's defense capabilities through non-lethal aid, such as training, equipment, and defensive systems. This approach ensures the necessary support for Ukraine, while avoiding potential consequences of providing military aid that could jeopardize both the Ukrainian people and the strategic interests of the US.  By prioritizing diplomacy and international cooperation, we can preserve global security, minimize potential escalations, and promote long-term stability in Ukraine and the surrounding region.",,
103,mistral7b,29bb915a5b,14,"While I acknowledge the environmental concerns raised, it's essential to consider the broader implications of removing the penny from circulation. The penny serves an essential role in everyday transactions, particularly for low-income individuals, vending machines, and parking meters. Removing the penny could disproportionately impact these groups by making everyday transactions more challenging and potentially more expensive.  Moreover, the environmental impact of the penny comprises a small fraction of overall waste. According to the U.S. Treasury, the production cost of a penny is 1.45 cents, but the value of a collected penny through the National Cent's Program is 2.09 cents. This program recycles pennies and reduces waste in the long run.  Lastly, the cost of transitioning to a pennyless society could be significant. Machinery, technology, and infrastructure would need an overhaul, causing not only financial burdens but also potential disruptions in the economy.  In conclusion, while reducing waste is admirable, it's essential to weigh the benefits of the penny in circulation against the potential disadvantages of its removal.",,
104,qwen7b,8cece9a79d,3,"Your argument raises valid concerns about wrongful convictions, but the complexity of human error does not negate the moral responsibility to punish heinous crimes. The justice system employs rigorous processes to minimize such errors, including DNA testing and appeals. Regarding humane alternatives, life imprisonment without parole offers a fairer and more effective deterrent, allowing for potential rehabilitation and addressing public safety concerns. Additionally, the issue of prejudice is not unique to the death penalty; it exists in all legal systems. Implementing stricter oversight and ensuring fair trials can mitigate these issues. The death penalty serves as a final and irreversible measure, preserving the sanctity of life and justice.",,
105,qwen7b,4a1c988931,19,"Your argument assumes that everyone pays the same tax rate, but in reality, the tax burden is distributed unevenly. The wealthy and corporations benefit significantly from public education, yet they often pay less in taxes per capita compared to middle- and lower-income individuals. Making public colleges tuition-free would actually help level the playing field.  Moreover, lowering barriers to education is crucial for societal progress. Access to higher education should be based on merit and need, not one’s ability to pay. The notion that only ""lazy and entitled"" students attend public colleges overlooks systemic issues like lack of early educational opportunities and support systems. Eliminating tuition fees can incentivize more qualified students to pursue higher education, potentially leading to a more educated and capable workforce.",,
106,qwen7b,8118533b8b,8,"While it's true that standardized tests can cause anxiety for students, these exams serve a critical role in assessing educational standards and ensuring that students have a foundational understanding of key subjects. They provide valuable data for educators to tailor their teaching methods and identify areas where additional support is needed. Furthermore, intelligence encompasses much more than academic knowledge; however, standardized tests do measure important skills such as critical thinking and problem-solving, which are essential for success beyond the classroom. While practical life skills may not be tested, the goal of education should also include preparing students for future challenges. Therefore, rather than discarding standardized testing entirely, we should work to make these assessments less stressful and more comprehensive to reflect a broader spectrum of student abilities.",,
107,phi35mini,3a12303e3b,7,"While it's true that movies sometimes overstate catastrophic outcomes, these narratives underscore a crucial point: we have indeed reached a point where immediate action against climate change is essential. However, advocating for an outright ban on fossil fuels at this juncture is not a viable solution for several reasons. Firstly, a sudden ban would disrupt the economy on a massive scale, leading to severe unemployment and social upheaval. A gradual shift to cleaner energy must be planned and executed with economic compensation and transition programs. Secondly, not all regions or industries have the infrastructure for immediate transition to renewables such as solar or wind power. Instead, we should focus on investing in innovative technologies to reduce carbon emissions, provide cleaner alternatives to coal and oil, and aggressively retrofit existing fossil fuel usage with emissions capture technology. Finally, since no infrastructure is devoid of pollutants today, a blanket ban is impractical. Multi-faceted strategies involving reduction, regulation, and eventual phasing-out are more achievable and less disruptive, allowing us to protect the environment without causing the kind of economic shock some believe is unavoidable.   (Word count: 146)",,
108,qwen7b,f3a8c2231a,14,"While addressing misinformation is crucial, government censorship can lead to significant risks. First, it infringes on fundamental rights such as freedom of speech and press. Second, censorship often fails to effectively tackle misinformation; instead, it may drive content underground, making it harder to monitor and address. Lastly, governments might misuse censorship powers for political control. A better approach involves fostering digital literacy, promoting fact-checking initiatives, and enhancing transparency, which can reduce the spread of misinformation without compromising individual freedoms.",,
109,qwen7b,bf30baa3d5,7,"While it's true that current fossil fuel systems are familiar and sometimes resilient, the urgent need to combat climate change necessitates a shift towards cleaner energy sources. Banning fossil fuels would accelerate innovation in renewable technologies and reduce our dependence on unstable global markets, leading to more stable and predictable energy prices. Moreover, the transition can create new jobs and economic opportunities in emerging green sectors. Ignoring this shift risks exacerbating climate impacts, which can disrupt our economy and way of life far more than fluctuating fuel prices ever could.",,
110,qwen7b,19adb872e9,4,"While it's true that some harmful content, like terrorist propaganda or illegal activities, must be addressed, broad internet censorship can lead to significant civil liberties issues. Censorship often targets dissenting voices and limits free expression, essential for a democratic society. Moreover, it’s challenging to define what constitutes ""bad"" information without subjective judgments. Instead, governments could focus on enhancing cybersecurity measures, promoting digital literacy, and using targeted interventions to prevent misuse of information. This approach respects individual freedoms while still protecting public safety.",,
111,mistral7b,606158ac03,8,"While I acknowledge concerns about potential abuses and violations of privacy, it's crucial to consider the role of government surveillance in safeguarding national security. The threat landscape is increasingly complex, with cyberattacks, terrorism, and organized crime posing significant risks. Proactive surveillance can help prevent these threats, safeguarding our citizens and infrastructure.  Moreover, stringent laws, oversight mechanisms, and transparency can mitigate concerns over abuse. These measures ensure that surveillance is conducted responsibly, within legal bounds, and subject to regular review. By balancing privacy rights with national security needs, a well-regulated surveillance system can serve as a powerful tool to protect our nation.  In essence, the benefits of responsible government surveillance in maintaining national security outweigh the risks of privacy violations, when proper safeguards are in place.",,
112,mistral7b,64741aa620,0,"While I appreciate your perspective on the importance of arts education, I'd like to argue that the emphasis in schools should be weighted more toward science and math. I agree that arts can foster creativity and imagination, but it's crucial to remember that science and math are foundational to innovation, problem-solving, and technological advancements.  In today's rapidly evolving world, a strong foundation in these subjects equips students with skills they'll need for future careers. Science and math allow us to understand the world around us, tackle global challenges, and drive progress. They foster critical thinking and analytical abilities, skills needed in nearly every career field, including those within the arts.  I don't suggest neglecting arts education entirely. Instead, I propose a balanced curriculum that acknowledges the importance of all subjects while prioritizing those most directly linked to future prosperity and the advancement of civilization. By doing so, we ensure our children are well-equipped for both creative pursuits and the scientific and technological challenges they'll face.",,
113,qwen7b,11ca071f20,17,"While it's true that climate science involves complex and evolving data, the preponderance of evidence overwhelmingly attributes recent climate changes to human activities, particularly the emission of greenhouse gases from fossil fuel combustion. This is supported by extensive peer-reviewed research and international scientific consensus. Banning fossil fuels is not an action without precedent; countries and regions around the world have successfully transitioned to cleaner energy sources with positive environmental impacts. Ignoring this progress could jeopardize our ability to mitigate climate change. The lack of certainty should not paralyze us into inaction but rather drive us to take precautionary measures to protect our planet.",,
114,mistral7b,2695b641f0,2,"While it's true that the rich influence market prices, a more progressive tax system does not necessarily lead to an increase in consumer prices. Research shows that corporations and the wealthy have various means to absorb tax increases, such as reduced profits, financial restructuring, or shifting of responsibilities to lower-wage employees.  Moreover, wealthier individuals and corporations tend to have a lower propensity to consume, meaning they will save more of their income than those of lower incomes. This saved money can be invested back into the economy, stimulating economic growth.  Moreover, a progressive tax system with higher taxes on the wealthy can help fund vital public services, social programs, and infrastructure that benefit everyone, not just the rich. This includes education, healthcare, and infrastructure projects, which can contribute to a more equitable and prosperous society. Reducing inequality and investing in our communities is a responsible and sustainable way to ensure long-term economic growth.",,
115,qwen7b,bc97fa98d6,12,"While autonomy over one's body is crucial, the decision to terminate a pregnancy involves complex ethical and societal implications. Denying legal access to abortion does not necessarily mean a woman’s body is not respected; rather, it places undue risk on her physical and mental well-being. Access to safe, legal abortion services ensures medical safety and reduces the likelihood of harmful, illegal alternatives. Moreover, denying women this right can perpetuate inequality, particularly for those already marginalized by economic and social barriers. Ensuring access to comprehensive reproductive healthcare is a matter of justice and public health, not merely personal choice.",,
116,mistral7b,27eaf7a1f6,13,"While I understand your concerns about the penny's logistical challenges and cost-effectiveness, it's essential to consider the cultural, historical, and ethical implications of its removal. The penny, as a foundational unit of our currency, plays a significant role in psychological pricing, helping consumers perceive prices as fair and affordable. Its elimination could potentially disrupt this perception.  Moreover, the penny serves as a valuable tool in rounding transactions, ensuring businesses adhere to exact change practices, reducing customer dissatisfaction. Although the expense of producing pennies may seem high, considering their volume, the cost per transaction is nominal.  Lastly, the practice of shifting quantitative values (e.g., from pennies to nickels) can create more issues than solutions. Inflation would occur as rounding errors accumulate, potentially causing consumer confusion and disadvantaging those who rely on cash transactions the most. Therefore, I propose we find alternatives to address the penny's production costs, such as utilizing a more cost-effective manufacturing process or revisiting the profit margin of companies to mitigate inefficiencies, rather than removing it from circulation.",,
117,mistral7b,7599e228ac,0,"While it's true that animals can provide valuable insights into diseases and biological processes due to their shorter lifespans, there are ethical and practical concerns to be considered. First, the same results may not necessarily translate to humans, as we have unique biological characteristics. Second, animal models often oversimplify the complexity of human diseases, leading to misleading conclusions. Third, the welfare of animals should be a primary consideration. Experiments can cause suffering, and alternatives such as tissue cultures, computer simulations, and ethical human studies can often provide comparable results with less harm. We should prioritize humane research methods and strive to develop more accurate and reliable methods that respect all life forms.",,
118,phi35mini,da63d02753,2,"While the importance of in-person interaction is undeniable, it is a misconception to label online education as wholly unsuitable. Advanced technology can create simulated interactions that foster group discussions and collaborative projects similar to traditional classrooms. With asynchronous learning, engagement doesn't solely rely on synchronicity – students have the flexibility to participate according to their schedules, possibly enhancing their learning experience. Moreover, online platforms offer diverse resources and can cater to individual learning speeds. Research shows that online learners develop self-discipline, time-management skills, and digital literacy, which are increasingly vital. A hybrid model could offer the best of both worlds, integrating the social benefit of face-to-face interactions with the convenience and adaptability of online education. Thus, considering technological advancements and the importance of diverse skill-sets, online learning need not be viewed merely as an imperfect replacement but as a valuable complement to traditional education.",,
119,phi35mini,4e8a7442b7,9,"Rebutting the notion that elected officials should be compensated by the minimum wage, it’s important to consider the vast difference in responsibilities and complexity of their roles compared to minimum wage jobs. Elected officials must navigate complex policy decisions, manage large budgets, and represent diverse interests – tasks that necessitate deep expertise and dedication that goes beyond basic work. The primary function of a government role demands more than understanding the struggle of minimum wage; it requires strategic leadership, legislative knowledge, and often years of preparation and education.  Moreover, having low-paying elected officials doesn't inherently translate to compassion. Instead, it poses a risk that leaders won't advocate effectively, fearing personal financial instability if the minimum wage increases too aggressively. It risks undermining public trust if officials are perceived as not earning what they oversee. A functional government needs elected officials with the income stability to serve without compromising their ability to lead objectively or to secure the financial resources essential for their work. Remunerating these individuals adequately honors their service and fosters an administration with the integrity and capability to navigate and drive sophisticated policy-making for all, including those at the bottom economic strata.",,
120,phi35mini,4958fd2c82,4,"While the desire to ensure fair elections is commendable, my rebuttal stands on caution and the principles of constitutional freedoms. Mandating automatic voter registration and early voting, while progressive, encroaches on personal liberty and autonomy. Such measures could lead unintentionally to infringement on private rights for individuals who do not wish to participate. Furthermore, reducing gerrymandering and encouraging re-enfranchisement for previously incarcerated individuals are ideals that cannot be pursued at the hasty expense of potentially broad and unspecific regulatory measures.  Moreover, the assertion that the Republican party's tactics are solely responsible for turnout differences exposes a single-party perspective that overlooks complexities within the electorate and the diverse strategies employed by both major parties. The imposition of new regulations must balance fairness with the preservation of voter choice and avoid creating a one-size-fits-all approach to a nuanced problem. We must consider not only how elections are conducted but equally how political parties strive to represent their constituents. Imposing sweeping reforms without constructive dialogue between bipartisan sectors risks plugging gaps without a thorough understanding of the ramifications.",,
121,mistral7b,91c656d0a9,9,"While I acknowledge the gravity of the January 6th insurrection and the atrocities committed by hate groups, I argue that imposed limits on freedom of speech could unintendedly lead to more harm than good. These restrictions might be ambiguous and subjective, potentially targeting and silencing marginalized voices while leaving hate speech's root causes undisturbed.  Moreover, instead of stifling harmful speech, efforts should focus on promoting education, empathy, and open dialogue. By fostering understanding and critical thinking, we can empower individuals to combat hate speech and develop more resilient and inclusive communities. Ultimately, such strategies may effectively tackle the underlying causes of hate speech without restricting fundamental human rights.",,
122,mistral7b,5319eb5029,17,"While it's true that countries differ in their capabilities and historical emissions, the severity and global impact of climate change necessitate collective action. International agreements provide a framework for shared responsibility, allowing countries to pool resources and cooperate on solutions, such as technology exchange and funding for sustainable development.  Furthermore, higher emissions countries have a moral obligation to lead and invest in mitigation efforts, considering their disproportionate contribution to the problem. It's important to remember that the impacts of climate change, like extreme weather events and sea-level rise, are global, affecting everyone, regardless of their role in causing it.  Regarding infringement on sovereignty, it's essential to recognize that climate change poses a direct threat to national security and development goals. International agreements, therefore, do not limit self-determination, but rather offer an avenue for cooperation in addressing a common enemy. Lastly, while transitioning to a green economy may initially present challenges, it also presents opportunities for long-term economic growth by fostering innovation and creating new industries. Adopting international climate policies can ultimately put all countries on the path to a more sustainable and prosperous future.",,
123,phi35mini,f8c182ff75,9,"While national security is undeniably vital, the argument for ubiquitous government surveillance as the sole protective measure is flawed. Invasive surveillance measures often compromise civil liberties and can incite an environment of distrust rather than one of security. Not to mention, over-surveillance risks the erosion of privacy, fostering a surveillance state. It is essential to differentiate between targeted surveillance based on reasonable suspicion and mass surveillance without probable cause. Moreover, history has shown us that not all security threats are preempted by surveillance—many are preempted by community policing and intelligence-led strategies. Additionally, the reliance on TSA-style deterrence overlooks the importance of robust, intelligence-driven counter-terrorism efforts where surveillance acts as one tool within a broader, collaborative framework that respects individual rights. Safeguarding our nation requires a balanced approach that does not sacrifice our freedoms or give rise to a climate of fear and paranoia.",,
124,qwen7b,29bb915a5b,19,"While it's true that some people may discard extra pennies, suggesting that this makes them wasteful overlooks several factors. The production and distribution of coins have efficiencies that extend beyond just pennies. Moreover, the environmental impact of removing pennies from circulation could be significant, as it would require replacing them with more energy-intensive materials like paper or plastic. Additionally, pennies serve a critical role in smaller transactions where exact change is necessary, particularly for cashiers who need to give change efficiently. Removing pennies could lead to inefficiencies and increased costs for businesses. Thus, the overall environmental and practical benefits of keeping pennies in circulation outweigh the minimal waste issue.",,
125,phi35mini,081c655876,14,"While it's true that both Washington, DC, and Puerto Rico are integral to the American identity, federal statehood does not necessarily equate to better responsiveness. Granting statehood to Washington, DC, risks disrupting the orderly governance that its unique status provides, which includes having a non-voting representative rather than complete assimilation into the bicameral legislative system that states operate under. This might catapult congressional politicking and could even exacerbate partisanship.  Furthermore, regarding Puerto Rico, it's essential to acknowledge its complex political identity and the potential setbacks statehood may cause. Granting statehood would complicate America's intricate political landscape, where federal and local laws must be continually harmonized. Moreover, it also introduces the challenge of reconfiguring the economic systems, assuming a different currency, and adopting diverse policies that may not align with the established norms of the rest of the nation. True inclusivity doesn't require assimilation; it requires respectful accommodation within the existing federal structure that respects the autonomy and distinct identities of territories like Washington, DC, and Puerto Rico.  Finally, we must consider fiscal realities and potential shifts in distribution of federal funds; local economies may not sustain the influx of increased federal assistance that comes with statehood. Plus, the precedent for accepting a city as a state could lead to dissent and calls for similar treatment for other sizable but distinct political bodies such as major cities, which could fragment federal representation and undermine cooperative federalism principles.  Therefore, rather than absorbing territories into a state model, the US can uphold democratic values by protecting their current status, which permits a tailored approach to governance, sensitive to their unique cultures without",,
126,mistral7b,9d61f4e4ff,2,"While I understand your concerns about the potential impacts on self-reliance and work ethic, it's essential to consider the broader social and economic context. Universal Basic Income (UBI) is not about promoting idleness, but rather providing a safety net to ensure everyone meets their basic needs. This can empower individuals to pursue education, develop skills, and pursue opportunities without fear of poverty or instability.  Moreover, UBI can stimulate economic growth by increasing consumer spending and reducing income inequality, which often stifles social mobility. By ensuring a minimum income floor, we can foster a more equitable and productive society. Furthermore, UBI can provide a buffer during economic downturns, helping individuals weather difficult times without relying on welfare or charitable assistance.  In this way, UBI does not seek to replace work but to create a more comprehensive safety net that allows individuals the freedom to focus on skill-building and personal growth without the fear of destitution. Ultimately, UBI can pave the way for a more compassionate, equitable, and economically robust society.",,
127,qwen7b,f8e82e50de,4,"While the tradition and historical stability of the Electoral College are important, they do not outweigh its inherent unfairness. The current system disproportionately amplifies the voices of less populous states at the expense of more populated ones. This is particularly evident in how small states can exert significant influence due to their individual electoral votes, which is disproportionate to their population. Moreover, the Electoral College often leads to ""winner-takes-all"" dynamics in states that overwhelmingly favor one candidate, diminishing the impact of the votes of millions of citizens. A direct popular vote would ensure that every single citizen’s vote counts equally, fostering a more democratic and representative outcome.",,
128,mistral7b,218279db99,10,"While I acknowledge the gravity of the climate change challenge, I argue that overreliance on international agreements may hinder progress more than help. These agreements often face challenges such as unequal distribution of responsibilities, lack of enforcement mechanisms, and potential exploitation by non-compliant nations. Additionally, the complexity and time-consuming nature of international negotiations can slow down much-needed action.  A more effective approach could be a combination of national policies, technologies, and innovation, supported by international cooperation, but not dictated by rigid agreements. This would ensure that each nation takes responsibility according to its capabilities and prioritizes the well-being of its own citizens, while still working together to share best practices and advance collective knowledge. A diverse, bottom-up approach, rather than a top-down one through international agreements, may prove more flexible, efficient, and equitable in addressing climate change.",,
129,qwen7b,7b0d4834e1,4,"While it's understandable to be concerned about the safety of American military personnel, providing strategic military aid is a responsible way to support Ukraine without directly sending U.S. troops into combat. This aid can help level the playing field against Russian aggression and potentially prevent a wider conflict. Moreover, supporting Ukraine strengthens NATO solidarity and deters future Russian aggression. We should not underestimate the risk Russia poses to regional stability and global security. Alternative forms of support might be less effective in this high-stakes situation.",,
130,mistral7b,9f09924a05,0,"While it's true that many people find pennies inconvenient and often disregard them, this argument overlooks their economic and symbolic importance. Pennies, being the smallest U.S. currency, serve as an essential unit of currency within our monetary system. Removing them could disrupt this consistency, potentially causing confusion and inefficiency in transactions.  Furthermore, for those who rely on cash, such as the economically disadvantaged, elderly, or unbanked, pennies represent tangible value. Their removal could disproportionately impact these communities, making daily living expenses more challenging.  Additionally, the exchange of pennies helps stimulate the economy by creating a constant supply of change, which is essential for microtransactions.  Lastly, pennies serve as a reminder of the value of every dollar. Their continued presence serves as a symbolic reminder of thrift and responsible spending, reinforcing the importance of valuable expenditure. Therefore, we should consider the implications before deciding to remove the penny from circulation.",,
131,phi35mini,7e2e5457c3,4,"While my opponent argues for the empathy of paying government officials minimum wage, the heightened responsibility figures demand above-average compensation. Elected officials are charged with decision-making that impacts millions, requiring expertise, detailed analyses, and relentless dedication that far exceeds a minimum wage task. By limiting their pay to poverty wages, we risk demotivating a class of individuals whose decisions on taxation, regulation, and public spending profoundly influence national welfare. Moreover, mandatory minimum wage pay can create budgetary tensions as funds are redirected from essential public programs. Rather than avoiding income, officials should be incentivized to excel, directly contributing to society's progress by allowing them to maintain higher living standards and focusing taxpayers' resources on the public good, not sustenance.",,
132,phi35mini,ee6d1d8607,16,"While I understand the desire for unrestricted online expression, the reality of harmful misinformation, propaganda, and threats necessitates governmental oversight for the protection of its citizens. Freedom of speech is a fundamental right, but not an absolute one; it operates alongside legal responsibilities such as respecting others' rights and adhering to established laws. Without censorship, platforms may become conduits for hate speech, terrorism, and cyberbullying, which can cause real-world harm. Governments, when transparently and strictly, moderate content to prevent such dangers, without stifling valid discourse. To foster a healthy digital environment, governments should maintain a balance between upholding free speech and implementing responsible censorship that safeguards public welfare. It is not about silencing dissenting voices but ensuring that speech which can undermine the fabric of society does not go unchecked.   (Word Count: 105)",,
133,phi35mini,c294336ad1,8,"While recognizing the importance of learning more about our cosmic surroundings, it's critical to assess the immediate and tangible benefits of space exploration against stark financial and opportunity costs. Direct investment in pressing global challenges such as climate change, healthcare, and poverty cannot be overlooked. Knowledge of celestial objects, though scientifically enriching, may offer scant assurance against existential threats faced on Earth, with more direct and immediate dividends unrealized. Moreover, the resources poured into space often leave a relatively minor footprint in advancing technologies that could address issues within our current planetary system. The benefits of space investment remain uncertain and long-term, diverting potential progress from solving Earth's pressing problems that demand urgent attention and fiscal responsibility.  (Word count: 97)",,
134,phi35mini,211c678362,1,"While concerns about bias and educational equity are valid, standardized testing when implemented responsibly can serve as a valuable benchmark. These tests have the potential to identify specific areas where students lack understanding, allowing educators to tailor teaching strategies accordingly. Beyond just memorization, modern assessments are increasingly focusing on critical thinking and problem-solving—skills essential for real-world application.  Moreover, the link between funding and test scores is not an inevitability. Advocating for training programs can enhance teachers' abilities to raise test scores in all neighborhoods. Funding disparities indicate a systemic issue, and standardized tests do not have to perpetuate that. Instead, they can illuminate it, driving targeted interventions where they are needed most.  By utilizing standardized tests as one tool within a diverse education landscape, we ensure accountability without over-reliance on a single metric. Tests can incite necessary improvements in teaching methods, encourage curriculum alignment, and give stakeholders a clearer picture of academic achievement levels across the board.  In conclusion, while the argument against their inherent biases is strong, they don't negate the potential benefits of school-wide standardized testing when checks and balances are in place. It's about fostering educational excellence and equitable growth, not solely levelling out the scales.",,
135,qwen7b,7a34bd9cc4,19,"While it’s true that animals are often used as proxies for human experimentation, this does not justify their use in scientific research. Using animals is not an ethically neutral alternative to harming humans; it’s a form of animal cruelty. Moreover, animal models do not perfectly replicate human biology, leading to inaccurate conclusions. Additionally, viewing animals as mere tools for human control undermines their inherent value and suffering. Ethical considerations require us to explore alternatives like in vitro testing, computer modeling, and human volunteer studies. These methods are more humane and can yield equally valuable results, thus advancing both science and ethics.",,
136,mistral7b,139fd37970,19,"While I commend your recognition of the significant societal contribution made by government officials, I argue that implying they should receive minimum wage isn't a fair reflection of their responsibilities and requirements. Government officials, unlike typical minimum wage workers, possess a broad scope of influence, decision-making power, and carry immense responsibility. They need to be paid competitively to attract qualified individuals and prevent conflicts of interest. Setting minimum wage standards, designed for low-income jobs, may not adequately compensate officials for the complexity of their duties. In other words, we should strive for fair and appropriate compensation for government officials that neither underpays nor overpays them, considering the public trust, education, and experience they bring to their roles.",,
137,phi35mini,25f22f89be,3,"While standardized testing does streamline assessment, it helps ensure that every student, regardless of socioeconomic background or classroom differences, receives an objective evaluation of their knowledge base. Standardized tests can highlight gaps in learning and ensure accountability for schools nationwide. They also promote fairness by keeping everyone to the same benchmark, preventing subjectivity in evaluation. The idea that these tests hinder creative learning is a misconception. Incorporating critical thinking and problem-solving elements within standardized tests can encourage these very skills. Moreover, not all students experience unnecessary stress, and with proper support, they can perform authentically. Boredom from advanced students is mitigated through differentiated tasks within tests, ensuring that intellectual growth is fostered. Ultimately, standardized testing can coexist with individualized learning approaches to holistically measure and enhance student development.",,
138,mistral7b,1294d89d1c,12,"While I understand your concerns about the harmful and misleading content on the internet, I believe that government censorship is not the solution. In a free society, we must rely on self-regulation, education, and the power of critical thinking to navigate the internet effectively.  Censorship can suppress free speech, limit our access to diverse perspectives, and ultimately lead to information control. This could stifle innovation, intellectual growth, and dissent. Furthermore, governments are not foolproof in their decision-making, and subjective judgements may lead to over-censorship or censorship of content that should be permitted.  Instead, we can promote digital literacy, encourage open discussion, and develop effective mechanisms for reporting and removing harmful content. This approach empowers individuals while preserving the principles of free speech and access to information. Additionally, it is crucial to question the information and identify its sources to avoid being misled by false or misleading content. Let's work towards a more informed digital world, without sacrificing our fundamental rights and freedoms.",,
139,qwen7b,6251d60aee,6,"Your concern about social interaction is valid, but it doesn't fully address the comprehensive benefits of online learning. Online platforms can indeed foster social skills through virtual group projects, webinars, and discussion forums. Moreover, online education often emphasizes digital literacy and collaboration tools, preparing students for a tech-driven future. While face-to-face interactions are important, online learning complements traditional methods rather than replaces them entirely. It allows for flexible scheduling and access to diverse educational resources, enhancing the overall learning experience. Therefore, online learning is a suitable replacement for traditional education, particularly when integrated with interactive social elements.",,
140,phi35mini,a075e97191,4,"I understand the concerns about redistricting and the balance between regulation and voter participation. However, fair election regulations are not about suppression but safeguarding the democratic process. Redistricting, when done in good faith, combats gerrymandering and ensures that every vote has equal weight. Regulations like independent redistricting commissions can mitigate biases. Yes, some may resist change, but current laws often fall short on preventing vote-buying and misinformation, which erode legitimacy. Enhancing electoral integrity does not necessarily diminish voter turnout; it builds public trust in the system. Strong regulations can increase confidence in the results, thus encouraging wider participation. By protecting our elections, we uphold the very foundation of our representative democracy. Reforms do not inherently devalue votes; instead, they affirm each citizen's commitment to fairness and transparency in government elections.",,
141,qwen7b,e60752102c,15,"While individual desires and historical milestones are important, these alone do not justify significant investment in space exploration. The high costs of space programs often divert funds from more pressing terrestrial needs such as healthcare, education, and infrastructure. For instance, NASA’s budget could fund numerous critical domestic programs multiple times over. Moreover, the practical returns on investment in space technology are questionable. Many argue that similar innovations can be achieved through Earth-based research and development at a fraction of the cost. Thus, while space exploration may satisfy some curiosity, it does not necessarily represent a worthwhile investment for humanity in terms of overall economic and social benefits.",,
142,qwen7b,9fd9cf6412,1,"While it's true that America has a troubled history with race, focusing solely on race in admissions can inadvertently create new forms of discrimination. Using race as the sole criterion can undermine merit-based admissions, potentially admitting less qualified candidates over more deserving ones. This approach may not address underlying socioeconomic issues effectively. Instead, colleges should focus on holistic admissions that consider a wide range of factors, including socioeconomic status, geographic diversity, and personal achievements, to foster a truly inclusive and equitable student body.",,
143,mistral7b,07ba8e2a6c,8,"While I concede that AI could potentially contribute to societal advancement, we must also consider the long-term consequences of increased AI integration. The shift of jobs from human hands to machines could exacerbate income inequality, as those without the skills to create and manage AI may be left behind.  Moreover, AI's decision-making processes, which are based on data and algorithms, can sometimes lack the nuance and empathy inherent in human decision-making. This could result in unintended biases, ethical dilemmas, and even restrict societal progress by preventing us from learning and growing as a species.  Lastly, the rapid development and increasing prevalence of AI also raises serious concerns about privacy, security, and accountability. In the wrong hands, AI could pose a threat to individual freedoms and even national security.  Therefore, while AI may offer temporary benefits, it's crucial that we approach its integration with caution, addressing these concerns proactively to ensure a future where AI truly benefits society as a whole.",,
144,mistral7b,9fd9cf6412,19,"While I acknowledge the dark chapters of our nation's past, it's crucial to approach the present and future objectively to foster growth and equality. Affirmative Action, as it currently stands, often leads to the prioritization of race over individual merit and qualifications. This practice can perpetuate stereotypes and undermine the educational experience for all students.  Instead, colleges should focus on holistic admissions processes that value diversity in its many forms. This could include cultural background, socioeconomic status, geographic origin, and first-generation student status. By doing so, we can promote a richer, more inclusive campus environment without sacrificing academic rigor or fairness. Let's work towards a future where all students are admitted based on their potential and readiness to contribute to the learning community, rather than their race.",,
145,mistral7b,b6bea2645f,14,"While I acknowledge the long-term potential of transitioning to renewable energy, a sudden ban on fossil fuels in the US would likely have devastating economic and societal consequences. Rapid phasing out of fossil fuels could lead to job losses in industries that are crucial to millions of American families. Additionally, developing countries may not be able to afford the switch to renewables, making it challenging to achieve global carbon reduction targets.  Moreover, our current renewable energy infrastructure is not yet mature enough to replace traditional energy sources entirely. Dependence on renewables can lead to unpredictable energy supply due to the intermittent nature of solar and wind power. Until we have reliable storage solutions and a robust renewable infrastructure, a complete ban on fossil fuels would be premature and unrealistic.  Instead, we should focus on incentivizing innovation, improving efficiency, and researching alternative energy sources. This balanced approach would allow us to minimize carbon emissions without jeopardizing our economy and energy security. After all, a strong and sustainable economy will provide the resources necessary to tackle climate change effectively in the long run.",,
146,phi35mini,9d61f4e4ff,19,"In opposition to this viewpoint, universal basic income (UBI) recognizes the inherent worth of all individuals, offering them dignity and security, not entitlement. Modern economies have evolved past the rigid labor-for-wages paradigm; with automation and AI reshaping job landscapes, UBI isn't undermining drive but rather providing a stable platform upon which to develop new skills and adapt. By assuring a safety net, it frees people to pursue creative, educational, or entrepreneurial endeavors, fostering innovation and growth. Furthermore, UBI addresses baseline needs and inequality, which can benefit society by freeing individuals from the cycle of poverty—a catalyst for crime and social unrest. Instead of viewing it as a step backward, UBI can be seen as a progressive stride towards a more resilient, equitable world. It comes with the expectation of continued personal and communal growth, rather than detracting from the value of hard work. By ensuring all citizenry has some means, we're building a society where every member can contribute meaningfully, thereby collectively enhancing productivity and cultural development.",,
147,qwen7b,91c656d0a9,1,"While I understand the concern about hate speech leading to significant issues like the January 6th insurrection, imposing limits on freedom of speech is a slippery slope that can undermine our democratic values. History shows that restrictions often lead to censorship of legitimate dissent and criticism. Moreover, defining what constitutes ""hate speech"" is inherently subjective and can be used to silence minority voices. Instead, we should focus on robust education and critical thinking programs to address the root causes of harmful ideologies. This approach respects individual liberties while fostering a more informed and empathetic society.",,
148,mistral7b,c0ba0e842f,9,"While I agree that social media platforms operate on a capitalistic model, it's essential to consider the potential for positive impact on critical thinking as well. The algorithms, designed to personalize content, can also result in users exploring diverse viewpoints they might not encounter offline. This exposure encourages critical thinking as users evaluate the credibility and veracity of multiple perspectives.  Moreover, contrary to the claim that platforms do not encourage opposing views, many have implemented fact-checking and educational tools to combat misinformation. These measures, if used effectively, can stimulate critical thinking and foster informed decision-making.  Lastly, it's important to remember that humans are responsible for their own actions. Social media, while influencing behavior, does not possess the power to render individuals 'stupid'. Personal responsibility and critical discernment in consumerism are crucial to navigating the information Age. Therefore, it's not social media that makes people stupid, but rather the users who fail to exercise critical thinking and selectively engage with information.",,
149,qwen7b,59a3a5d43f,11,"Your argument overlooks several critical benefits of a universal basic income (UBI). First, UBI simplifies the welfare system by reducing bureaucracy and eliminating means testing, which can be intrusive and stigmatizing. Second, it boosts economic stability for all citizens, providing a safety net that can stimulate consumer spending and economic growth. Third, it addresses the needs of working individuals who still struggle financially, such as those in precarious jobs or earning minimum wage. Lastly, a flat rate ensures that everyone has some financial security, regardless of age or employment status. A UBI is not about subsidizing the wealthy; rather, it aims to provide a foundational income floor that supports basic human dignity and freedom.",,
150,phi35mini,f2dc472681,11,"While well-intentioned, the reliance on standardized testing oversimplifies educational success and misallocates resources. First, it fails to accommodate the diverse abilities and learning styles of individual students, often leading to a one-size-fits-all measure that neglects deeper intellectual and creative competencies. Second, the correlation between test scores and the effective allocation of funding is tenuous at best. Merely identifying students who ""need more help"" doesn't account for the holistic nature of educational support, such as nurturing socioemotional skills or offering enriching extracurricular opportunities. Far from being a solution, standardized testing prescribes a reductionist view of education, potentially stifarking curiosity and discouraging educators from providing tailored, enriching instruction. Instead, we should invest in qualitative assessments that celebrate a broad spectrum of talents and learning modalities, redefining success beyond the constraints of standardized tests.",,
151,qwen7b,deff7fa553,19,"While making public colleges tuition-free does come with challenges, these can be addressed through strategic policies. Addressing the cost concern, governments can fund this initiative by reallocating resources from less effective areas like tax breaks for the wealthy. Regarding classroom quality, we can invest in infrastructure and hire more teachers, ensuring that free education doesn't compromise educational standards. Moreover, this approach directly benefits those who need financial support the most, reducing student debt and opening doors to higher education for underprivileged students. Ultimately, the long-term benefits of an educated populace—such as increased economic growth and social mobility—far outweigh the initial costs.",,
152,phi35mini,6251d60aee,1,"While social interaction is undeniably crucial to our development, it need not be the only aspect of education. Online learning frameworks are advancing rapidly, with platforms utilizing video and voice chat to foster real-time collaboration among students. Additionally, studies have shown that when correctly implemented, online courses can effectively teach complex subjects like math and science. Various experiential learning techniques like virtual labs allow for interaction that mirrors the collaborative nature of traditional classrooms. Moreover, online learning provides a level of accessibility invaluable to diverse populations who might not benefit from geographic or socioeconomic barriers. We can teach social norms and interactions alongside academic content through curated digital teamwork projects, simulation games, and international student exchange forums. In essence, online education, with the right structure and supplementary programs, can serve as a comprehensive and effective alternative to traditional learning.",,
153,qwen7b,606158ac03,10,"While it's true that there is a risk of abuse and privacy violations with government surveillance, these concerns can be mitigated through strict regulations and oversight mechanisms. The benefits of effective surveillance, such as preventing terrorist attacks, stopping the spread of misinformation, and deterring criminal activities, cannot be overlooked. History has shown that without robust surveillance measures, nations are more vulnerable to threats. By implementing transparent policies and ensuring accountability, governments can balance security needs with individual rights, making surveillance a crucial tool for national security.",,
154,qwen7b,cabbe5aa0b,1,"Expanding the Supreme Court to add justices might seem like a quick fix, but it introduces significant risks. Adding judges could politicize the Court further, leading to a less impartial judiciary. The current system ensures a balance through lifetime appointments and staggered terms, preventing the political winds of each election from swaying the Court’s composition. Moreover, a larger court could result in more divided opinions and less clarity on legal principles, undermining the Court’s authority and predictability. Lastly, expanding the Court doesn’t address the underlying issues of efficiency; instead, it shifts the problem to a larger body, potentially slowing down decision-making rather than speeding it up.",,
155,mistral7b,8597060269,16,"While I understand your concern for the potential domino effect of territorial disputes, it's important to consider the complexities and historical context of the Ukraine-Russia conflict. Providing military aid to Ukraine should not be viewed as a blank check for the US to meddle in every regional dispute. Instead, it's about upholding international law and fostering stability in Europe.  It's true that many smaller countries watch this conflict closely. However, it's crucial to remember that diplomatic solutions and collective security can effectively supersede the use of force. It's counterproductive to rush to military intervention without exhausting diplomatic options, which might further escalate tensions and compromise regional security.  Moreover, I disagree that this conflict is purely about a grand scheme. Russia's annexation of Crimea, an internationally recognized part of Ukraine, and ongoing military aggression cannot be justified as self-defense. By focusing on Russia's claims of provocation, we risk undermining the principle of territorial integrity, which is essential to maintaining peace and stability in the international system.  Hence, rather than providing military aid to Ukraine, I propose a renewed international commitment to diplomacy, de-escalation, and respect for Ukraine's sovereignty and territorial integrity. This approach is more likely to ensure long-term peace and security in the region.",,
156,mistral7b,59a3a5d43f,0,"While I understand your concern about the potential misuse of resources, a universal basic income (UBI) is not intended to be a subsidy for the wealthy, but a safety net for all citizens, ensuring basic needs are met. Means testing can lead to bureaucratic inefficiencies and inconsistencies. A UBI, on the other hand, offers simplicity and universality, supporting everyone equally.  Concerning age requirements, while we'd want to avoid a system where children receive payments, setting age limits would require a complex verification process. A UBI could instead focus on resourcing those who've entered the workforce and need support.  In regards to those employed and making a comfortable living, the UBI's main purpose is to fill gaps for those who are underemployed, have substantial expenses, or face income insecurity. While a UBI may not significantly impact the high-earning, it can dramatically improve the lives of the less fortunate. A UBI enables more financial stability and stimulates economic activity, providing valuable benefits across the socioeconomic spectrum.",,
157,qwen7b,e1e948dbea,2,"While it's true that fossil fuels are finite, completely banning them now could have severe economic repercussions without adequate transition plans. The global economy is heavily dependent on fossil fuels, and abrupt changes could lead to job losses and economic instability. Moreover, focusing solely on bans may overlook technological advancements in clean energy that can mitigate environmental impacts more effectively. We should support research and development in renewable energy technologies alongside responsible fossil fuel use, ensuring a balanced approach to combating climate change without crippling our economy.",,
158,mistral7b,83079a3bb4,19,"While understanding your concern about potential perceived reverse discrimination, it's crucial to consider the current under-representation of women in leadership roles. Mandatory quotas serve as a short-term measure to address this imbalance and ensure diversity, which research suggests can lead to improved decision-making and organizational performance.  The ""unfair advantage"" argument assumes that all women and men are equally qualified in all situations. However, because of social and institutional biases, women may face barriers to career advancement that men do not. Quotas help to level the playing field.  Regarding morale, studies show that diverse workforces can boost morale, as they promote inclusivity and the possibility of role models for underrepresented groups, including women.  As for implementation, challenges indeed exist, but they are not insurmountable. With clear guidelines, transparency, and dedication to equality, quotas can be effectively enforced. The long-term benefits of a more equitable leadership landscape vastly outweigh these challenges.",,
159,mistral7b,e903c10ef7,16,"While I understand your concern about potential misuse of funds, providing a basic income is not necessarily about enabling dependence, but rather about ensuring every citizen has a safety net and a basic standard of living. Many people today struggle in well-paying jobs due to mounting expenses, such as housing and education costs. A basic income can help alleviate these pressures, enabling individuals to focus on skill development, entrepreneurship, or caregiving without falling into poverty. Plus, it stimulates the economy by increasing consumer spending and can reduce reliance on welfare systems, ultimately saving taxpayer dollars. It's not a question of handouts, but rather an investment in our collective future. A universal basic income can empower people to reach their full potential and improve overall well-being.",,
160,phi35mini,29bb915a5b,5,"While the concern for waste is valid, phasing out the penny could lead to a more practical and streamlined economy. The cost of production, including metal and labor, exceeds the penny’s value, making its use inefficient. Moreover, the majority of businesses accept pennies, but then round prices up, effectively negating their monetary worth. A reallocation of the resources used to produce pennies could be put to more productive use, potentially creating jobs and investing in more sustainable sectors. Additionally, modern technology could facilitate the acceptance of alternative currency systems with minimal impact on consumers' daily lives, thus preventing any significant increase in waste in the process. Ultimately, discontinuing the penny aligns with a progressive economy that prioritizes efficiency and resource management.",,
161,mistral7b,bf30baa3d5,19,"While I understand your concern about the familiarity and efficiency of current energy solutions, it's crucial to consider the long-term implications. Yes, fossil fuels are reliable in the short term, but their continued use contributes significantly to climate change, a problem out of our control if we don't act.  Fossil fuel prices can spike due to geopolitical events, as you've mentioned, but the real cost is the long-term environmental damage they cause. Transitioning to renewable energy sources like wind, solar, and hydroelectric power can insulate us from these price fluctuations by making us less reliant on volatile, foreign oil markets.  Moreover, investing in renewables stimulates our economy by creating jobs in emerging, high-tech sectors. A ban on fossil fuels would force us to embrace a sustainable future, securing energy independence, safeguarding public health, and preserving our planet for future generations.  Let's transition for the sake of a better, more secure future. It's not just about flipping a switch; it's about prioritizing the health of our planet and our children's future. Together, we can navigate this transition and secure a cleaner, more prosperous world.",,
162,mistral7b,43de790f83,6,"While AI has undoubtedly made advancements in efficiency and speed, its impact on society is not uniformly positive. The over-reliance on AI for tasks once performed by humans poses a significant risk to job markets, potentially causing widespread unemployment, particularly in industries with high automation potential.  Moreover, AI can reinforce existing biases found within the data it learns from, leading to discriminatory outcomes in areas like hiring and law enforcement. For instance, if AI is trained on historical data showing fewer women in STEM fields, it will inadvertently perpetuate stereotypes by suggesting fewer women for similar positions.  Lastly, as AI takes over more tasks, we risk losing valuable human connections. Tasks that require empathy, creativity, and emotional intelligence are essential parts of human life and should remain so. In a world where everything is analyzed, predicted, or automated, we should beware of losing the inherent human touch that sets us apart.",,
163,phi35mini,e903c10ef7,18,"I appreciate my opponent's view, but we must consider the many nuanced reasons why a basic income could benefit society. Firstly, not everyone has the same starting point in life due to systemic issues, disabilities, or economic downturns, which can impede access to resources. Basic income ensures a safety net for all citizens, fostering a more egalitarian society.  Your point on financial self-reliance underestimates the realities of a modern economy where job security is diminishing and gig work is on the rise. With the advent of automation, many roles may disappear, leaving individuals vulnerable despite their capabilities. A basic income offers a buffer during transitions.  Regarding the concern of potential wastage, pilots in various countries have shown promising results, demonstrating that recipients often use the funds to improve their lives, whether through education, health, or simple quality-of-life upgrades. This suggests that basic income isn't a handout but an investment, with the potential to stimulate local economies and reduce long-term dependency on social services.  Finally, linking laziness to a need for help stigmatizes the financially insecure, thereby ignoring the dignity every human deserves when facing adversity. We should aim for compassion and empowerment, not judgment and punishment. A basic income could be a stepping stone towards more significant societal progress for everyone.",,
164,phi35mini,bf30baa3d5,0,"While it's understood that fossil fuels have historically underpinned the American economy and our current infrastructure provides a level of energy stability, clinging to such resources in the face of climate crisis is unsustainable. Yes, gas prices fluctuate due to geopolitical events, but this volatility also demonstrates our dependence on a finite, polluting resource that is not viable long-term. Transitioning away from fossil fuels is not about upheaval; it's an inevitable evolution towards renewable energy sources that can provide a consistent and cleaner supply. Technological advancements in wind, solar, and bioenergy are overtaking the performance of traditional fuels in many areas. Moreover, investing in alternative energy can spur economic growth, create jobs, and secure energy independence. The proven risks and environmental costs of continuing fossil fuel use outweigh the temporary discomforts of change. We must adapt to protect our planet and future generations from the dire consequences of climate change.",,
165,mistral7b,23bb76c864,4,"While I respect your viewpoint, I strongly disagree with the notion that women should only be considered for leadership positions when their expertise is deemed necessary. This perspective not only reinforces outdated gender stereotypes but also undermines the potential benefits that a diverse leadership can bring.  Multiple studies show that diverse teams, including those with gender diversity, exhibit improved innovation, decision-making, and problem-solving skills. Mandatory quotas for women in leadership positions aim to bridge the gender gap, foster a more inclusive work environment, and unlock these benefits for organizations.  It's crucial to remember that qualified women are scarce in leadership roles due to systemic biases and barriers. Mandatory quotas can help address these issues by promoting equal opportunities and providing role models for future generations of women leaders.  In conclusion, it's essential to move beyond the belief that women's leadership capacity is only valuable when it addresses specific needs. Instead, let us embrace the idea that a diverse leadership will only bring about more innovative and successful organizations.",,
166,phi35mini,b726d14591,14,"Rebuttal:  While personal freedom is undeniably important, mandatory national service can be structured to maximize individual liberty and societal benefit. Our country thrives on collective strength, and shared responsibility ensures that no single citizen is burdened with the weight of national interests. Through compulsory service, individuals contribute to a strong, cohesive defense, healthcare system, and educational framework. Positive engagement during service fosters a spirit of patriotism and community. It teaches gratitude, purpose, and the values that underpin our democracy. Moreover, the program can offer alternatives and exemptions, acknowledging the diversity of personal development goals, with a strong emphasis on ensuring that coerced service truly serves public interest. By carefully balancing individual freedoms with collective responsibilities, mandatory service becomes not an imposition, but a transformative experience that enriches both the participant and the nation as a whole.  (Word count: 134)",,
167,qwen7b,5319eb5029,4,"While it's true that different countries have varying needs and capabilities, international agreements can include flexible frameworks that account for these differences. The Paris Agreement, for instance, allows for Nationally Determined Contributions (NDCs) tailored to each country’s circumstances. This approach ensures that policies are effective without imposing one-size-fits-all solutions.  Moreover, historical emissions do matter, but so does current and future capability to address climate change. Advanced economies, having historically contributed more to emissions, should indeed take greater responsibility but this doesn't mean ignoring the growing emissions from developing nations. Fairness also includes supporting developing countries through financial and technological assistance.  Lastly, while economic impacts are real, the long-term costs of inaction far outweigh the short-term burdens. International policies are necessary to avoid catastrophic climate change, ensuring no country is left behind in the global effort to combat climate change.",,
168,mistral7b,ab0de2164f,8,"While I acknowledge the importance of safeguarding elections from fraud, I contend that the Electoral College does not necessarily provide a complete solution. The Electoral College introduces another layer of complexity, which could potentially create additional opportunities for manipulation. Further, it is not a fail-safe mechanism against corruption as it is still reliant on the integrity of state-level election processes.  A more effective approach would be to invest resources in modernizing and securing voting systems at the state level. This would ensure that every vote is counted accurately and that the larger population, not just the Electoral College voters, have a say in presidential elections. This approach is less susceptible to manipulation, as it reduces the number of steps and entities involved in the election process.  In conclusion, while the Electoral College was once a necessary safeguard against corruption, today's modern voting systems warrant a rethinking of this approach. We should focus our efforts on ensuring secure, accessible, and fair elections at the state level, rather than relying on the Electoral College to protect us from fraud.",,
169,qwen7b,4958fd2c82,10,"While it's true that some electoral practices may disadvantage certain parties, increasing regulations could lead to unintended consequences. Overregulation might burden voters with complex procedures and increase the likelihood of administrative errors. Additionally, stringent voter ID laws or overzealous enforcement of regulations could disenfranchise legitimate voters. Instead of heavy-handed regulations, efforts should focus on educating the public about the voting process and ensuring that all eligible voters have access to reliable information. This approach balances fairness with ease of participation, avoiding potential pitfalls of excessive regulation.",,
170,phi35mini,75538d36e5,4,"While logistical challenges in retiring the penny are acknowledged, these are short-term inconveniences compared to the long-term economic benefits of eliminating an inflationary symbol. The cost of production, storage, and distribution of pennies runs counter to fiscal efficiency, evidenced by hundreds of millions of dollars wasted annually. Furthermore, the digitization of transactions minimizes the need for physical currency, reducing the penny's utility. By phasing it out, we can modernize our currency system, encourage digitization, and increase accounting simplicity which could outweigh short-term inconveniences. It's also crucial to note that this move would not affect transactions: retailers can easily round off prices to avoid the penny's obsolescence. Governments have successfully transitioned away from less practical currency denominations in the past, suggesting a roadmap for a penny-free future.",,
171,phi35mini,91c656d0a9,17,"While the tragic events of January 6th are indeed concerning, they are a unique consequence of several factors, not solely the result of unrestrained freedom of speech. Setting limits on speech runs the risk of undermining democratic principles by enabling censorship under the guise of preventing conflict. Moreover, we must ask whether it’s the freedom to express a harmful ideology that needs limiting or the harmful acts it may incite. History also reveals that hate speech is a reflection of societal issues, not its cause. To combat the potential for hate speech to spark conflict, we should bolster education and provide open forums for dialogue and understanding—strategies that respect freedom of expression while also addressing the roots and safety nets for those affected. Encouraging critical thinking and responsible speech consumption, rather than restricting speech, helps cultivate a more informed and conscientious public discourse that can inherently counter the negative impacts of hate speech without infringing on essential liberties.",,
172,phi35mini,588d748910,4,"While I respect the optimistic view on AI in healthcare diagnosis, it is essential to consider the risks involved. A diagnosis by AI could overlook nuances and individual patient needs, potentially leading to misdiagnosis or oversight—similar, if not identical, to the mistakes attributed to human doctors. Moreover, AI systems require vast amounts of data and are only as good as their programming; biases in training data could result in unequal care. Further, the privileging of AI might inadvertently diminish the doctor-patient relationship, an irreplaceable bond fundamental to patient satisfaction and holistic care. Instead of depending heavily on AI, let's rechannel our focus on improving human resources—more comprehensive education for healthcare professionals, better working conditions for sufficient patient interaction time—and fostering technology that supports, rather than replaces, human judgment.  (Word Count: 98)",,
173,qwen7b,51d6400a08,3,"Your points raise valid concerns, but they overlook several important factors. While it's true that pennies make up a small fraction of transactions, they still serve a crucial role in smaller, precise pricing, such as in restaurants and pharmacies. Eliminating pennies could lead to rounding up prices, potentially increasing consumer costs. Additionally, pennies' small size doesn't necessarily mean they are frequently lost; proper storage techniques can mitigate this issue. The cost of production is indeed a consideration, but technological advancements could optimize this process. More importantly, phasing out pennies would create logistical challenges and require extensive changes to infrastructure and cash handling systems. We should weigh these practicalities before making a decision.",,
174,phi35mini,a21f87697d,18,"While the importance of individual expression is not to be underestimated, school uniforms serve a greater purpose that extends beyond mere aesthetics. Uniforms create a sense of equality, discouraging socioeconomic disparities that can lead to bullying and social division. Far from limiting expression, uniforms offer a focused learning environment where choices about attire are replaced by choices about learning. Moreover, studies from institutions with uniform policies demonstrate better attendance, fewer behavioral problems, and even improved academic performance. The financial burden of uniforms is counterbalanced by the reduction in spending on diverse wardrobes, and for many families, uniform costs are dwarfed by overall education expenses. Therefore, school uniforms are not an obstacle to freedom, but a foundation for a conducive educational atmosphere.   (Word count: 148)",,
175,phi35mini,8118533b8b,0,"Standardized testing, while seemingly daunting, plays a critical role in education by providing a clear, uniform measure to assess student achievements across diverse backgrounds. Concerns about anxiety are valid; however, it is a natural part of growing up and facing new challenges. Rather than stifling potential, these tests motivate students to improve and educators to adapt teaching methods.  Additionally, the claim that school knowledge is a narrow slice of life's knowledge underestimates its foundational impact. These tests gauge not just factual recall but also critical thinking, problem-solving, and application, skills vital to lifelong learning. The fears that knowledge from tests isn't used in daily life are misdirected. While not all trivia is useful on a regular basis, the very fact-finding skills, the ability to understand complex instructions, and logical reasoning honed through standardized tests are transferable.  Moreover, standardized tests present an opportunity to close achievement gaps and hold educational systems accountable, ensuring all students have access to quality instruction and resources. A pivot toward alternative forms of assessment may indeed be necessary, but let's first fortify our current evaluations to build a robust, equitable education system for all.",,
176,qwen7b,f745493089,1,"Your argument highlights concerns about the negative social impacts of abortion access, but it oversimplifies the issue. While it's true that some individuals may misuse reproductive rights, denying abortion entirely disproportionately harms women who face severe health risks or have socioeconomic challenges. Restricting access can lead to dangerous back-alley procedures and increased maternal mortality. Moreover, focusing solely on women's choices ignores the complex reasons behind many pregnancies, such as lack of access to education and contraception. Legal abortion is essential not only for women’s health and autonomy but also for broader societal well-being by preventing unnecessary suffering and promoting informed decision-making.",,
177,mistral7b,411b784d52,15,"While I understand your concern about the need for a more comprehensive education system, I argue that standardized testing alone is not the solution. Yes, these tests provide data on students' performance, but they offer a limited perspective, focusing primarily on factual knowledge rather than critical thinking, creativity, and real-world problem-solving skills.  Moreover, the emphasis on test scores can lead to a narrowed curriculum and a reduction in teaching essential life skills. The pressure to perform well on tests can make the learning process stressful and counterproductive, potentially stifling students' natural curiosities.  Instead, schools should focus on a balanced approach that includes standardized testing, but also encourages critical thinking, collaboration, and emotional intelligence. By providing students with a well-rounded education and fostering an environment that nurtures their unique talents, we can best prepare them for success in the real world.",,
178,qwen7b,8088bcdc5f,14,"While freedom of speech is indeed a fundamental right, it must be balanced with the need to protect individuals from harm, particularly from hate speech. Unlimited freedom of speech can lead to the propagation of harmful ideas that incite violence or discrimination against marginalized groups. Such speech undermines social cohesion and creates an environment where individuals feel unsafe and silenced. By setting reasonable limits on hate speech, we ensure that everyone can participate in public discourse without fear, fostering a more inclusive and respectful society.",,
179,qwen7b,3d2fc72097,16,"While uniforms can symbolize professionalism and respect for authority, requiring students to wear them imposes unnecessary restrictions on personal expression and identity. In the workplace, attire is chosen based on job roles and company culture, reflecting individual contributions and creativity. Schools should nurture similar diversity and self-expression, which are crucial for developing well-rounded individuals. Moreover, focusing solely on professional attire overlooks the unique developmental needs of adolescents, including the importance of personal identity exploration during these formative years.",,
180,phi35mini,8597060269,0,"While the sovereignty of smaller nations like Ukraine is paramount, we cannot underestimate the strategic significance of supporting Ukraine. Russia's invasion undermines the international norm that countries should not engage in aggressive territorial expansion under any pretext. Supporting Ukraine may not only deter further aggression but also ensure that other nations stand firm against unjustified acts of war. Moreover, it is a demonstration of commitment to our allies and to the principles embedded in international law. The unfortunate truth is that moral rights in the international arena are often aligned with diplomatic, geopolitical strategies. Providing military aid to Ukraine does not signify a world invasion, but rather consolidation of peace by upholding a balance of power, and by clearly communicating the rule of law, despite the grand schemes of authoritarian regimes.",,
181,qwen7b,e60f1726bf,10,"Expanding the Supreme Court to include more justices could introduce a greater diversity of opinions, but it also risks diluting the Court’s authority and integrity. The current structure allows for a balanced decision-making process, with each justice contributing based on their experience and expertise. Increasing the number of justices could lead to prolonged gridlock and less stable legal rulings, as the majority opinion might shift frequently. This could undermine the Court’s role as a consistent and reliable interpreter of the Constitution, ultimately harming the stability of our legal system.",,
182,qwen7b,21e9bd9d38,18,"Your argument highlights concerns about wrongful convictions, which are indeed valid and have led to significant reforms in the justice system. However, these issues can be addressed through rigorous pre-trial and appeals processes, as well as better legal representation. The death penalty is not inherently unethical; it serves as a deterrent against heinous crimes and provides closure to victims' families. Moreover, focusing solely on rehabilitation does not address the needs of those who commit irredeemably violent crimes. The death penalty ensures that society is protected from the most dangerous criminals. While we must strive to prevent wrongful convictions, the current systems in many countries already implement checks and balances to mitigate such risks.",,
183,qwen7b,b6bea2645f,19,"While transitioning to renewable energy is essential, an immediate ban on fossil fuels would be economically and logistically unsustainable. The current infrastructure and technology for renewables are not yet mature enough to fully replace fossil fuels without significant disruptions. For instance, the intermittency issue with solar and wind requires substantial investment in storage solutions, which are still developing. Moreover, sudden bans could lead to economic instability, particularly affecting industries heavily reliant on fossil fuels. A more practical approach involves gradual policy shifts towards cleaner technologies, investing in research and development, and fostering international cooperation to ensure a smoother transition.",,
184,phi35mini,c1d9f1b068,16,"While the concerns about financial sustainability are valid, we must consider the long-term societal benefits that a tuition-free public college system would generate. A more educated populace leads to higher-paying jobs, lower crime rates, and an overall healthier economy that could, in turn, increase tax revenues. Investment in human capital is likely to outweigh immediate fiscal pressures.  Regarding the potential for resource strain, argumentative shifts in policy and infrastructure investments can accommodate increased enrollment. Additionally, implementing efficient, innovative teaching methods can maintain, if not improve, educational quality amid expansion. A moratorium on tuition does not mean a halt to funding—rather, it redefines the funding model to foster equitable access and societal enrichment that lowers public education costs over time.  Ultimately, providing tuition-free public college can stimulate economic mobility, reduce income inequality, and build a foundation for a more robust middle class. Prohibitive costs are barriers to opportunity—by removing them, we aren't just supporting individuals; we're enhancing our entire nation's prosperity.",,
185,phi35mini,a1a4be340b,19,"I respect my opponent's point on voter sentiment in Puerto Rico, yet it fails to consider the fundamental fairness and democratic representation currently lacking for its residents. While they still hold U.S. citizenship without full voting rights in Congress or referenda on federal matters, active citizenship is integral to self-determination. Moreover, the notion that Washington, DC, already meets statehood criteria overlooks the indispensability of full political and economic representation in the legislative branch and voting in presidential elections, which would further federal equality and reflection of the nation's geographic and populational diversity. True statehood for DC would rectify this democratic imbalance and solidify its integral role in shaping national policy. Therefore, pursuing statehood for both Puerto Rico and DC is not just beneficial but a necessary step towards a more equitable union.  (Word Count: 103)",,
186,mistral7b,3aa9e63cc7,4,"While I respect your concern for personal freedoms, it's crucial to balance that with the need for national security. Government surveillance, when done responsibly and transparently, can prevent terrorism, espionage, and other threats to our nation. It's not about spying on innocent civilians but protecting them from harm.  In a democratic society, these measures are taken under laws that protect privacy and civil liberties. Compare this to the absence of such safeguards in a communist regime, where intrusive and pervasive surveillance is the norm.  As for relying on guns and military equipment for national security, these are indeed important, but they are reactive. Proactive measures like intelligence gathering through surveillance help us anticipate threats before they materialize.  By all means, let's uphold our values of freedom, but let's also ensure that we're doing everything possible to keep our nation safe. Government surveillance, when used correctly, can be a valuable tool in that effort.",,
187,phi35mini,912f4dbaac,16,"While the dignity of personal choice is vital, it is equally crucial to consider the broader ethical implications. The analogy of choosing a child's sex neglects the natural and complex process of conception and the sanctity of life. Medically, while it is a concern that denying legal abortion could harm women's health, access to comprehensive healthcare options and responsible sex education could mitigate these risks without resorting to the termination of pregnancy. Furthermore, regulated abortion services could indeed save lives, particularly in cases of rape, incest, or when the fetus has severe abnormalities. The argument also seems to sacrifice future children's welfare for temporary convenience. Children born into unprepared circumstances often face neglect, poverty, and abuse—the very conditions that some argue legal abortion seeks to prevent by allowing women autonomous decision-making. The economics of forced parenthood overlooks the social support systems designed to prevent child neglect and enable all family structures to provide healthy environments for growing children. Thus, legal abortion empowers women to make life-altering decisions responsibly, not promoting abortion as a choice but ensuring it remains within a justice framework that respects the rights of the unborn and familial stability.  (Word count: 149)",,
188,qwen7b,689d3c8d32,14,"While expanding investment in alternatives is crucial, a ban on fossil fuels is necessary to combat the urgent climate crisis. Immediate action is needed because current levels of emissions are unsustainable. Waiting risks crossing critical climate tipping points. A phased ban incentivizes rapid transition to clean energy, ensuring long-term stability for affected industries. Moreover, technology and renewable energy are rapidly evolving; a ban drives innovation and creates new job markets. Delaying a ban risks locking us into high-emission pathways, making future transitions more costly and difficult.",,
189,phi35mini,1766488b92,17,"Rebuttal:  The premise presumes immutability in global commitments, yet flexibility and shared accountability are inherent in crafting international agreements. Firstly, these pacts evolve; participation does not equate to rigid compliance. Adaptation mechanisms within agreements, like the Paris Accords, offer pathways to accommodate diverse national capacities and advancements. Secondly, detractors cite undue benefits to select entities. In contrast, such agreements foster innovation and create market opportunities that broadly benefit the global economy. The overarching goal transcends early entrants: it regulates environmental externalities that, left unchecked, impose insurmountable costs on all. Lastly, the concept of sacrifice is mischaracterized. What is seen as an unsought burden is, in fact, indispensable investment in our collective future. A just and equitable international framework could also include support for nations to leapfrog to cleaner technologies — an economic and environmental win-win. Collaboration and common goals underscore the essence of global climate action; sacrifices today towards sustainable development are trivial compared to the global catastrophe avoided.",,
190,qwen7b,591b5fbd7d,15,"Your argument overlooks several critical factors. First, from a medical perspective, abortion is often safer for the mother compared to carrying an unwanted pregnancy to term or seeking unsafe, illegal methods. Second, access to abortion can prevent serious health complications and even save lives in cases of severe fetal abnormalities or when the pregnancy poses a threat to the mother's health. Third, there are indeed alternatives like adoption, but not all women have access to these options or are comfortable with them. Legalizing abortion ensures that women can make informed decisions about their bodies and futures, balancing health, economic, and personal considerations.",,
191,mistral7b,673e9ff4e4,16,"While I concede that STEM education holds considerable importance, arguing for the arts' exclusion is short-sighted. The arts, including music, visual arts, and drama, foster creativity, empathy, and critical thinking skills - crucial components of well-rounded individuals. STEM skills alone may prepare students for technical jobs, but the arts equip them with the adaptability and problem-solving skills needed in our rapidly changing world.  Moreover, integrating arts into a STEM curriculum can enhance learning outcomes. For example, allowing students to create visual representations of complex scientific concepts can help make abstract ideas more accessible. Likewise, using music or drama can help demonstrate the impact of scientific discoveries on society.  In essence, the arts and STEM are not opposing forces, but complementary disciplines. By prioritizing both in our education system, we can raise a generation of innovative, adaptable problem solvers equipped to tackle the challenges of the 21st century.",,
192,qwen7b,8496fe8c9f,6,"Addressing the concerns raised by my opponent, I argue that mandatory national service can actually enhance fairness by providing equal opportunities for all citizens, including those with disabilities, through adaptive programs. It also strengthens national unity and civic engagement, rather than restricting individual freedoms. Moreover, national service can complement one’s existing skills and provide diverse experiences, potentially leading to personal and professional growth. This service is not about forcing people into roles; instead, it offers a structured path for skill development and community service, ensuring a more informed and engaged citizenry.",,
193,qwen7b,c294336ad1,7,"While space exploration certainly expands our knowledge of the universe, there are more pressing needs here on Earth that require significant investment. For instance, addressing climate change, improving healthcare access, and enhancing education systems could yield much greater immediate benefits to humanity. The costs associated with space exploration could be redirected towards these areas, potentially saving millions of lives and improving quality of life globally. Additionally, many technologies developed for space exploration can be adapted for terrestrial use, but this does not negate the need to prioritize human needs first.",,
194,mistral7b,41d8c81766,16,"I appreciate your concern for animal welfare, but the use of animals in scientific research has undeniably led to significant advancements in medical and scientific fields. While it's true that alternatives such as cell culture and computer modeling are being developed and should be encouraged, they often fall short in providing accurate results compared to animal testing.  The negligible harm inflicted during these experiments is often a necessary sacrifice for the greater good, such as saving countless human lives from diseases with no viable alternative treatments, like Parkinson's or HIV. Animals do suffer, as all living beings do in the pursuit of knowledge, but the alleviation of human suffering is a compelling justification.  It's essential to recognize that animal testing is strictly regulated and supervised to minimize suffering. Also, the three Rs – Replacement, Reduction, and Refinement – are principles followed by ethical researchers to minimize animal use and enhance animal well-being.  Moreover, it's disingenuous to claim that animals cannot consent to research when they are also benefiting from vaccines, anesthesia, and life-saving surgical procedures that originated from such experiments. While we must strive for ethical practices, the potential benefits of continued animal research cannot be ignored.",,
195,mistral7b,3205297803,10,"While I understand your concerns about the uncertainty and perceived ineffectiveness of climate change policies, it is crucial to consider the long-term implications for our planet and future generations. Science has consistently shown us that human activities are causing rapid and dangerous changes to our climate system. Delaying action on climate change not only risks irreversible damage but also presents significant economic risks, such as increased heatwaves, floods, and storms.  International agreements on climate change can help mitigate these risks by setting collective goals, facilitating technological innovation, and ensuring a level playing field for all nations to transition to sustainable economies. By collaborating, nations can share resources, expertise, and best practices, maximizing the effectiveness of climate change actions.  While we may not see immediate results, developing sustainable solutions today will benefit us in the long run. More importantly, investing in climate change action and research is not a waste but an investment in the health, well-being, and resilience of our planet and people. Let's prioritize a sustainable future for all over short-term gains.",,
196,qwen7b,23bb76c864,11,"Your statement implies a gendered expectation where women’s leadership is only justified if their specific skills are necessary. However, this overlooks the value diversity brings to leadership. Gender quotas ensure that women have equal opportunities to contribute their unique perspectives and skills, enriching decision-making processes. Moreover, mandatory quotas aim to address historical imbalances and promote fairness, ensuring that merit and potential are evaluated without prejudice. Implementing such quotas can create a pipeline of qualified female leaders, benefiting both organizations and society as a whole.",,
197,mistral7b,aab5cf3633,2,"While I understand your strong conviction, I see this as a challenge to jointly explore the impacts of social media on cognitive functioning. The study in question may have its flaws, but it's crucial to remember that it's one of many studies pointing towards potential negative effects.  I argue that the way social media is often used - with frequent multi-tasking, constant distractions, short attention spans, and limited depth of content engagement - could be contributing to a decline in critical thinking, focus, and deep learning. More research is necessary to fully understand these impacts, but the shift in behavior prompted by social media warrants careful examination.  Let's keep an open mind while considering diverse evidence, as the truth will only emerge from our collective intellectual curiosity and discourse. Let me present additional evidence that supports my argument, and I look forward to hearing your thoughtful response.",,
198,phi35mini,218279db99,4,"Rebuttal:  While the notion of international collaboration is appealing, the imposition of a one-size-fits-all approach through global agreements neglects the diverse economic, cultural, and political realities of different nations. The elevation of international treaties as panacea for climate change simplifies complex local ecosystems and fails to respect national sovereignty. Importantly, compliance and enforcement mechanisms for these agreements are often weak, leading to selective adherence and outright violations without clear repercussions, undermining the intended collective responsibility. Moreover, imposing external standards can inadvertently disadvantage developing nations that might not have the resources to comply. We should focus on enabling national capacity-building, providing technology transfer, and facilitating regional partnerships that recognize the unique circumstances of each country. Responsible environmental stewardship is rooted in tailoring actions to fit local needs, not prescribing global mandates. True global cooperation on climate change embraces flexibility, acknowledges equity, and fosters genuine local commitment.",,
199,qwen7b,dd3f72555b,6,"While it's true that every student deserves an opportunity to succeed, considering race in admissions doesn't necessarily level the playing field for all students. This approach can inadvertently create other forms of inequality. Instead, we should focus on merit-based criteria and socioeconomic factors, which more accurately reflect a student's potential and need. Additionally, affirmative action can sometimes backfire, leading to a perception of preferential treatment rather than genuine meritocracy. By prioritizing academic achievements and financial assistance, colleges can ensure that all students have a fair chance based on their individual abilities and circumstances.",,
200,qwen7b,11cc3f0ef7,10,"Your concerns about job displacement and the unknowns of AI are valid, but they do not outweigh the significant positive impacts AI can have on society. Regarding job loss, while automation may replace some roles, it also creates new ones—such as AI maintenance, development, and oversight—that require human skills. Moreover, AI can enhance productivity and efficiency, leading to economic growth which can support more jobs overall. As for the ""unknowns,"" extensive research and ethical guidelines are being developed to mitigate risks. The real unknown is the potential harm we might miss by ignoring AI’s benefits. AI can revolutionize healthcare through precision medicine, improve environmental sustainability, and drive innovations that could solve pressing global challenges. Thus, the balance clearly tips towards AI being beneficial for society when managed responsibly.",,
