dgp,beta,tau,n,ate,beta_ov,e_inv_p,e_inv_q,overlap_mass,pop_kish_frac,zero_arm_rate,kish1_realized,kish0_realized,ht_bias,ht_sd,ht_rmse,ht_estimable_rate,ht_cover_cond,ht_cover_uncond,hajek_bias,hajek_sd,hajek_rmse,hajek_estimable_rate,hajek_cover_cond,hajek_cover_uncond,trunc_bias,trunc_sd,trunc_rmse,trunc_estimable_rate,trunc_cover_cond,trunc_cover_uncond,aipw_oracle_bias,aipw_oracle_sd,aipw_oracle_rmse,aipw_oracle_estimable_rate,aipw_oracle_cover_cond,aipw_oracle_cover_uncond,or_oracle_bias,or_oracle_sd,or_oracle_rmse,or_oracle_estimable_rate,or_oracle_cover_cond,or_oracle_cover_uncond,overlap_bias,overlap_sd,overlap_rmse,overlap_estimable_rate,overlap_cover_cond,overlap_cover_uncond
uniform,const,1.0,125,1.0,1.0,2.1759658322122797,2.174558395525046,0.23105251492008172,0.4595660396851505,0.0,0.4575497839627654,0.4643050654115038,0.005886281006525887,0.24045909999648168,0.24023046357254102,1.0,0.9375,0.9375,0.018722372828935248,0.23003173828274287,0.23050562110322279,1.0,0.9425,0.9425,0.018722372828935248,0.23003173828274287,0.23050562110322279,1.0,0.9425,0.9425,0.01443121509622355,0.19378215719852804,0.19407706100038513,1.0,0.9425,0.9425,0.0,0.0,0.0,1.0,1.0,1.0,0.019252906168246275,0.22615228364277504,0.2266884815209484,1.0,0.94,0.94
uniform,const,1.0,250,1.0,1.0,2.1759658322122797,2.174558395525046,0.23105251492008172,0.4595660396851505,0.0,0.4628749267778822,0.45741926131810734,-0.0014988301173963115,0.16447308807069475,0.16427420582514635,1.0,0.945,0.945,-0.0015122788979774094,0.15828689757930495,0.15809614820698017,1.0,0.9375,0.9375,-0.0015122788979774094,0.15828689757930495,0.15809614820698017,1.0,0.9375,0.9375,-0.007438372432817141,0.13481993602435519,0.13485660345784514,1.0,0.92,0.92,0.0,0.0,0.0,1.0,1.0,1.0,-0.0017718202354570828,0.15509949058867875,0.1549156276747516,1.0,0.9425,0.9425
uniform,const,1.0,500,1.0,1.0,2.1759658322122797,2.174558395525046,0.23105251492008172,0.4595660396851505,0.0,0.45897098079730875,0.46086140236001755,-0.007583963405681571,0.10931963101489832,0.10944597421494841,1.0,0.96,0.96,-0.0032185618696637607,0.11196552208761748,0.11187178635170143,1.0,0.96,0.96,-0.0032185618696637607,0.11196552208761748,0.11187178635170143,1.0,0.96,0.96,-0.006136032879795059,0.09582809553903116,0.09590472998972999,1.0,0.945,0.945,0.0,0.0,0.0,1.0,1.0,1.0,-0.0034593926908197013,0.11013278332919421,0.11004941747558207,1.0,0.96,0.96
uniform,const,1.0,1000,1.0,1.0,2.1759658322122797,2.174558395525046,0.23105251492008172,0.4595660396851505,0.0,0.4586336881652939,0.4610354346959869,0.000807256878646411,0.07558521746921892,0.07549499288553889,1.0,0.9625,0.9625,0.005233762053318039,0.07465987812918926,0.07474994597984992,1.0,0.9625,0.9625,0.005233762053318039,0.07465987812918926,0.07474994597984992,1.0,0.9625,0.9625,0.003679605819157593,0.0626391362302676,0.0626689056326119,1.0,0.9575,0.9575,0.0,0.0,0.0,1.0,1.0,1.0,0.004868568235994483,0.07294534499499615,0.07301659917249259,1.0,0.96,0.96
uniform,const,1.0,2000,1.0,1.0,2.1759658322122797,2.174558395525046,0.23105251492008172,0.4595660396851505,0.0,0.4596018494571989,0.4599969701641494,0.0007769271840025313,0.05111398129614322,0.05105596049514556,1.0,0.9625,0.9625,0.001563167345109458,0.049093517314606955,0.04905702295148606,1.0,0.965,0.965,0.001563167345109458,0.049093517314606955,0.04905702295148606,1.0,0.965,0.965,0.0006336466473023885,0.041354355843766545,0.04130749082743193,1.0,0.975,0.975,0.0,0.0,0.0,1.0,1.0,1.0,0.0018591705490287433,0.04817133716703152,0.04814699414583488,1.0,0.9725,0.9725
uniform,const,1.0,4000,1.0,1.0,2.1759658322122797,2.174558395525046,0.23105251492008172,0.4595660396851505,0.0,0.45935770674930454,0.46022557808187287,-0.000314154107533208,0.04123266415363793,0.041182289330815025,1.0,0.95,0.95,0.000927386011160442,0.03928889446413269,0.03925070992933654,1.0,0.9525,0.9525,0.000927386011160442,0.03928889446413269,0.03925070992933654,1.0,0.9525,0.9525,0.0018400147955702582,0.03328069942254262,0.03328996239283566,1.0,0.9575,0.9575,0.0,0.0,0.0,1.0,1.0,1.0,0.0005837630693170812,0.038533528640497555,0.038489758725346976,1.0,0.95,0.95
uniform,const,1.0,8000,1.0,1.0,2.1759658322122797,2.174558395525046,0.23105251492008172,0.4595660396851505,0.0,0.45955786012446354,0.4599010975177899,-0.001058556518997911,0.029856108037137286,0.02983754783927985,1.0,0.93,0.93,-0.0005440820670103233,0.027950254551064195,0.02792059657208731,1.0,0.95,0.95,-0.0005440820670103233,0.027950254551064195,0.02792059657208731,1.0,0.95,0.95,-0.0002960639620435196,0.02361475064815284,0.023587071902286212,1.0,0.955,0.955,0.0,0.0,0.0,1.0,1.0,1.0,-0.0004885351305945244,0.02745446249132745,0.027424474625502154,1.0,0.9475,0.9475
uniform,const,1.0,16000,1.0,1.0,2.1759658322122797,2.174558395525046,0.23105251492008172,0.4595660396851505,0.0,0.4596769100156473,0.4597242418075278,1.1323878466430737e-05,0.020052718015599456,0.020027639633612287,1.0,0.9475,0.9475,-0.00011753995594912552,0.01876650641986816,0.018743402157564138,1.0,0.9525,0.9525,-0.00011753995594912552,0.01876650641986816,0.018743402157564138,1.0,0.9525,0.9525,0.0003051500481726435,0.01703287459747984,0.017014306819930693,1.0,0.9525,0.9525,0.0,0.0,0.0,1.0,1.0,1.0,-9.758765416796239e-05,0.018523360409093314,0.018500449102475832,1.0,0.955,0.955
uniform,const,1.0,32000,1.0,1.0,2.1759658322122797,2.174558395525046,0.23105251492008172,0.4595660396851505,0.0,0.4596461624132364,0.45983652407331266,0.00025147164317765867,0.014528093673771334,0.014512101157885872,1.0,0.9425,0.9425,0.0004649619255183243,0.013775790078628641,0.013766413872243522,1.0,0.935,0.935,0.0004649619255183243,0.013775790078628641,0.013766413872243522,1.0,0.935,0.935,0.00041467855548958237,0.011936518394326976,0.011928798284154357,1.0,0.9525,0.9525,0.0,0.0,0.0,1.0,1.0,1.0,0.00046323685207655033,0.01355116990623179,0.013542145645875874,1.0,0.94,0.94
uniform,const,0.6,125,1.0,1.0,2.530995267329714,2.5322716858189795,0.20468502979120673,0.3949023343743557,0.0,0.39762884781011887,0.4019218463508754,-0.011964702301506102,0.2314888860198571,0.23150872702989247,1.0,0.9625,0.9625,0.011815672802462136,0.23346473659772163,0.23347190173622984,1.0,0.955,0.955,0.011815672802462136,0.23346473659772163,0.23347190173622984,1.0,0.955,0.955,-0.0008532061023972743,0.1998586929942932,0.1996105367537667,1.0,0.9575,0.9575,0.0,0.0,0.0,1.0,1.0,1.0,0.007384946274403543,0.22367811669324703,0.22352037394652655,1.0,0.945,0.945
uniform,const,0.6,250,1.0,1.0,2.530995267329714,2.5322716858189795,0.20468502979120673,0.3949023343743557,0.0,0.396283378750599,0.39750978510539636,0.003956645394490722,0.17968508512975404,0.17950394991843346,1.0,0.9425,0.9425,0.01462377387654612,0.1798351769458241,0.18020458901581937,1.0,0.94,0.94,0.01462377387654612,0.1798351769458241,0.18020458901581937,1.0,0.94,0.94,0.00890250405223115,0.15216150845247572,0.15223171949793018,1.0,0.94,0.94,0.0,0.0,0.0,1.0,1.0,1.0,0.013188538702328114,0.16943571253030107,0.16973693493772063,1.0,0.9425,0.9425
uniform,const,0.6,500,1.0,1.0,2.530995267329714,2.5322716858189795,0.20468502979120673,0.3949023343743557,0.0,0.3954559565696067,0.39706881861478655,-0.00042991278796966875,0.1278456715659654,0.1276864882194376,1.0,0.9275,0.9275,0.0033684324711477863,0.12359197262795885,0.12348333732183316,1.0,0.9325,0.9325,0.0033684324711477863,0.12359197262795885,0.12348333732183316,1.0,0.9325,0.9325,-0.000866797241284294,0.10472579513776423,0.10459839757030873,1.0,0.935,0.935,0.0,0.0,0.0,1.0,1.0,1.0,0.003005986186319195,0.11644394535932097,0.11633714102886386,1.0,0.9375,0.9375
uniform,const,0.6,1000,1.0,1.0,2.530995267329714,2.5322716858189795,0.20468502979120673,0.3949023343743557,0.0,0.3951232733968845,0.39645761897878173,0.005035354992122956,0.08232902081721931,0.08238007829230938,1.0,0.955,0.955,0.007969928420398991,0.0823702382028962,0.08265236693691318,1.0,0.95,0.95,0.007969928420398991,0.0823702382028962,0.08265236693691318,1.0,0.95,0.95,0.004768751300221745,0.07151763496709368,0.0715871927789574,1.0,0.9325,0.9325,0.0,0.0,0.0,1.0,1.0,1.0,0.006520744679171192,0.07665381108374641,0.07683513094899667,1.0,0.95,0.95
uniform,const,0.6,2000,1.0,1.0,2.530995267329714,2.5322716858189795,0.20468502979120673,0.3949023343743557,0.0,0.3948985833277126,0.39533264268613905,0.0008026107650920516,0.06115652500809383,0.061085304564421905,1.0,0.9375,0.9375,0.00223694303898551,0.058722486254291426,0.05869168152358047,1.0,0.955,0.955,0.00223694303898551,0.058722486254291426,0.05869168152358047,1.0,0.955,0.955,0.001873791150117438,0.049452446468205076,0.049426123596846235,1.0,0.9525,0.9525,0.0,0.0,0.0,1.0,1.0,1.0,0.0016381553402208251,0.05584236418195025,0.05579657038075621,1.0,0.955,0.955
uniform,const,0.6,4000,1.0,1.0,2.530995267329714,2.5322716858189795,0.20468502979120673,0.3949023343743557,0.0,0.39486926127982164,0.3947853237349157,-0.0008168659399097694,0.04297777252017217,0.04293178867031353,1.0,0.9625,0.9625,-0.0013669590482512568,0.04220515532279143,0.04217452459745093,1.0,0.9475,0.9475,-0.0013669590482512568,0.04220515532279143,0.04217452459745093,1.0,0.9475,0.9475,0.0005996855686944963,0.036662714664313596,0.036621767880889965,1.0,0.94,0.94,0.0,0.0,0.0,1.0,1.0,1.0,-0.0010778462735467767,0.040103621443689834,0.040067960446670235,1.0,0.9475,0.9475
uniform,const,0.6,8000,1.0,1.0,2.530995267329714,2.5322716858189795,0.20468502979120673,0.3949023343743557,0.0,0.3952243675898525,0.39468831056224546,-0.002715716780914505,0.028876877267821184,0.028968335700780196,1.0,0.9525,0.9525,-0.003372823524049446,0.029535248991848125,0.02969050427665924,1.0,0.96,0.96,-0.003372823524049446,0.029535248991848125,0.02969050427665924,1.0,0.96,0.96,-0.0028449138310855347,0.024569622433197987,0.024703253132936413,1.0,0.9625,0.9625,0.0,0.0,0.0,1.0,1.0,1.0,-0.0031074972315680753,0.028218413014576976,0.028353918159979185,1.0,0.9475,0.9475
uniform,const,0.6,16000,1.0,1.0,2.530995267329714,2.5322716858189795,0.20468502979120673,0.3949023343743557,0.0,0.39496814294742566,0.39500119919321774,0.00016019503963814408,0.020355803013098164,0.020330973463363988,1.0,0.9575,0.9575,0.0003867096591500621,0.020723311973835482,0.02070100394612495,1.0,0.945,0.945,0.0003867096591500621,0.020723311973835482,0.02070100394612495,1.0,0.945,0.945,-2.1209326112351658e-05,0.016703139852584793,0.016682261344559465,1.0,0.945,0.945,0.0,0.0,0.0,1.0,1.0,1.0,0.0005675356427189529,0.019327163153626585,0.01931133046125358,1.0,0.9575,0.9575
uniform,const,0.6,32000,1.0,1.0,2.530995267329714,2.5322716858189795,0.20468502979120673,0.3949023343743557,0.0,0.39498832061203837,0.39509658927841795,-0.0005937896430433933,0.014225292519224036,0.014219902813645852,1.0,0.9675,0.9675,-0.00031780511927219954,0.013830243714874908,0.013816600602305924,1.0,0.955,0.955,-0.00031780511927219954,0.013830243714874908,0.013816600602305924,1.0,0.955,0.955,-0.0006039082477976466,0.011848638243360781,0.011849217603843495,1.0,0.96,0.96,0.0,0.0,0.0,1.0,1.0,1.0,-0.000368375906917994,0.012940183868190484,0.012929247404818985,1.0,0.96,0.96
uniform,const,0.4,125,1.0,1.0,3.4164176789205922,3.4204070639727058,0.16971404332758824,0.2923628624595718,0.0,0.30890955651312607,0.3032404884651831,-0.004882039798641677,0.28467197766617675,0.2843578271189257,1.0,0.945,0.945,0.020838085717674808,0.2749370088819413,0.2753826588080547,1.0,0.925,0.925,0.020838085717674808,0.2749370088819413,0.2753826588080547,1.0,0.925,0.925,0.0023124128231054404,0.23627669639614296,0.23599249526158644,1.0,0.9525,0.9525,0.0,0.0,0.0,1.0,1.0,1.0,0.011890097350582966,0.23691639706097703,0.23691861506300002,1.0,0.9475,0.9475
uniform,const,0.4,250,1.0,1.0,3.4164176789205922,3.4204070639727058,0.16971404332758824,0.2923628624595718,0.0,0.3009045861079263,0.2994727006734785,0.00046646036543739224,0.20103704501470285,0.20078613328575648,1.0,0.9325,0.9325,0.021647175484019735,0.2072393586393684,0.2081090617831659,1.0,0.92,0.92,0.021647175484019735,0.2072393586393684,0.2081090617831659,1.0,0.92,0.92,0.004088066685211737,0.17236966754373167,0.17220260254315695,1.0,0.9475,0.9475,0.0,0.0,0.0,1.0,1.0,1.0,0.012458547673718106,0.18046481454394137,0.18066916124589857,1.0,0.9225,0.9225
uniform,const,0.4,500,1.0,1.0,3.4164176789205922,3.4204070639727058,0.16971404332758824,0.2923628624595718,0.0,0.2941167018939477,0.2965098765079572,-0.00012713457799699761,0.13861351031685637,0.1384401933777047,1.0,0.9475,0.9475,-0.0030841998501158776,0.1418286619684263,0.1416848376541407,1.0,0.9325,0.9325,-0.0030841998501158776,0.1418286619684263,0.1416848376541407,1.0,0.9325,0.9325,-0.0018140503905193165,0.12227134234061708,0.12213188049686814,1.0,0.955,0.955,0.0,0.0,0.0,1.0,1.0,1.0,-0.0002934713525679394,0.12481640833462647,0.12466063562936416,1.0,0.925,0.925
uniform,const,0.4,1000,1.0,1.0,3.4164176789205922,3.4204070639727058,0.16971404332758824,0.2923628624595718,0.0,0.2930239579966642,0.2937622469709339,-0.0005486737871482539,0.104424125990082,0.10429495738766682,1.0,0.9475,0.9475,0.003308980322308925,0.1077079718230899,0.10762413310699115,1.0,0.9425,0.9425,0.003308980322308925,0.1077079718230899,0.10762413310699115,1.0,0.9425,0.9425,-0.0027740615858896176,0.08842574085772499,0.08835869671291134,1.0,0.9375,0.9375,0.0,0.0,0.0,1.0,1.0,1.0,0.001413974027751468,0.08916084654152476,0.08906055095923492,1.0,0.94,0.94
uniform,const,0.4,2000,1.0,1.0,3.4164176789205922,3.4204070639727058,0.16971404332758824,0.2923628624595718,0.0,0.29294143596619243,0.2934841426424364,-0.005127734755768677,0.06960666638233574,0.06970845679381486,1.0,0.9425,0.9425,-0.0037200555755450087,0.07056057935571446,0.07057044129167454,1.0,0.95,0.95,-0.0037200555755450087,0.07056057935571446,0.07057044129167454,1.0,0.95,0.95,-0.006104037021734394,0.0585262660665417,0.05877090928431434,1.0,0.96,0.96,0.0,0.0,0.0,1.0,1.0,1.0,-0.0036932757085326793,0.06075574333772241,0.060792042925921976,1.0,0.9575,0.9575
uniform,const,0.4,4000,1.0,1.0,3.4164176789205922,3.4204070639727058,0.16971404332758824,0.2923628624595718,0.0,0.2930208182103282,0.2925878803341895,0.0027514793459385645,0.05234632210270732,0.05235320174237017,1.0,0.93,0.93,0.0012344413549207572,0.05320142551582382,0.05314921959146905,1.0,0.935,0.935,0.0012344413549207572,0.05320142551582382,0.05314921959146905,1.0,0.935,0.935,0.0014226458675531647,0.04379487952649082,0.04376323131719664,1.0,0.95,0.95,0.0,0.0,0.0,1.0,1.0,1.0,0.0027381126289654756,0.04635481121952805,0.046377730244795176,1.0,0.9175,0.9175
uniform,const,0.4,8000,1.0,1.0,3.4164176789205922,3.4204070639727058,0.16971404332758824,0.2923628624595718,0.0,0.2928797206633446,0.292726238504687,-0.0005453828528170656,0.03304871069382586,0.033011879343412674,1.0,0.96,0.96,0.0007099451298991208,0.03401021357064247,0.033975092533212896,1.0,0.9575,0.9575,0.0007099451298991208,0.03401021357064247,0.033975092533212896,1.0,0.9575,0.9575,-1.5153163918431856e-05,0.028690166437073485,0.02865428529347551,1.0,0.9525,0.9525,0.0,0.0,0.0,1.0,1.0,1.0,-0.0010705751471601114,0.029450046004484826,0.029432687233547392,1.0,0.96,0.96
uniform,const,0.4,16000,1.0,1.0,3.4164176789205922,3.4204070639727058,0.16971404332758824,0.2923628624595718,0.0,0.29244017906507574,0.29233529421908416,-0.0002634295712753476,0.025247283815486434,0.025217080954158755,1.0,0.945,0.945,-8.365370708464437e-05,0.02667176190031994,0.026638532684870216,1.0,0.935,0.935,-8.365370708464437e-05,0.02667176190031994,0.026638532684870216,1.0,0.935,0.935,0.0002879969399402152,0.020665269850119888,0.020641431315941813,1.0,0.94,0.94,0.0,0.0,0.0,1.0,1.0,1.0,0.0004307619794448739,0.02311097527438951,0.0230860876085803,1.0,0.93,0.93
uniform,const,0.4,32000,1.0,1.0,3.4164176789205922,3.4204070639727058,0.16971404332758824,0.2923628624595718,0.0,0.2925064387411686,0.2925577088376046,-0.001590451021600281,0.017821179051948115,0.017869806132040148,1.0,0.9325,0.9325,-0.0006204693216426494,0.018382247228752827,0.01836973673804672,1.0,0.9425,0.9425,-0.0006204693216426494,0.018382247228752827,0.01836973673804672,1.0,0.9425,0.9425,-0.0006807480328729068,0.015705874851457524,0.015700994760580685,1.0,0.9325,0.9325,0.0,0.0,0.0,1.0,1.0,1.0,-0.0006672391371852274,0.01590147473444111,0.015895595759500038,1.0,0.9325,0.9325
uniform,const,0.3,125,1.0,1.0,5.189928207502976,5.208666923203243,0.13967696197576626,0.19198770333062817,0.0,0.23153472619011542,0.2307728782013113,-0.01658996601185382,0.3616093587894878,0.3615378984498148,1.0,0.9375,0.9375,0.026488253279081907,0.35267503063036715,0.3532284750679535,1.0,0.8975,0.8975,0.026488253279081907,0.35267503063036715,0.3532284750679535,1.0,0.8975,0.8975,-0.011413422171499411,0.2930756407052816,0.2929315006149717,1.0,0.9525,0.9525,0.0,0.0,0.0,1.0,1.0,1.0,0.008096210351750963,0.26272374954837363,0.26252001405107095,1.0,0.95,0.95
uniform,const,0.3,250,1.0,1.0,5.189928207502976,5.208666923203243,0.13967696197576626,0.19198770333062817,0.0,0.21561590953255083,0.20889904266825013,0.006854314129273025,0.23092751396229355,0.2307405025894371,1.0,0.9675,0.9675,0.033192746867037576,0.2536987925312942,0.2555463325565176,1.0,0.9,0.9,0.033192746867037576,0.2536987925312942,0.2555463325565176,1.0,0.9,0.9,0.012402195394598919,0.20121864128703906,0.2013492828345917,1.0,0.9625,0.9625,0.0,0.0,0.0,1.0,1.0,1.0,0.01636190278825568,0.1850567191847401,0.18554806979589825,1.0,0.9525,0.9525
uniform,const,0.3,500,1.0,1.0,5.189928207502976,5.208666923203243,0.13967696197576626,0.19198770333062817,0.0,0.20402709564720226,0.2018626427382805,0.011132537448796038,0.17215260414790773,0.17229730470082172,1.0,0.9325,0.9325,0.023159438195663663,0.17984454020100568,0.18110648268642854,1.0,0.915,0.915,0.023159438195663663,0.17984454020100568,0.18110648268642854,1.0,0.915,0.915,0.006807594954152107,0.15665865019227343,0.15661073142484433,1.0,0.9175,0.9175,0.0,0.0,0.0,1.0,1.0,1.0,0.007319751507216545,0.13606689914204492,0.13609369677414712,1.0,0.925,0.925
uniform,const,0.3,1000,1.0,1.0,5.189928207502976,5.208666923203243,0.13967696197576626,0.19198770333062817,0.0,0.19900743593755266,0.19663844827928034,-0.0011498551575675454,0.12146539878199512,0.1213189212794085,1.0,0.9425,0.9425,0.003579462861680095,0.13025459107266696,0.13014090595829994,1.0,0.9375,0.9375,0.003579462861680095,0.13025459107266696,0.13014090595829994,1.0,0.9375,0.9375,-0.00014007675603187886,0.10941980995849271,0.10928303937858727,1.0,0.9375,0.9375,0.0,0.0,0.0,1.0,1.0,1.0,-0.0005440540275904981,0.09332147397639758,0.09320633699566554,1.0,0.945,0.945
uniform,const,0.3,2000,1.0,1.0,5.189928207502976,5.208666923203243,0.13967696197576626,0.19198770333062817,0.0,0.19371313245090074,0.19442093597298626,-0.00569333039899528,0.08800475678467269,0.08807888018543204,1.0,0.9425,0.9425,-0.0062256611610573675,0.0877371475233375,0.08784828623704254,1.0,0.9375,0.9375,-0.0062256611610573675,0.0877371475233375,0.08784828623704254,1.0,0.9375,0.9375,-0.007129023820974843,0.07421469230218439,0.07446391060617326,1.0,0.95,0.95,0.0,0.0,0.0,1.0,1.0,1.0,-0.002676720118059355,0.06541624768487414,0.06538923518520691,1.0,0.9575,0.9575
uniform,const,0.3,4000,1.0,1.0,5.189928207502976,5.208666923203243,0.13967696197576626,0.19198770333062817,0.0,0.19419402700125218,0.1946641664421874,0.001973596794476647,0.055880896764676516,0.05584588633886601,1.0,0.9675,0.9675,0.00428522826740328,0.05875079886251294,0.05883358230950879,1.0,0.9625,0.9625,0.00428522826740328,0.05875079886251294,0.05883358230950879,1.0,0.9625,0.9625,0.00018731763152916525,0.048727604023438356,0.04866701689312203,1.0,0.965,0.965,0.0,0.0,0.0,1.0,1.0,1.0,0.00036197673926887525,0.045506082283929744,0.04545060553149404,1.0,0.96,0.96
uniform,const,0.3,8000,1.0,1.0,5.189928207502976,5.208666923203243,0.13967696197576626,0.19198770333062817,0.0,0.19310955958512305,0.19311994416164133,0.0004654006147832251,0.04386119146038184,0.04380880281137231,1.0,0.92,0.92,0.0014503276810246483,0.04712809495153819,0.047091486925018015,1.0,0.93,0.93,0.0014503276810246483,0.04712809495153819,0.047091486925018015,1.0,0.93,0.93,-0.000600595983604498,0.036028505406243236,0.035988453486343386,1.0,0.9475,0.9475,0.0,0.0,0.0,1.0,1.0,1.0,0.0009197439665389756,0.03409631702481917,0.034066088218847726,1.0,0.9225,0.9225
uniform,const,0.3,16000,1.0,1.0,5.189928207502976,5.208666923203243,0.13967696197576626,0.19198770333062817,0.0,0.19233828750374818,0.19205500350507915,-0.0011142650610103738,0.02910761692184086,0.02909255602534183,1.0,0.95,0.95,-0.002969915895243932,0.030390108941601983,0.030497052728149867,1.0,0.955,0.955,-0.002969915895243932,0.030390108941601983,0.030497052728149867,1.0,0.955,0.955,-0.0009392146353917408,0.025070800080973513,0.02505705047067043,1.0,0.965,0.965,0.0,0.0,0.0,1.0,1.0,1.0,-0.0014186501132644096,0.022667479028446357,0.022683532289640384,1.0,0.9525,0.9525
uniform,const,0.3,32000,1.0,1.0,5.189928207502976,5.208666923203243,0.13967696197576626,0.19198770333062817,0.0,0.19275479748224902,0.19253089745281723,0.00180419355323239,0.020964588370448962,0.021015953345162177,1.0,0.945,0.945,0.0015862626637831096,0.021234475833061015,0.021267156268142726,1.0,0.955,0.955,0.0015862626637831096,0.021234475833061015,0.021267156268142726,1.0,0.955,0.955,0.000909548178132328,0.017358556860829585,0.017360687643013198,1.0,0.955,0.955,0.0,0.0,0.0,1.0,1.0,1.0,0.0007796625566716442,0.014956571475780632,0.014958196964762674,1.0,0.9625,0.9625
uniform,const,0.22,125,1.0,1.0,11.384670126564927,11.359261644430939,0.10760784298056865,0.08783741547913676,0.0,0.19256656898219876,0.20338501217197685,0.052046083213527335,0.4371149324556666,0.43965962436088224,1.0,0.93,0.93,0.15245755011571394,0.426331567580616,0.45226929321947273,1.0,0.785,0.785,0.15245755011571394,0.426331567580616,0.45226929321947273,1.0,0.785,0.785,0.03678201845009127,0.38203603792098606,0.3833269783304484,1.0,0.97,0.97,0.0,0.0,0.0,1.0,1.0,1.0,0.03262861774294746,0.28363250215873187,0.28515066979745357,1.0,0.9475,0.9475
uniform,const,0.22,250,1.0,1.0,11.384670126564927,11.359261644430939,0.10760784298056865,0.08783741547913676,0.0,0.15041468303358568,0.14791259792172856,0.011175875402142122,0.35801104372079356,0.35773786191636325,1.0,0.94,0.94,0.057183270488525645,0.3564222459851007,0.3605400835042407,1.0,0.8325,0.8325,0.057183270488525645,0.3564222459851007,0.3605400835042407,1.0,0.8325,0.8325,0.01779602811732829,0.3125012770242973,0.3126173445895394,1.0,0.9575,0.9575,0.0,0.0,0.0,1.0,1.0,1.0,0.010752785724131655,0.20108856351314772,0.20112469080317036,1.0,0.945,0.945
uniform,const,0.22,500,1.0,1.0,11.384670126564927,11.359261644430939,0.10760784298056865,0.08783741547913676,0.0,0.12161951963867326,0.12170591829991086,-0.005117814115746863,0.23405410175258454,0.23381736732365396,1.0,0.9425,0.9425,0.022120606325173087,0.24906612001021433,0.2497361978784682,1.0,0.8875,0.8875,0.022120606325173087,0.24906612001021433,0.2497361978784682,1.0,0.8875,0.8875,-0.008913905019651188,0.191494876321585,0.1914629719840757,1.0,0.965,0.965,0.0,0.0,0.0,1.0,1.0,1.0,0.002862996887315813,0.14301241275576096,0.14286222586077593,1.0,0.9425,0.9425
uniform,const,0.22,1000,1.0,1.0,11.384670126564927,11.359261644430939,0.10760784298056865,0.08783741547913676,0.0,0.10450663209158119,0.10613784322730144,0.004768618311499092,0.179024022769923,0.1788636811862734,1.0,0.9475,0.9475,0.020244534429009774,0.18812549102466755,0.18897768002223556,1.0,0.905,0.905,0.020244534429009774,0.18812549102466755,0.18897768002223556,1.0,0.905,0.905,0.003684086967709106,0.15986591383729915,0.15970845352642676,1.0,0.9575,0.9575,0.0,0.0,0.0,1.0,1.0,1.0,-0.003431338988176564,0.10393259876796102,0.10385930007080299,1.0,0.94,0.94
uniform,const,0.22,2000,1.0,1.0,11.384670126564927,11.359261644430939,0.10760784298056865,0.08783741547913676,0.0,0.09488363202001533,0.0953060218147268,-0.005681114148886144,0.12193291598171963,0.12191284578656286,1.0,0.9425,0.9425,-0.000996336571434666,0.13431783615182286,0.1341535336556598,1.0,0.9325,0.9325,-0.000996336571434666,0.13431783615182286,0.1341535336556598,1.0,0.9325,0.9325,-0.004781345675116716,0.10319199333139763,0.10317377227499681,1.0,0.9675,0.9675,0.0,0.0,0.0,1.0,1.0,1.0,0.0018044702665838577,0.06757218029644226,0.06751178166870465,1.0,0.9675,0.9675
uniform,const,0.22,4000,1.0,1.0,11.384670126564927,11.359261644430939,0.10760784298056865,0.08783741547913676,0.0,0.09063898038447578,0.09158261220788617,-0.00163088901633706,0.08775674289683717,0.08766215037309738,1.0,0.9475,0.9475,-0.004681754416011341,0.09617733562424528,0.09617106380024668,1.0,0.9425,0.9425,-0.004681754416011341,0.09617733562424528,0.09617106380024668,1.0,0.9425,0.9425,-0.0036343966511315435,0.07441976257038509,0.07441548325044771,1.0,0.94,0.94,0.0,0.0,0.0,1.0,1.0,1.0,-0.001988803433649374,0.05060650025737016,0.05058231571138428,1.0,0.945,0.945
uniform,const,0.22,8000,1.0,1.0,11.384670126564927,11.359261644430939,0.10760784298056865,0.08783741547913676,0.0,0.09065380192744414,0.0890968021748989,0.00019568957745143972,0.06301235432854793,0.06293384383971895,1.0,0.9425,0.9425,0.003531546052847544,0.06513664882179615,0.06515096223163588,1.0,0.945,0.945,0.003531546052847544,0.06513664882179615,0.06515096223163588,1.0,0.945,0.945,0.0018416710563682022,0.05448025373404297,0.05444326913483662,1.0,0.945,0.945,0.0,0.0,0.0,1.0,1.0,1.0,0.003090501938929846,0.034840459793692616,0.03493385459370109,1.0,0.955,0.955
uniform,const,0.22,16000,1.0,1.0,11.384670126564927,11.359261644430939,0.10760784298056865,0.08783741547913676,0.0,0.08929318963705725,0.08921529927908745,0.0014948993120087418,0.04484373816144851,0.04481258946004868,1.0,0.95,0.95,0.003732587894575429,0.0487880853890812,0.04886981476467021,1.0,0.9275,0.9275,0.003732587894575429,0.0487880853890812,0.04886981476467021,1.0,0.9275,0.9275,0.0014387792000887648,0.037830510975399786,0.03781057758544297,1.0,0.9475,0.9475,0.0,0.0,0.0,1.0,1.0,1.0,0.00037768029363853593,0.02529171672200774,0.02526290560908668,1.0,0.955,0.955
uniform,const,0.22,32000,1.0,1.0,11.384670126564927,11.359261644430939,0.10760784298056865,0.08783741547913676,0.0,0.08825316779933719,0.08845341221560878,-0.0004514797918255106,0.03249487147624578,0.0324573676471077,1.0,0.9475,0.9475,0.0008885967536673339,0.03547597741092657,0.035442745590854675,1.0,0.9375,0.9375,0.0008885967536673339,0.03547597741092657,0.035442745590854675,1.0,0.9375,0.9375,0.00029437156981027837,0.027095251497102343,0.02706296226724102,1.0,0.9525,0.9525,0.0,0.0,0.0,1.0,1.0,1.0,0.0007623849897198601,0.019200786885701194,0.019191919454814566,1.0,0.925,0.925
uniform,const,0.15,125,1.0,1.0,60.09769349287036,59.80503790141682,0.07476770147612259,0.01663957369875824,0.0,0.20527058014975297,0.20262433426439233,-0.0660362771722579,0.9266952298127268,0.9278889635824105,1.0,0.935,0.935,0.25163522520435894,0.5474159852066564,0.6018599394969507,1.0,0.6175,0.6175,0.2769766460644705,0.5016476286709458,0.5724834320379308,1.0,0.6475,0.6475,-0.03362673288652855,0.7384931383047125,0.7383355891459231,1.0,0.97,0.97,0.0,0.0,0.0,1.0,1.0,1.0,-0.02108672326282455,0.3555911556381348,0.3557718471030374,1.0,0.89,0.89
uniform,const,0.15,250,1.0,1.0,60.09769349287036,59.80503790141682,0.07476770147612259,0.01663957369875824,0.0,0.15104642535709792,0.15971472065229517,0.03642149193217294,0.8569938248952436,0.8566964718868483,1.0,0.93,0.93,0.219916216731364,0.46792652000180696,0.516498772924133,1.0,0.6125,0.6125,0.2651360262502102,0.37984648533050497,0.46283880180106424,1.0,0.64,0.64,0.020424278356851965,0.6782211604775171,0.6776807019604214,1.0,0.9775,0.9775,0.0,0.0,0.0,1.0,1.0,1.0,0.0016938721273669244,0.24839445466425303,0.2480895499571992,1.0,0.93,0.93
uniform,const,0.15,500,1.0,1.0,60.09769349287036,59.80503790141682,0.07476770147612259,0.01663957369875824,0.0,0.09810584784122466,0.10798468124045751,0.05696711355157845,0.49301500797709347,0.49568275199145806,1.0,0.895,0.895,0.14045064220715373,0.39729283178596947,0.42091967535320235,1.0,0.6925,0.6925,0.21846952234855904,0.3009684695931375,0.3715972239336831,1.0,0.6875,0.6875,0.020328427906020914,0.4473595927097909,0.44726225378141027,1.0,0.9725,0.9725,0.0,0.0,0.0,1.0,1.0,1.0,-0.004115602643321236,0.1598455913571467,0.15969869983422802,1.0,0.9625,0.9625
uniform,const,0.15,1000,1.0,1.0,60.09769349287036,59.80503790141682,0.07476770147612259,0.01663957369875824,0.0,0.07080562364857271,0.0710930641986621,-0.014924732956765836,0.4670519670666959,0.4667064856468663,1.0,0.91,0.91,0.06227494184687764,0.38681450756493807,0.39131773277808496,1.0,0.715,0.715,0.18762099846827773,0.24116363677501004,0.305313181863355,1.0,0.71,0.71,-0.00530532775121995,0.39752531698497234,0.39706354428786406,1.0,0.975,0.975,0.0,0.0,0.0,1.0,1.0,1.0,0.0007117061413722695,0.11495125794121247,0.11480968490786464,1.0,0.9475,0.9475
uniform,const,0.15,2000,1.0,1.0,60.09769349287036,59.80503790141682,0.07476770147612259,0.01663957369875824,0.0,0.04789883855262346,0.0455244172258477,-0.005107834397447263,0.2983075384194478,0.29797820219171633,1.0,0.9125,0.9125,0.04425448112208502,0.26851472827311906,0.27180575417147257,1.0,0.7775,0.7775,0.1848403309285427,0.16091742502376477,0.2449400530126942,1.0,0.6775,0.6775,0.0026138692681801677,0.2491085993304259,0.24881074903883652,1.0,0.965,0.965,0.0,0.0,0.0,1.0,1.0,1.0,0.0073881968531003235,0.08816907745969352,0.08836819115090772,1.0,0.9375,0.9375
uniform,const,0.15,4000,1.0,1.0,60.09769349287036,59.80503790141682,0.07476770147612259,0.01663957369875824,0.0,0.031629689353868694,0.031275805267183945,-0.0034801605262805304,0.19716938472017892,0.19695351830456156,1.0,0.9475,0.9475,0.014174428679388397,0.20294782619039178,0.20318898846493633,1.0,0.8675,0.8675,0.17124912194994116,0.10677383655997386,0.20173847504114703,1.0,0.65,0.65,-0.00636497258110424,0.16664473351804776,0.1665579596333844,1.0,0.9825,0.9825,0.0,0.0,0.0,1.0,1.0,1.0,-0.0033134616831963105,0.05776502524735418,0.057787846255063946,1.0,0.9525,0.9525
uniform,const,0.15,8000,1.0,1.0,60.09769349287036,59.80503790141682,0.07476770147612259,0.01663957369875824,0.0,0.024731442319079314,0.02461550081808599,0.0010153915889451826,0.14971118139880105,0.14952737294995203,1.0,0.9275,0.9275,0.01701623101114619,0.15395721504264268,0.15470332614831525,1.0,0.8875,0.8875,0.17734466241142843,0.08099936985169132,0.19492466482567994,1.0,0.4375,0.4375,-0.0017796118092153884,0.11840322899561637,0.11826852219922425,1.0,0.965,0.965,0.0,0.0,0.0,1.0,1.0,1.0,-0.004362205586684399,0.041976354791088785,0.04215018580295934,1.0,0.9525,0.9525
uniform,const,0.15,16000,1.0,1.0,60.09769349287036,59.80503790141682,0.07476770147612259,0.01663957369875824,0.0,0.019490095565811036,0.019603522111537472,0.0034919881437955615,0.0991040256466772,0.09904164710274774,1.0,0.945,0.945,0.004965089539389537,0.106666652233294,0.10664887423712448,1.0,0.93,0.93,0.17509394527210204,0.06094610464613566,0.18537268211176303,1.0,0.1775,0.1775,0.0032496166703109564,0.08590485983110469,0.08585892987190792,1.0,0.9575,0.9575,0.0,0.0,0.0,1.0,1.0,1.0,0.0020474077753281352,0.03014476676979478,0.03017659813157846,1.0,0.945,0.945
uniform,const,0.15,32000,1.0,1.0,60.09769349287036,59.80503790141682,0.07476770147612259,0.01663957369875824,0.0,0.01858125006738634,0.017852959975779036,0.0015273206372567185,0.07067973046021758,0.07060784620361378,1.0,0.95,0.95,0.005876390058424932,0.0800469338085453,0.08016248993911064,1.0,0.91,0.91,0.1740925854688119,0.04016840577749156,0.17865524169714148,1.0,0.0125,0.0125,0.0028240842259406908,0.06077250272659116,0.06076215348923706,1.0,0.9475,0.9475,0.0,0.0,0.0,1.0,1.0,1.0,-0.0009572212661088975,0.020066163238152614,0.020063911692008815,1.0,0.965,0.965
uniform,const,0.11,125,1.0,1.0,489.31715382793055,488.72877139484655,0.05496662301985059,0.0020436643027471955,0.0,0.24459211846641324,0.23500126118214182,0.05092014292848567,5.544212798350291,5.537512318312578,1.0,0.9375,0.9375,0.4728150512218663,0.5504953409779695,0.7251493503405287,1.0,0.405,0.405,0.5033924709203287,0.47616191722711815,0.6925079968983284,1.0,0.4375,0.4375,0.17790908171630032,4.638000296215935,4.635614389936569,1.0,0.9675,0.9675,0.0,0.0,0.0,1.0,1.0,1.0,0.011910388651572233,0.4021575519240694,0.40183109285615043,1.0,0.9025,0.9025
uniform,const,0.11,250,1.0,1.0,489.31715382793055,488.72877139484655,0.05496662301985059,0.0020436643027471955,0.0,0.18440398882747597,0.1835972133958258,-0.056073389964082454,2.559037915034052,2.5564521485874594,1.0,0.92,0.92,0.4169893080776758,0.4819410174667439,0.6368410786901132,1.0,0.4275,0.4275,0.4596638497886255,0.38494480986909335,0.5992519546743588,1.0,0.4375,0.4375,-0.050129747531435405,1.1964010395181883,1.1959556849354274,1.0,0.98,0.98,0.0,0.0,0.0,1.0,1.0,1.0,0.002672194478781723,0.27127396677485005,0.2709478395567503,1.0,0.9575,0.9575
uniform,const,0.11,500,1.0,1.0,489.31715382793055,488.72877139484655,0.05496662301985059,0.0020436643027471955,0.0,0.12680532793894744,0.11904077471443117,-0.003879583289624593,1.5041115063167187,1.5022351999744463,1.0,0.8675,0.8675,0.3149634396352855,0.5351081691548883,0.6203441537738917,1.0,0.4425,0.4425,0.4330437552861829,0.3021553654119733,0.5278224267473716,1.0,0.4475,0.4475,0.08622049649247515,1.69696999057285,1.6970391436404655,1.0,0.97,0.97,0.0,0.0,0.0,1.0,1.0,1.0,0.004380492421111768,0.18638409920240542,0.18620250687961962,1.0,0.9475,0.9475
uniform,const,0.11,1000,1.0,1.0,489.31715382793055,488.72877139484655,0.05496662301985059,0.0020436643027471955,0.0,0.08047930790797413,0.08589026067855311,-0.0057060932945851486,1.341557733012919,1.3398918865453033,1.0,0.89,0.89,0.22719607254349533,0.4758755140448976,0.5267916252983867,1.0,0.5125,0.5125,0.386781023490308,0.22269173230302305,0.4461694619191694,1.0,0.4525,0.4525,0.003996483600418763,1.1686558514335776,1.1672009594424533,1.0,0.9725,0.9725,0.0,0.0,0.0,1.0,1.0,1.0,0.0024471711145004427,0.14309300199779193,0.14293497419859102,1.0,0.9275,0.9275
uniform,const,0.11,2000,1.0,1.0,489.31715382793055,488.72877139484655,0.05496662301985059,0.0020436643027471955,0.0,0.049443382581298094,0.05237248468558608,0.019578813867120258,0.7851682550754199,0.7844305550899184,1.0,0.875,0.875,0.18578842178328359,0.4178230612683198,0.4567898947218889,1.0,0.5625,0.5625,0.3917619842302234,0.15364498907336188,0.4207436487918587,1.0,0.29,0.29,0.0168163370040237,0.5809580886743433,0.5804750720180742,1.0,0.985,0.985,0.0,0.0,0.0,1.0,1.0,1.0,-0.0029115350520885703,0.09856467617694037,0.0984844400793851,1.0,0.95,0.95
uniform,const,0.11,4000,1.0,1.0,489.31715382793055,488.72877139484655,0.05496662301985059,0.0020436643027471955,0.0,0.035923977107078675,0.027657122963219805,-0.026132661820164552,0.6384144739030656,0.6381512547206287,1.0,0.86,0.86,0.1372743028020019,0.4150457627379207,0.4366652744535124,1.0,0.5725,0.5725,0.39260372955982314,0.12045988296343196,0.41062390993381953,1.0,0.1425,0.1425,-0.02628863067176148,0.5038774192716622,0.5039333434298003,1.0,0.9775,0.9775,0.0,0.0,0.0,1.0,1.0,1.0,0.006633231832401569,0.064384489744481,0.06464517675666469,1.0,0.96,0.96
uniform,const,0.11,8000,1.0,1.0,489.31715382793055,488.72877139484655,0.05496662301985059,0.0020436643027471955,0.0,0.018707745545037523,0.020049328028805557,0.0240981088100144,0.35906570821337364,0.35942534858570274,1.0,0.87,0.87,0.0969626655833909,0.30123317982160214,0.3160954500952309,1.0,0.68,0.68,0.3860410137175964,0.07731436022049719,0.3936879865993798,1.0,0.01,0.01,0.009297643616340662,0.2949214751591291,0.2946992975824309,1.0,0.99,0.99,0.0,0.0,0.0,1.0,1.0,1.0,0.0029737028765244346,0.047957595344231205,0.04798983259629974,1.0,0.955,0.955
uniform,const,0.11,16000,1.0,1.0,489.31715382793055,488.72877139484655,0.05496662301985059,0.0020436643027471955,0.0,0.010483840044561665,0.010358720768868315,0.01616662222403383,0.26772756460375624,0.2678809687168378,1.0,0.895,0.895,0.055473846396689064,0.24530747397197614,0.25120243834124883,1.0,0.765,0.765,0.38112261058792085,0.05527977079125582,0.38510084098510994,1.0,0.0,0.0,0.011562162970671263,0.22576846336553064,0.22578231588272635,1.0,0.9725,0.9725,0.0,0.0,0.0,1.0,1.0,1.0,-2.9232932994499584e-05,0.03394543946952399,0.033902993720194396,1.0,0.9425,0.9425
uniform,const,0.11,32000,1.0,1.0,489.31715382793055,488.72877139484655,0.05496662301985059,0.0020436643027471955,0.0,0.006047719546826975,0.0062684212281249475,-0.01183834083501437,0.21621408186385044,0.21626789911349126,1.0,0.8925,0.8925,0.007973372476285497,0.22499695974948591,0.22485694893735458,1.0,0.8,0.8,0.3838641054237023,0.03906820604069529,0.3858421443338835,1.0,0.0,0.0,-0.014452449844404098,0.17381180078079483,0.1741949742155068,1.0,0.9725,0.9725,0.0,0.0,0.0,1.0,1.0,1.0,0.0005865902541480474,0.025515763064048545,0.0254905986091946,1.0,0.945,0.945
uniform,const,0.08,125,1.0,1.0,10775.074042676943,10785.923991074085,0.03996184944049149,9.271342917190517e-05,0.0,0.2890191175291541,0.28508761711853836,-0.12434108629226269,2.8711288036677285,2.87023219643859,1.0,0.9225,0.9225,0.6013964241270267,0.47069912119652263,0.7633357239715793,1.0,0.3125,0.3125,0.6210887145216282,0.41884839628925524,0.748830144580548,1.0,0.3225,0.3225,-0.2549905646327957,3.0757287126197057,3.0824465987103395,1.0,0.96,0.96,0.0,0.0,0.0,1.0,1.0,1.0,0.00866884748678001,0.450814422607882,0.45033399653917855,1.0,0.8925,0.8925
uniform,const,0.08,250,1.0,1.0,10775.074042676943,10785.923991074085,0.03996184944049149,9.271342917190517e-05,0.0,0.22112676196460868,0.21942852707508287,-0.08933413482820679,3.6278314336836046,3.624394928341873,1.0,0.915,0.915,0.5635701701549415,0.4334241348507322,0.7106322369256111,1.0,0.285,0.285,0.6024636295371376,0.3416145511098931,0.6923663590840112,1.0,0.2975,0.2975,-0.012003767218319276,1.5528849382197607,1.5509890691745212,1.0,0.9825,0.9825,0.0,0.0,0.0,1.0,1.0,1.0,0.006805281924644917,0.3379187605151931,0.3375647017216522,1.0,0.91,0.91
uniform,const,0.08,500,1.0,1.0,10775.074042676943,10785.923991074085,0.03996184944049149,9.271342917190517e-05,0.0,0.16100351691272471,0.15836683812896488,-0.057860946394130204,2.019900309609763,2.018203447803847,1.0,0.9,0.9,0.49587501398680217,0.4165860850643631,0.64730374311446,1.0,0.28,0.28,0.5694752416934193,0.2769954552959972,0.6331166693041483,1.0,0.26,0.26,-0.09036199200777272,1.1754066880538228,1.1774091131443927,1.0,0.9725,0.9725,0.0,0.0,0.0,1.0,1.0,1.0,-0.0071998418202090875,0.2283404254029258,0.2281684448400834,1.0,0.9375,0.9375
uniform,const,0.08,1000,1.0,1.0,10775.074042676943,10785.923991074085,0.03996184944049149,9.271342917190517e-05,0.0,0.11187121641108934,0.11701501272099143,0.010661068292927288,1.990840312415617,1.9883787856045965,1.0,0.8425,0.8425,0.46751621009019034,0.378012824186448,0.6009225138970796,1.0,0.2925,0.2925,0.5646893637881644,0.18666144502486737,0.5946675259307561,1.0,0.2075,0.2075,-0.005703093196574773,0.6495267118599642,0.6487393639344515,1.0,0.9625,0.9625,0.0,0.0,0.0,1.0,1.0,1.0,-0.015984553700220307,0.163368066904347,0.16394483348934258,1.0,0.9375,0.9375
uniform,const,0.08,2000,1.0,1.0,10775.074042676943,10785.923991074085,0.03996184944049149,9.271342917190517e-05,0.0,0.07083756497312745,0.06710851739486057,-0.10379422036219463,3.261593639231505,3.259167274778531,1.0,0.83,0.83,0.3866646686661077,0.44582522543129854,0.5897226443816295,1.0,0.325,0.325,0.5483009377316508,0.14835969322495257,0.5679696210139896,1.0,0.115,0.115,-0.1920714581915125,2.6075874655808216,2.611399060796605,1.0,0.985,0.985,0.0,0.0,0.0,1.0,1.0,1.0,-0.0036325909864724643,0.1147640208506993,0.11467802425874887,1.0,0.95,0.95
uniform,const,0.08,4000,1.0,1.0,10775.074042676943,10785.923991074085,0.03996184944049149,9.271342917190517e-05,0.0,0.041349141178881686,0.04541250262471227,-0.049261595292065724,3.6460665318579775,3.6418392820961696,1.0,0.81,0.81,0.32325618155876285,0.4694238658632175,0.5694755726484807,1.0,0.3475,0.3475,0.5521372818467695,0.10675499511353527,0.5623377236273374,1.0,0.0075,0.0075,0.14039181525989775,5.102732037655133,5.098282987858147,1.0,0.9875,0.9875,0.0,0.0,0.0,1.0,1.0,1.0,-0.004981682552186208,0.08051940420685505,0.08057284392860349,1.0,0.945,0.945
uniform,const,0.08,8000,1.0,1.0,10775.074042676943,10785.923991074085,0.03996184944049149,9.271342917190517e-05,0.0,0.02676624113975672,0.02366321490559602,-0.29262138873377813,4.601353807091263,4.604905318574168,1.0,0.7925,0.7925,0.2563841282559096,0.42592570601322494,0.49668098060706906,1.0,0.4275,0.4275,0.5495738014519136,0.07671454097185593,0.5548889719906485,1.0,0.0,0.0,-0.2299147549859651,3.1317029219413026,3.1362246536046663,1.0,0.99,0.99,0.0,0.0,0.0,1.0,1.0,1.0,-0.003994199486462276,0.05823180799307699,0.05829596669603211,1.0,0.9425,0.9425
uniform,const,0.08,16000,1.0,1.0,10775.074042676943,10785.923991074085,0.03996184944049149,9.271342917190517e-05,0.0,0.012648959844809834,0.0119547637084551,-0.10834481221099089,1.2984642333065057,1.301358113701354,1.0,0.7925,0.7925,0.19861185519958563,0.38986751316470725,0.4371079445085634,1.0,0.4675,0.4675,0.5511262168259027,0.051500720517543716,0.553521273553351,1.0,0.0,0.0,-0.023340559109107463,1.0136055630135383,1.0126067985541514,1.0,0.9725,0.9725,0.0,0.0,0.0,1.0,1.0,1.0,-0.003230244438088015,0.038310258379614756,0.03839845291805204,1.0,0.9575,0.9575
uniform,const,0.08,32000,1.0,1.0,10775.074042676943,10785.923991074085,0.03996184944049149,9.271342917190517e-05,0.0,0.008454798050399026,0.007642854929152254,-0.07243425014741113,1.6606416564551525,1.6601455071681654,1.0,0.755,0.755,0.21155646998232241,0.3995723157745306,0.45168023029126364,1.0,0.44,0.44,0.5531483527171175,0.03681688594483751,0.5543691860994883,1.0,0.0,0.0,-0.03126240813927914,1.1599356841489206,1.1589065978525994,1.0,0.985,0.985,0.0,0.0,0.0,1.0,1.0,1.0,0.0013985101937788143,0.026477740197632053,0.026481576235573106,1.0,0.9725,0.9725
uniform,const,0.06,125,1.0,1.0,520502.5380673481,521812.063982552,0.029976463291438972,1.9163987746236496e-06,0.0,0.3075067645986755,0.32690810770479545,0.08390248728923444,1.3603556882426326,1.361242376254527,1.0,0.9625,0.9625,0.7397017411852613,0.39804527177551985,0.8397634215655012,1.0,0.175,0.175,0.7530619306216277,0.35806014964943267,0.8336598973452124,1.0,0.19,0.19,-0.05717467515623692,1.6178399544733653,1.6168276180452492,1.0,0.9725,0.9725,0.0,0.0,0.0,1.0,1.0,1.0,0.043820127787114804,0.5160809086817888,0.5172947507411373,1.0,0.8975,0.8975
uniform,const,0.06,250,1.0,1.0,520502.5380673481,521812.063982552,0.029976463291438972,1.9163987746236496e-06,0.0,0.26417921584270565,0.25287585299574494,0.09501902598380609,0.8780015282747866,0.8820363270538465,1.0,0.935,0.935,0.6795555982713211,0.38030434128844376,0.7785021674117055,1.0,0.2025,0.2025,0.7063198719647943,0.32388793775543917,0.7768712243771653,1.0,0.205,0.205,0.03395054973194272,1.9084432118126937,1.9063585034849206,1.0,0.9575,0.9575,0.0,0.0,0.0,1.0,1.0,1.0,0.00554034321714717,0.36979441436593696,0.3693734350585725,1.0,0.925,0.925
uniform,const,0.06,500,1.0,1.0,520502.5380673481,521812.063982552,0.029976463291438972,1.9163987746236496e-06,0.0,0.19314913467468556,0.1972099218408122,0.1083049422932918,3.091795480607837,3.089827059270053,1.0,0.885,0.885,0.6456049843579612,0.3929968110486589,0.7555568629087573,1.0,0.215,0.215,0.6995543838324124,0.24758208797250272,0.7419703390286287,1.0,0.1875,0.1875,-0.09039739196927637,4.005384685658447,4.001396056675944,1.0,0.9725,0.9725,0.0,0.0,0.0,1.0,1.0,1.0,0.018879424124261975,0.2685508582609769,0.2688785919691066,1.0,0.9325,0.9325
uniform,const,0.06,1000,1.0,1.0,520502.5380673481,521812.063982552,0.029976463291438972,1.9163987746236496e-06,0.0,0.13847154264985487,0.15231849569440908,-0.42424834637194536,10.086532010257686,10.082845299486022,1.0,0.855,0.855,0.607447956663378,0.3748951334399598,0.7135741133398731,1.0,0.1825,0.1825,0.6902883648609028,0.17658457489780788,0.7124620575679443,1.0,0.0975,0.0975,-0.6865974759761448,11.790842968474003,11.796094016938897,1.0,0.975,0.975,0.0,0.0,0.0,1.0,1.0,1.0,0.005293875714163596,0.1895130413900852,0.1893500197910073,1.0,0.95,0.95
uniform,const,0.06,2000,1.0,1.0,520502.5380673481,521812.063982552,0.029976463291438972,1.9163987746236496e-06,0.0,0.08898572298310345,0.09877086126262064,0.16493864479799078,1.5889155220746538,1.5954766251803387,1.0,0.7675,0.7675,0.5653952948688787,0.3444849463362193,0.6618497133160243,1.0,0.18,0.18,0.673979284602337,0.13725518231629363,0.687779007881947,1.0,0.02,0.02,0.004257498449971542,1.2549552807387618,1.253392835888063,1.0,0.97,0.97,0.0,0.0,0.0,1.0,1.0,1.0,0.0021465795584320814,0.1345225412895151,0.13437142975164962,1.0,0.935,0.935
uniform,const,0.06,4000,1.0,1.0,520502.5380673481,521812.063982552,0.029976463291438972,1.9163987746236496e-06,0.0,0.05750609267415422,0.056666644468367444,0.09329483235918783,0.778298838734956,0.7829039758585784,1.0,0.7575,0.7575,0.506556702010409,0.36833482568499765,0.6260439759350209,1.0,0.2125,0.2125,0.6658045839923014,0.10222749069159909,0.6735874685359204,1.0,0.0,0.0,-0.024547588058127977,0.6085623284505065,0.6082966557688371,1.0,0.9525,0.9525,0.0,0.0,0.0,1.0,1.0,1.0,-0.0037636989875296134,0.09458836601309897,0.09454499996104573,1.0,0.935,0.935
uniform,const,0.06,8000,1.0,1.0,520502.5380673481,521812.063982552,0.029976463291438972,1.9163987746236496e-06,0.0,0.03358858641038012,0.0359648733650583,0.06090246388682007,3.9830044412959125,3.9784887430457805,1.0,0.695,0.695,0.45179918816682163,0.3456333638829916,0.5685826875676914,1.0,0.2775,0.2775,0.6693449553301133,0.06786385682423106,0.6727679083690552,1.0,0.0,0.0,0.3438155835645119,9.38990974265547,9.384465254785692,1.0,0.975,0.975,0.0,0.0,0.0,1.0,1.0,1.0,0.0025967348941322425,0.06360077474993976,0.0635742788754304,1.0,0.9575,0.9575
uniform,const,0.06,16000,1.0,1.0,520502.5380673481,521812.063982552,0.029976463291438972,1.9163987746236496e-06,0.0,0.018047091222101783,0.01881160787964322,-0.03672646300835291,4.985178860830748,4.979078939610486,1.0,0.6725,0.6725,0.4421291145373576,0.31125736371719565,0.5404785819286423,1.0,0.24,0.24,0.6656844375261889,0.04747782098284268,0.6673711699580108,1.0,0.0,0.0,-0.06370081408026805,2.6575024368879423,2.6549427861584283,1.0,0.9825,0.9825,0.0,0.0,0.0,1.0,1.0,1.0,-0.0041869283117452,0.04460317439623937,0.04474371382656432,1.0,0.955,0.955
uniform,const,0.06,32000,1.0,1.0,520502.5380673481,521812.063982552,0.029976463291438972,1.9163987746236496e-06,0.0,0.010925410256573377,0.008720363178515107,-0.008574426351925518,1.1523593511785883,1.150949940201736,1.0,0.7125,0.7125,0.35434331021237797,0.36558531421443485,0.508800227895595,1.0,0.325,0.325,0.6618686813080913,0.035055581514046835,0.6627940651946964,1.0,0.0,0.0,0.029347062517896615,2.0458172886024713,2.0434691599036516,1.0,0.98,0.98,0.0,0.0,0.0,1.0,1.0,1.0,-0.0005181987247647035,0.03305052613799796,0.03301325437944338,1.0,0.9475,0.9475
uniform,const,0.045,125,1.0,1.0,100954266.95528018,100881954.47263919,0.02243970720249141,9.905475322236464e-09,0.0,0.33271893401799646,0.3473717890779598,0.13547203560734175,0.7658953400846756,0.776840945892471,1.0,0.955,0.955,0.801184995047538,0.33720747638421716,0.8690926338506225,1.0,0.1275,0.1275,0.8080354631501605,0.3145862506055141,0.8669708227533696,1.0,0.1275,0.1275,-0.0043100210468129466,0.7328872964526634,0.7319833031633057,1.0,0.98,0.98,0.0,0.0,0.0,1.0,1.0,1.0,-0.0009188683720315716,0.6033414703627831,0.6025875221525595,1.0,0.8425,0.8425
uniform,const,0.045,250,1.0,1.0,100954266.95528018,100881954.47263919,0.02243970720249141,9.905475322236464e-09,0.0,0.28604045079954316,0.28038772145239527,0.45612178290139666,6.610304197130402,6.617773670615402,1.0,0.945,0.945,0.7432674049561928,0.37467296450689447,0.8321510175604346,1.0,0.155,0.155,0.7607644998984847,0.29784266302040535,0.8168543937514755,1.0,0.165,0.165,-0.20115458709077053,4.410462233804281,4.409536238759351,1.0,0.9675,0.9675,0.0,0.0,0.0,1.0,1.0,1.0,-0.0361687046862067,0.436217283185273,0.4371704239228047,1.0,0.9025,0.9025
uniform,const,0.045,500,1.0,1.0,100954266.95528018,100881954.47263919,0.02243970720249141,9.905475322236464e-09,0.0,0.24078022588139425,0.24198813739278335,0.5437610605703241,10.102978791798376,10.10498298402088,1.0,0.915,0.915,0.7405616454355822,0.3334274829399001,0.8119898412874051,1.0,0.135,0.135,0.7724569822679563,0.22111419374400798,0.803404659815272,1.0,0.1075,0.1075,0.25913112612378997,6.301240234807994,6.298691401080655,1.0,0.9625,0.9625,0.0,0.0,0.0,1.0,1.0,1.0,-0.0025852446592177247,0.31543174300539023,0.31504781386978076,1.0,0.9325,0.9325
uniform,const,0.045,1000,1.0,1.0,100954266.95528018,100881954.47263919,0.02243970720249141,9.905475322236464e-09,0.0,0.17203987924745603,0.17303596343187153,0.12202546328241684,0.535338826347344,0.5484171801983895,1.0,0.8925,0.8925,0.7087886930647289,0.3186599594292537,0.7769631398821322,1.0,0.1425,0.1425,0.761843142650568,0.17285421442673427,0.7811586631409553,1.0,0.0625,0.0625,0.05809459269996249,0.9885958281269064,0.9890669283786732,1.0,0.9775,0.9775,0.0,0.0,0.0,1.0,1.0,1.0,-0.0008696998348795709,0.2098564197684482,0.20959573946895688,1.0,0.9375,0.9375
uniform,const,0.045,2000,1.0,1.0,100954266.95528018,100881954.47263919,0.02243970720249141,9.905475322236464e-09,0.0,0.1303947237130177,0.11162147852479415,0.015781463899694738,2.263980575565223,2.2612039008066285,1.0,0.7925,0.7925,0.6662310738267765,0.33736687276463956,0.7465893848389988,1.0,0.145,0.145,0.749940290264677,0.12609549442006177,0.7604411630698494,1.0,0.0125,0.0125,-0.023876685077777324,1.8605691862590368,1.8583954096759858,1.0,0.98,0.98,0.0,0.0,0.0,1.0,1.0,1.0,-0.005067229323583058,0.1458469681025235,0.1457526554559283,1.0,0.9375,0.9375
uniform,const,0.045,4000,1.0,1.0,100954266.95528018,100881954.47263919,0.02243970720249141,9.905475322236464e-09,0.0,0.07540751682026721,0.08155120753067446,0.16651824941738916,1.0996063644967127,1.1107833491903834,1.0,0.72,0.72,0.6346007988809421,0.30980331136413314,0.706014391102038,1.0,0.1575,0.1575,0.7493917105174396,0.09497485153978207,0.7553711721142097,1.0,0.0,0.0,0.027931928202931146,0.6955652500590764,0.6952565585164622,1.0,0.9775,0.9775,0.0,0.0,0.0,1.0,1.0,1.0,0.0039521790061973865,0.11201159600655733,0.11194128311187698,1.0,0.9375,0.9375
uniform,const,0.045,8000,1.0,1.0,100954266.95528018,100881954.47263919,0.02243970720249141,9.905475322236464e-09,0.0,0.05229410582047089,0.04418995443841707,0.14725715181317287,0.7518446373953108,0.765207064553944,1.0,0.63,0.63,0.6194185816452197,0.30183761869801345,0.6888813849121703,1.0,0.15,0.15,0.7542101602198159,0.06165275374085955,0.7567195815938174,1.0,0.0,0.0,0.00905578761895438,0.6709928491112753,0.6702147658317967,1.0,0.9775,0.9775,0.0,0.0,0.0,1.0,1.0,1.0,-0.0018571877754084726,0.07563817680963669,0.07556639532914927,1.0,0.9475,0.9475
uniform,const,0.045,16000,1.0,1.0,100954266.95528018,100881954.47263919,0.02243970720249141,9.905475322236464e-09,0.0,0.027025604809100674,0.026863180974864783,0.08617541331935463,0.38270163644982125,0.39181704026979136,1.0,0.6,0.6,0.5543383469840478,0.3040580542227484,0.6320689638195235,1.0,0.1875,0.1875,0.7464581859651684,0.04749553041388307,0.7479639090492153,1.0,0.0,0.0,-0.0271687419532159,0.40162769588878733,0.4020443814170201,1.0,0.9825,0.9825,0.0,0.0,0.0,1.0,1.0,1.0,-0.0009848108514733309,0.05420596602474437,0.054147122621679825,1.0,0.9325,0.9325
uniform,const,0.045,32000,1.0,1.0,100954266.95528018,100881954.47263919,0.02243970720249141,9.905475322236464e-09,0.0,0.015109314027832506,0.016455753502871075,0.1981409514663238,2.048814849259124,2.055822953825622,1.0,0.585,0.585,0.5401156344912588,0.30226448674112455,0.6187570678520837,1.0,0.18,0.18,0.7499395628214129,0.032023069533655524,0.7506212501486176,1.0,0.0,0.0,0.017812782280917698,1.3811580986841607,1.3795455753760115,1.0,0.9925,0.9925,0.0,0.0,0.0,1.0,1.0,1.0,-0.0007912784922700125,0.037407294410452145,0.037368884550850565,1.0,0.945,0.945
uniform,smooth,1.0,125,1.7467188711891402,1.7608244285322865,2.175524899046579,2.175037320443398,0.23105022215412238,0.45965918406093564,0.0,0.4575497839627654,0.4643050654115038,0.0038820582981101983,0.27245662444001034,0.2721435302324339,1.0,0.9425,0.9425,0.021150567474270413,0.23096427297405817,0.23164300260625795,1.0,0.9425,0.9425,0.021150567474270413,0.23096427297405817,0.23164300260625795,1.0,0.9425,0.9425,0.016390882173418875,0.1923659204122359,0.19282322665106885,1.0,0.9425,0.9425,0.001959667077195292,0.017228809007844213,0.01731848940388985,1.0,0.9475,0.9475,0.02127879832630737,0.22676428385625058,0.22747807056937983,1.0,0.94,0.94
uniform,smooth,1.0,250,1.7467188711891402,1.7608244285322865,2.175524899046579,2.175037320443398,0.23105022215412238,0.45965918406093564,0.0,0.4628749267778822,0.45741926131810734,-0.0001034203205642753,0.18680047819486337,0.1865668601412313,1.0,0.9475,0.9475,-0.0019322717841947945,0.16118681562670548,0.1609968019318888,1.0,0.93,0.93,-0.0019322717841947945,0.16118681562670548,0.1609968019318888,1.0,0.93,0.93,-0.008001709552701044,0.13606743249801562,0.1361326106298609,1.0,0.9275,0.9275,-0.0005633371198839044,0.012795914330782495,0.012792319324988026,1.0,0.96,0.96,-0.0024087232533313062,0.15766013984788677,0.15748136348572872,1.0,0.9375,0.9375
uniform,smooth,1.0,500,1.7467188711891402,1.7608244285322865,2.175524899046579,2.175037320443398,0.23105022215412238,0.45965918406093564,0.0,0.45897098079730875,0.46086140236001755,-0.010247939354973827,0.12312023870550487,0.12339253201460967,1.0,0.965,0.965,-0.0035242107393939487,0.11524040624499586,0.11515020805351836,1.0,0.9525,0.9525,-0.0035242107393939487,0.11524040624499586,0.11515020805351836,1.0,0.9525,0.9525,-0.0059613124433268725,0.09718372941290215,0.09724506576423632,1.0,0.94,0.94,0.00017472043646818812,0.00873139270471152,0.008722221778216799,1.0,0.9475,0.9475,-0.003757862953252714,0.11309265235346992,0.11301369244599248,1.0,0.955,0.955
uniform,smooth,1.0,1000,1.7467188711891402,1.7608244285322865,2.175524899046579,2.175037320443398,0.23105022215412238,0.45965918406093564,0.0,0.4586336881652939,0.4610354346959869,-0.0016290527717432413,0.08928817676908957,0.08919137501689521,1.0,0.9625,0.9625,0.005631947200879499,0.07669961584380994,0.07681043433144383,1.0,0.955,0.955,0.005631947200879499,0.07669961584380994,0.07681043433144383,1.0,0.955,0.955,0.0036126770895181393,0.0630817538296882,0.0631063454243465,1.0,0.955,0.955,-6.692872963945884e-05,0.006075991869897886,0.00606876119689255,1.0,0.9525,0.9525,0.005241458321151581,0.07480625187579093,0.07489631677684412,1.0,0.9525,0.9525
uniform,smooth,1.0,2000,1.7467188711891402,1.7608244285322865,2.175524899046579,2.175037320443398,0.23105022215412238,0.45965918406093564,0.0,0.4596018494571989,0.4599969701641494,0.0009283965223036433,0.06049090248505876,0.06042237441834664,1.0,0.97,0.97,0.0020881527295035897,0.05017174041500238,0.050152476601374736,1.0,0.9675,0.9675,0.0020881527295035897,0.05017174041500238,0.050152476601374736,1.0,0.9675,0.9675,0.0008589943942316369,0.041676908858535096,0.041633642544725236,1.0,0.9775,0.9775,0.00022534774692925752,0.004459567060225704,0.004459686157767673,1.0,0.9475,0.9475,0.002370565280881618,0.04915827463108376,0.049153984625299824,1.0,0.9625,0.9625
uniform,smooth,1.0,4000,1.7467188711891402,1.7608244285322865,2.175524899046579,2.175037320443398,0.23105022215412238,0.45965918406093564,0.0,0.45935770674930454,0.46022557808187287,-0.0004936267106936843,0.04706346540281442,0.04700719113723043,1.0,0.9525,0.9525,0.0015077446408119622,0.03993654753471197,0.039915082404045274,1.0,0.9575,0.9575,0.0015077446408119622,0.03993654753471197,0.039915082404045274,1.0,0.9575,0.9575,0.0020500210341768232,0.033330844050640004,0.03335221714452925,1.0,0.955,0.955,0.00021000623860655375,0.0029893555569959255,0.002992993259227414,1.0,0.95,0.95,0.0011218123646210055,0.039141433290484404,0.03910856854341225,1.0,0.9575,0.9575
uniform,smooth,1.0,8000,1.7467188711891402,1.7608244285322865,2.175524899046579,2.175037320443398,0.23105022215412238,0.45965918406093564,0.0,0.45955786012446354,0.4599010975177899,-0.001500680664902061,0.03421780877945148,0.03420794255770069,1.0,0.925,0.925,-0.0006726993599804204,0.02841838803469239,0.028390813496147655,1.0,0.9525,0.9525,-0.0006726993599804204,0.02841838803469239,0.028390813496147655,1.0,0.9525,0.9525,-0.00020499668477352295,0.023642386562707778,0.023613704917173038,1.0,0.9525,0.9525,9.106727726999441e-05,0.002216418811321542,0.0022155189720021395,1.0,0.955,0.955,-0.0006071335154266066,0.027867089764323005,0.02783885533402116,1.0,0.9525,0.9525
uniform,smooth,1.0,16000,1.7467188711891402,1.7608244285322865,2.175524899046579,2.175037320443398,0.23105022215412238,0.45965918406093564,0.0,0.4596769100156473,0.4597242418075278,6.202400306867806e-06,0.023219521562298225,0.023190479826813562,1.0,0.96,0.96,-0.00024029438315478657,0.01905281853000161,0.01903050473825919,1.0,0.9525,0.9525,-0.00024029438315478657,0.01905281853000161,0.01903050473825919,1.0,0.9525,0.9525,0.0002559128120108112,0.017051736590309792,0.017032331250031448,1.0,0.9475,0.9475,-4.923723616184039e-05,0.0015971271111072023,0.0015958891806563233,1.0,0.94,0.94,-0.00021369105214601836,0.018764475762592,0.018742223737701395,1.0,0.955,0.955
uniform,smooth,1.0,32000,1.7467188711891402,1.7608244285322865,2.175524899046579,2.175037320443398,0.23105022215412238,0.45965918406093564,0.0,0.4596461624132364,0.45983652407331266,0.00024210005761340247,0.016732509184827354,0.016713334015066455,1.0,0.935,0.935,0.0005974013675537359,0.014169934485563213,0.014164814298493143,1.0,0.9325,0.9325,0.0005974013675537359,0.014169934485563213,0.014164814298493143,1.0,0.9325,0.9325,0.000513552101288694,0.012065634799879732,0.012061481253436358,1.0,0.9525,0.9525,9.887354579912023e-05,0.0011014803387870916,0.0011045369018061735,1.0,0.9675,0.9675,0.0005879623243262905,0.013907671445203438,0.013902714354038385,1.0,0.9375,0.9375
uniform,smooth,0.6,125,1.7469391166610582,1.7828352077292269,2.5318412392826257,2.5310197088994095,0.20469921196866195,0.39496947300034535,0.0,0.39762884781011887,0.4019218463508754,-0.01801747434950156,0.2652404827716262,0.26552073704064616,1.0,0.9625,0.9625,0.014543855856357197,0.23944508469364323,0.2395874317564605,1.0,0.9525,0.9525,0.014543855856357197,0.23944508469364323,0.2395874317564605,1.0,0.9525,0.9525,0.0005404438790160659,0.2015474062778048,0.20129603986281897,1.0,0.9675,0.9675,0.0013936499814133484,0.018612490917958083,0.018641379144160388,1.0,0.935,0.935,0.008778892460833678,0.22812496496324525,0.22800869740696747,1.0,0.9525,0.9525
uniform,smooth,0.6,250,1.7469391166610582,1.7828352077292269,2.5318412392826257,2.5310197088994095,0.20469921196866195,0.39496947300034535,0.0,0.396283378750599,0.39750978510539636,0.0008209662335705325,0.2035534815445651,0.2033005380830262,1.0,0.9375,0.9375,0.015323853843626112,0.18438795625656668,0.18479378131599336,1.0,0.9375,0.9375,0.015323853843626112,0.18438795625656668,0.18479378131599336,1.0,0.9375,0.9375,0.008517955230235718,0.15271417235473606,0.15276082597708535,1.0,0.945,0.945,-0.0003845488219954252,0.012817987649869824,0.01280772943070835,1.0,0.94,0.94,0.013215686185077949,0.17311104490593462,0.17339887440550447,1.0,0.9375,0.9375
uniform,smooth,0.6,500,1.7469391166610582,1.7828352077292269,2.5318412392826257,2.5310197088994095,0.20469921196866195,0.39496947300034535,0.0,0.3954559565696067,0.39706881861478655,-0.001775686089147913,0.1444477446958492,0.1442779994712816,1.0,0.9375,0.9375,0.0030831472842981,0.1258959199419716,0.12577624576432114,1.0,0.945,0.945,0.0030831472842981,0.1258959199419716,0.12577624576432114,1.0,0.945,0.945,-0.0005938794079516562,0.10480188682305132,0.10467248724339492,1.0,0.935,0.935,0.00027291783333265095,0.009004204287635134,0.008997082291503412,1.0,0.955,0.955,0.0024016004432075733,0.11764683258170155,0.11752422285705386,1.0,0.9425,0.9425
uniform,smooth,0.6,1000,1.7469391166610582,1.7828352077292269,2.5318412392826257,2.5310197088994095,0.20469921196866195,0.39496947300034535,0.0,0.3951232733968845,0.39645761897878173,0.004116162851726659,0.09409279877743303,0.09406521111143062,1.0,0.9575,0.9575,0.008183940917887052,0.08513296435991383,0.08541943254085722,1.0,0.9475,0.9475,0.008183940917887052,0.08513296435991383,0.08541943254085722,1.0,0.9475,0.9475,0.004874226932795094,0.07170981003045615,0.07178578689866112,1.0,0.9425,0.9425,0.00010547563257336134,0.006502264198245958,0.006494987776247036,1.0,0.94,0.94,0.006653818693645359,0.07889330852603015,0.07907507222927986,1.0,0.9475,0.9475
uniform,smooth,0.6,2000,1.7469391166610582,1.7828352077292269,2.5318412392826257,2.5310197088994095,0.20469921196866195,0.39496947300034535,0.0,0.3948985833277126,0.39533264268613905,-4.474472331143675e-05,0.07054004705538838,0.07045183102709418,1.0,0.9475,0.9475,0.0018649894619392965,0.06008795925010376,0.060041774002923744,1.0,0.955,0.955,0.0018649894619392965,0.06008795925010376,0.060041774002923744,1.0,0.955,0.955,0.0017873597880752085,0.04985218860933971,0.049821905447105845,1.0,0.955,0.955,-8.64313620422319e-05,0.004587296264716406,0.0045823737498238695,1.0,0.94,0.94,0.0012736285105823886,0.056750415338080965,0.05669374080553383,1.0,0.9525,0.9525
uniform,smooth,0.6,4000,1.7469391166610582,1.7828352077292269,2.5318412392826257,2.5310197088994095,0.20469921196866195,0.39496947300034535,0.0,0.39486926127982164,0.3947853237349157,-0.0006953804938649438,0.04885126601273243,0.04879511891163272,1.0,0.9425,0.9425,-0.0018992046860543915,0.043285488346042296,0.0432730446818976,1.0,0.95,0.95,-0.0018992046860543915,0.043285488346042296,0.0432730446818976,1.0,0.95,0.95,8.579177238039192e-05,0.03685503309288049,0.03680903545116105,1.0,0.9475,0.9475,-0.0005138937963140999,0.003258700206385808,0.0032949455308701656,1.0,0.94,0.94,-0.0016292823685687963,0.040825749263538345,0.04080722374112833,1.0,0.95,0.95
uniform,smooth,0.6,8000,1.7469391166610582,1.7828352077292269,2.5318412392826257,2.5310197088994095,0.20469921196866195,0.39496947300034535,0.0,0.3952243675898525,0.39468831056224546,-0.0022247458710694303,0.0323853521380079,0.03242126616452319,1.0,0.9575,0.9575,-0.0035015507216931458,0.030180843093486447,0.030345789478371698,1.0,0.95,0.95,-0.0035015507216931458,0.030180843093486447,0.030345789478371698,1.0,0.95,0.95,-0.003023679225051681,0.024715505564936385,0.024869091476129253,1.0,0.9575,0.9575,-0.00017876539396613933,0.0022193040785296455,0.002223725338834754,1.0,0.96,0.96,-0.0032520276305098073,0.02872520388949309,0.028873000863372616,1.0,0.9475,0.9475
uniform,smooth,0.6,16000,1.7469391166610582,1.7828352077292269,2.5318412392826257,2.5310197088994095,0.20469921196866195,0.39496947300034535,0.0,0.39496814294742566,0.39500119919321774,-0.0001895079892244217,0.02303944935365833,0.023011412369332473,1.0,0.965,0.965,0.00014274771347978722,0.021129542737750865,0.021103597069584562,1.0,0.9425,0.9425,0.00014274771347978722,0.021129542737750865,0.021103597069584562,1.0,0.9425,0.9425,-0.00023254726565509031,0.01664319748674666,0.01662400706078883,1.0,0.9575,0.9575,-0.00021133793954272118,0.0015354868002680096,0.001548059798329173,1.0,0.97,0.97,0.00029829504302166963,0.01962508861917295,0.019602811609175028,1.0,0.9575,0.9575
uniform,smooth,0.6,32000,1.7469391166610582,1.7828352077292269,2.5318412392826257,2.5310197088994095,0.20469921196866195,0.39496947300034535,0.0,0.39498832061203837,0.39509658927841795,-0.0008228489195409971,0.016607663212646964,0.01660728820535235,1.0,0.9575,0.9575,-0.00037449459190373345,0.0142893131416696,0.014276353003652752,1.0,0.955,0.955,-0.00037449459190373345,0.0142893131416696,0.014276353003652752,1.0,0.955,0.955,-0.0007099903586985329,0.011949821835695637,0.011955974766180755,1.0,0.955,0.955,-0.00010608211090089137,0.0011011655122436144,0.0011048925223271918,1.0,0.96,0.96,-0.00045143954630100404,0.013291570111302125,0.013282619060169015,1.0,0.9525,0.9525
uniform,smooth,0.4,125,1.7468278017482766,1.816242788545697,3.4164793014990438,3.42379415840257,0.16965758508000361,0.29207363344137693,0.0,0.30890955651312607,0.3032404884651831,-0.0056976584452859535,0.3200979001885026,0.3197482953083331,1.0,0.95,0.95,0.02216972923022044,0.2837725546827089,0.28428338419315763,1.0,0.915,0.915,0.02216972923022044,0.2837725546827089,0.28428338419315763,1.0,0.915,0.915,0.0017346293781909544,0.23504795783483276,0.23476037264666108,1.0,0.9625,0.9625,-0.0005777834449144592,0.01811458217938147,0.018101148472512676,1.0,0.9525,0.9525,0.011309427461828286,0.24071681249751145,0.24068158531331188,1.0,0.95,0.95
uniform,smooth,0.4,250,1.7468278017482766,1.816242788545697,3.4164793014990438,3.42379415840257,0.16965758508000361,0.29207363344137693,0.0,0.3009045861079263,0.2994727006734785,-0.004295582292745054,0.2278921710691308,0.2276476588013793,1.0,0.93,0.93,0.025694953102538574,0.21577797185801306,0.21703447519058175,1.0,0.9125,0.9125,0.025694953102538574,0.21577797185801306,0.21703447519058175,1.0,0.9125,0.9125,0.004236181215800083,0.17445830389392308,0.17429158264053848,1.0,0.94,0.94,0.000148114530588348,0.01311367202161004,0.013098107146446904,1.0,0.94,0.94,0.015152965875687242,0.1849401454161478,0.18532933555675765,1.0,0.92,0.92
uniform,smooth,0.4,500,1.7468278017482766,1.816242788545697,3.4164793014990438,3.42379415840257,0.16965758508000361,0.29207363344137693,0.0,0.2941167018939477,0.2965098765079572,0.00429264264297968,0.15594036510829537,0.1558044632136497,1.0,0.95,0.95,-0.0042542554332090175,0.14665366084324086,0.1465319988515085,1.0,0.945,0.945,-0.0042542554332090175,0.14665366084324086,0.1465319988515085,1.0,0.945,0.945,-0.0016828653500495583,0.12269094297537339,0.1225490385733493,1.0,0.9525,0.9525,0.0001311850404697579,0.008721552597558043,0.008711631622579928,1.0,0.955,0.955,-0.001321352461177046,0.12749360161626186,0.1273409905697299,1.0,0.9325,0.9325
uniform,smooth,0.4,1000,1.7468278017482766,1.816242788545697,3.4164793014990438,3.42379415840257,0.16965758508000361,0.29207363344137693,0.0,0.2930239579966642,0.2937622469709339,-0.0025528549799900147,0.11596266970335628,0.11584575728686289,1.0,0.95,0.95,0.0019651179950937857,0.11137580973438074,0.11125385950715892,1.0,0.93,0.93,0.0019651179950937857,0.11137580973438074,0.11125385950715892,1.0,0.93,0.93,-0.003553737027317649,0.08816945384582836,0.08813085161765037,1.0,0.9375,0.9375,-0.00077967544142802,0.006197415727563379,0.006238576407319644,1.0,0.9575,0.9575,0.00039416640348902186,0.0911992220622187,0.09108600455967773,1.0,0.93,0.93
uniform,smooth,0.4,2000,1.7468278017482766,1.816242788545697,3.4164793014990438,3.42379415840257,0.16965758508000361,0.29207363344137693,0.0,0.29294143596619243,0.2934841426424364,-0.005074545082140083,0.07900329060099053,0.07906748468087732,1.0,0.9475,0.9475,-0.003576458232190173,0.07322764660878209,0.07322344952798676,1.0,0.9525,0.9525,-0.003576458232190173,0.07322764660878209,0.07322344952798676,1.0,0.9525,0.9525,-0.006072093692310233,0.058889912100527145,0.05912885940594481,1.0,0.945,0.945,3.194332942415945e-05,0.004696978435053172,0.00469121229317123,1.0,0.93,0.93,-0.003467465316384115,0.061999083917576844,0.06201854566436168,1.0,0.96,0.96
uniform,smooth,0.4,4000,1.7468278017482766,1.816242788545697,3.4164793014990438,3.42379415840257,0.16965758508000361,0.29207363344137693,0.0,0.2930208182103282,0.2925878803341895,0.004302554441202417,0.05818161674065716,0.05826791355420097,1.0,0.93,0.93,0.0011219204463920756,0.054799690481655686,0.054742645781703715,1.0,0.935,0.935,0.0011219204463920756,0.054799690481655686,0.054742645781703715,1.0,0.935,0.935,0.001486118618498946,0.04390360784380639,0.04387387050736156,1.0,0.95,0.95,6.347275094578775e-05,0.0030164108360730348,0.0030133065370555154,1.0,0.9625,0.9625,0.0025740095780129235,0.04724276545448352,0.04725383281677345,1.0,0.915,0.915
uniform,smooth,0.4,8000,1.7468278017482766,1.816242788545697,3.4164793014990438,3.42379415840257,0.16965758508000361,0.29207363344137693,0.0,0.2928797206633446,0.292726238504687,-0.0008079031439906914,0.03760537007351995,0.037567022189821546,1.0,0.965,0.965,0.0011331033971683868,0.03558257927461748,0.035556132681627876,1.0,0.9525,0.9525,0.0011331033971683868,0.03558257927461748,0.035556132681627876,1.0,0.9525,0.9525,8.152727718584996e-06,0.02886989443994902,0.028833785641645012,1.0,0.9525,0.9525,2.330589163702157e-05,0.0022222637295910806,0.0022196065210373247,1.0,0.9475,0.9475,-0.0008019327855289637,0.03012594567892905,0.030098949611816448,1.0,0.965,0.965
uniform,smooth,0.4,16000,1.7468278017482766,1.816242788545697,3.4164793014990438,3.42379415840257,0.16965758508000361,0.29207363344137693,0.0,0.29244017906507574,0.29233529421908416,-0.0002662109672266727,0.02797729256620223,0.02794356715535096,1.0,0.95,0.95,-8.910399696729243e-05,0.027746852737409178,0.027712290716605654,1.0,0.9375,0.9375,-8.910399696729243e-05,0.027746852737409178,0.027712290716605654,1.0,0.9375,0.9375,0.00025574984110899923,0.020649925880119477,0.02062568297629243,1.0,0.94,0.94,-3.2247098831215684e-05,0.0015628301187698365,0.0015612084295720528,1.0,0.9575,0.9575,0.0005071895183747704,0.023740566019251813,0.023716295662154264,1.0,0.9275,0.9275
uniform,smooth,0.4,32000,1.7468278017482766,1.816242788545697,3.4164793014990438,3.42379415840257,0.16965758508000361,0.29207363344137693,0.0,0.2925064387411686,0.2925577088376046,-0.002058191056397391,0.020083791863681547,0.02016398892355518,1.0,0.94,0.94,-0.00042331860427761157,0.01907406709495287,0.019054912335002602,1.0,0.9475,0.9475,-0.00042331860427761157,0.01907406709495287,0.019054912335002602,1.0,0.9475,0.9475,-0.000597850468172017,0.015793744292314244,0.015785315266296545,1.0,0.9375,0.9375,8.28975647008956e-05,0.0010735851766121385,0.0010754420834457113,1.0,0.9575,0.9575,-0.0005292552480130786,0.016236581624881844,0.01622490762752893,1.0,0.9275,0.9275
uniform,smooth,0.3,125,1.746865860527467,1.8498681221036792,5.200851101754259,5.198275780388786,0.13968083718904004,0.192276221801985,0.0,0.23153472619011542,0.2307728782013113,-0.016085297177550546,0.40763616519582424,0.4074439370673081,1.0,0.955,0.955,0.02934219487941,0.37144199004837736,0.37213598790161695,1.0,0.88,0.88,0.02934219487941,0.37144199004837736,0.37213598790161695,1.0,0.88,0.88,-0.012289877671302163,0.29581616632278096,0.29570166949213866,1.0,0.955,0.955,-0.0008764554998027524,0.017484494033665247,0.017484605715525212,1.0,0.9575,0.9575,0.0074750233285896415,0.2700704389928137,0.2698361963979066,1.0,0.9475,0.9475
uniform,smooth,0.3,250,1.746865860527467,1.8498681221036792,5.200851101754259,5.198275780388786,0.13968083718904004,0.192276221801985,0.0,0.21561590953255083,0.20889904266825013,0.0032825831975679927,0.2503783095294826,0.25008668495260444,1.0,0.97,0.97,0.03565022184598334,0.26791542846237154,0.2699447507061834,1.0,0.895,0.895,0.03565022184598334,0.26791542846237154,0.2699447507061834,1.0,0.895,0.895,0.011799359115093942,0.2020064912727006,0.20209856712887367,1.0,0.9575,0.9575,-0.0006028362795049668,0.012146340399929045,0.012146117187317867,1.0,0.9525,0.9525,0.015582609005380808,0.19036324254145226,0.19076264415244698,1.0,0.945,0.945
uniform,smooth,0.3,500,1.746865860527467,1.8498681221036792,5.200851101754259,5.198275780388786,0.13968083718904004,0.192276221801985,0.0,0.20402709564720226,0.2018626427382805,0.010143101995779794,0.19115190204295207,0.19118207172378515,1.0,0.945,0.945,0.024966297783253898,0.18880910910091436,0.19021848886289783,1.0,0.925,0.925,0.024966297783253898,0.18880910910091436,0.19021848886289783,1.0,0.925,0.925,0.007121131950437692,0.1570541859927037,0.15701930714005122,1.0,0.9175,0.9175,0.0003135369962855711,0.008900950418122257,0.008895344653134352,1.0,0.955,0.955,0.00785787839060562,0.13883605740774982,0.13888487485049705,1.0,0.93,0.93
uniform,smooth,0.3,1000,1.746865860527467,1.8498681221036792,5.200851101754259,5.198275780388786,0.13968083718904004,0.192276221801985,0.0,0.19900743593755266,0.19663844827928034,0.0005140333867044544,0.13189959270680948,0.13173561792527608,1.0,0.9575,0.9575,0.005339536125056856,0.13700616804847232,0.13693894261366527,1.0,0.93,0.93,0.005339536125056856,0.13700616804847232,0.13693894261366527,1.0,0.93,0.93,0.0002045790934020869,0.10988012776463707,0.10974288233860313,1.0,0.9375,0.9375,0.0003446558494339674,0.006288918752740749,0.006290501608411436,1.0,0.9525,0.9525,-0.00014473975135102514,0.09554020690153202,0.09542081668350044,1.0,0.9425,0.9425
uniform,smooth,0.3,2000,1.746865860527467,1.8498681221036792,5.200851101754259,5.198275780388786,0.13968083718904004,0.192276221801985,0.0,0.19371313245090074,0.19442093597298626,-0.004354023037858557,0.10014329267756561,0.10011276086118097,1.0,0.935,0.935,-0.006998758806848236,0.09107495447594023,0.09122989279451685,1.0,0.9525,0.9525,-0.006998758806848236,0.09107495447594023,0.09122989279451685,1.0,0.9525,0.9525,-0.007260742019075218,0.07411843107438154,0.07438095418205586,1.0,0.95,0.95,-0.00013171819810036179,0.004473588317383106,0.004469933963276622,1.0,0.94,0.94,-0.003368231314424378,0.06614105704189296,0.06614414418706967,1.0,0.9575,0.9575
uniform,smooth,0.3,4000,1.746865860527467,1.8498681221036792,5.200851101754259,5.198275780388786,0.13968083718904004,0.192276221801985,0.0,0.19419402700125218,0.1946641664421874,0.0014017229963937622,0.0632254449834084,0.06316191952810846,1.0,0.9725,0.9725,0.004586437684274617,0.06130694936143795,0.06140180042586404,1.0,0.965,0.965,0.004586437684274617,0.06130694936143795,0.06140180042586404,1.0,0.965,0.965,8.484865011603892e-05,0.04878683929697996,0.04872589146091943,1.0,0.9625,0.9625,-0.00010246898141313631,0.003083060017048409,0.003080908277310861,1.0,0.96,0.96,0.00033866264707988093,0.046108634204516885,0.0460522076042393,1.0,0.955,0.955
uniform,smooth,0.3,8000,1.746865860527467,1.8498681221036792,5.200851101754259,5.198275780388786,0.13968083718904004,0.192276221801985,0.0,0.19310955958512305,0.19311994416164133,0.0003911570249215307,0.0483638145374667,0.04830490569332565,1.0,0.925,0.925,0.0015720829143936576,0.049106756096651646,0.04907052328322903,1.0,0.93,0.93,0.0015720829143936576,0.049106756096651646,0.04907052328322903,1.0,0.93,0.93,-0.0006545056284564399,0.03620695915112996,0.036167594734262405,1.0,0.9475,0.9475,-5.3909644851953263e-05,0.0022237489872932318,0.002221621740845979,1.0,0.9525,0.9525,0.0009702808640858778,0.03482480750323508,0.034794780421041546,1.0,0.925,0.925
uniform,smooth,0.3,16000,1.746865860527467,1.8498681221036792,5.200851101754259,5.198275780388786,0.13968083718904004,0.192276221801985,0.0,0.19233828750374818,0.19205500350507915,0.0002505925020347577,0.03285623858349383,0.032816099393786984,1.0,0.95,0.95,-0.0032015937524241065,0.0318553251055967,0.03197616355654416,1.0,0.9575,0.9575,-0.0032015937524241065,0.0318553251055967,0.03197616355654416,1.0,0.9575,0.9575,-0.0010182298124239626,0.025242438944008808,0.02523142017373014,1.0,0.9575,0.9575,-7.901517703223337e-05,0.001521627892215884,0.0015217774022388644,1.0,0.9575,0.9575,-0.001521164028652186,0.023057514926801293,0.023078860719611585,1.0,0.9525,0.9525
uniform,smooth,0.3,32000,1.746865860527467,1.8498681221036792,5.200851101754259,5.198275780388786,0.13968083718904004,0.192276221801985,0.0,0.19275479748224902,0.19253089745281723,0.0021868574609019333,0.024131822737275373,0.024200647760050247,1.0,0.9425,0.9425,0.0016994655515621738,0.022458303525858526,0.022494502482326366,1.0,0.96,0.96,0.0016994655515621738,0.022458303525858526,0.022494502482326366,1.0,0.96,0.96,0.0008999831370710876,0.017441703678439696,0.017443120829871386,1.0,0.955,0.955,-9.56504106123246e-06,0.0010729994795113844,0.0010717000762035178,1.0,0.955,0.955,0.0007709574484347237,0.01544098314166042,0.01544092859472466,1.0,0.9625,0.9625
uniform,smooth,0.22,125,1.746847028734459,1.8910646955646855,11.36551389425537,11.357453024789091,0.10770974600855128,0.08798546280476098,0.0,0.19256656898219876,0.20338501217197685,0.049539217885272005,0.48026061227961825,0.4822113273001893,1.0,0.9725,0.9725,0.16367174211834126,0.4499174448908984,0.4782343380782736,1.0,0.765,0.765,0.16367174211834126,0.4499174448908984,0.4782343380782736,1.0,0.765,0.765,0.03645491434603964,0.38270898619946636,0.38396479458083893,1.0,0.9675,0.9675,-0.0003271041040516476,0.018176736547296315,0.018156948097792492,1.0,0.955,0.955,0.03185272977466197,0.2887964094989834,0.2901886526352355,1.0,0.9425,0.9425
uniform,smooth,0.22,250,1.746847028734459,1.8910646955646855,11.36551389425537,11.357453024789091,0.10770974600855128,0.08798546280476098,0.0,0.15041468303358568,0.14791259792172856,0.015024818160629812,0.39483453763631365,0.39462681293972585,1.0,0.955,0.955,0.061380466019640784,0.38010245211800125,0.38455720124532894,1.0,0.825,0.825,0.061380466019640784,0.38010245211800125,0.38455720124532894,1.0,0.825,0.825,0.017456937138189896,0.313686439812552,0.31378006504590894,1.0,0.965,0.965,-0.000339090979138385,0.011880046423992263,0.011870031464606733,1.0,0.9675,0.9675,0.009858940043381299,0.20313702905142994,0.2031223514022789,1.0,0.9475,0.9475
uniform,smooth,0.22,500,1.746847028734459,1.8910646955646855,11.36551389425537,11.357453024789091,0.10770974600855128,0.08798546280476098,0.0,0.12161951963867326,0.12170591829991086,-0.00235771705207133,0.2587254519872622,0.25841259873881095,1.0,0.965,0.965,0.0249301929109173,0.2651735184859994,0.26601262552283983,1.0,0.885,0.885,0.0249301929109173,0.2651735184859994,0.26601262552283983,1.0,0.885,0.885,-0.008941863151040185,0.19135659048435633,0.19132631360219401,1.0,0.9675,0.9675,-2.795813138902259e-05,0.008612535070151184,0.008601808100094909,1.0,0.95,0.95,0.0024303279899058738,0.14461086581886232,0.14445043527361667,1.0,0.9475,0.9475
uniform,smooth,0.22,1000,1.746847028734459,1.8910646955646855,11.36551389425537,11.357453024789091,0.10770974600855128,0.08798546280476098,0.0,0.10450663209158119,0.10613784322730144,0.0024613716274811837,0.19757090027487392,0.19733913279966595,1.0,0.9525,0.9525,0.02170450464368169,0.19833000867490302,0.1992675108540332,1.0,0.905,0.905,0.02170450464368169,0.19833000867490302,0.1992675108540332,1.0,0.905,0.905,0.0033122614122356427,0.1598512325842428,0.15968564930189538,1.0,0.9525,0.9525,-0.0003718255554734534,0.006229511378716231,0.006232820327204552,1.0,0.9575,0.9575,-0.0035268768264887255,0.10601885190167804,0.10594496602624774,1.0,0.93,0.93
uniform,smooth,0.22,2000,1.746847028734459,1.8910646955646855,11.36551389425537,11.357453024789091,0.10770974600855128,0.08798546280476098,0.0,0.09488363202001533,0.0953060218147268,-0.0040293908968836315,0.13165195202944133,0.13154900939565947,1.0,0.955,0.955,-0.0007625534901521952,0.14269887469823045,0.1425224294834545,1.0,0.93,0.93,-0.0007625534901521952,0.14269887469823045,0.1425224294834545,1.0,0.93,0.93,-0.0048697109154186985,0.10336711305646189,0.10335261121942228,1.0,0.9675,0.9675,-8.836524030198134e-05,0.004360524493272536,0.00435596680858363,1.0,0.9525,0.9525,0.0015797241408308188,0.06879338609194512,0.06872549871358928,1.0,0.9675,0.9675
uniform,smooth,0.22,4000,1.746847028734459,1.8910646955646855,11.36551389425537,11.357453024789091,0.10770974600855128,0.08798546280476098,0.0,0.09063898038447578,0.09158261220788617,0.0026603375857547156,0.09530141894535994,0.09521938850852116,1.0,0.955,0.955,-0.005123311479285937,0.1023957489331726,0.10239592519529346,1.0,0.945,0.945,-0.005123311479285937,0.1023957489331726,0.10239592519529346,1.0,0.945,0.945,-0.003430826290522834,0.0745004306042598,0.07448630037701781,1.0,0.94,0.94,0.0002035703606086997,0.00315433812668642,0.003156962984680416,1.0,0.9575,0.9575,-0.0022747548755725415,0.05105775274429617,0.05104460196488342,1.0,0.955,0.955
uniform,smooth,0.22,8000,1.746847028734459,1.8910646955646855,11.36551389425537,11.357453024789091,0.10770974600855128,0.08798546280476098,0.0,0.09065380192744414,0.0890968021748989,-0.00018726065081845823,0.07018192590080975,0.07009439373366624,1.0,0.9475,0.9475,0.004576990212947204,0.06838963448711834,0.0684572719981439,1.0,0.955,0.955,0.004576990212947204,0.06838963448711834,0.0684572719981439,1.0,0.955,0.955,0.0019528438600400983,0.054509486824774744,0.05447632093540493,1.0,0.9475,0.9475,0.00011117280367189786,0.0021647385677918273,0.002164887347298808,1.0,0.96,0.96,0.0031925790486584575,0.035201150480934425,0.03530178116859501,1.0,0.9575,0.9575
uniform,smooth,0.22,16000,1.746847028734459,1.8910646955646855,11.36551389425537,11.357453024789091,0.10770974600855128,0.08798546280476098,0.0,0.08929318963705725,0.08921529927908745,0.0008447022918988278,0.04968491171354722,0.04962995564993952,1.0,0.945,0.945,0.0041267687374307695,0.05164484006084869,0.05174506499523023,1.0,0.93,0.93,0.0041267687374307695,0.05164484006084869,0.05174506499523023,1.0,0.93,0.93,0.001481614761798551,0.03778292721019347,0.03776474409951337,1.0,0.95,0.95,4.283556170978087e-05,0.001614029409160923,0.0016125796388548567,1.0,0.94,0.94,0.00035779762860609245,0.02554089037711431,0.0255114534610568,1.0,0.9575,0.9575
uniform,smooth,0.22,32000,1.746847028734459,1.8910646955646855,11.36551389425537,11.357453024789091,0.10770974600855128,0.08798546280476098,0.0,0.08825316779933719,0.08845341221560878,-0.0011854017578075864,0.03538609807686116,0.03536171198612826,1.0,0.9425,0.9425,0.0007745940425716413,0.03745301913545478,0.03741419271727813,1.0,0.94,0.94,0.0007745940425716413,0.03745301913545478,0.03741419271727813,1.0,0.94,0.94,0.0002480465893787687,0.027080914633451397,0.02704817969201114,1.0,0.9475,0.9475,-4.6324980431500796e-05,0.0011378057860892898,0.00113732647276545,1.0,0.9425,0.9425,0.0006918247533483818,0.019549720518096527,0.019537520694658028,1.0,0.9225,0.9225
uniform,smooth,0.15,125,1.746914227839977,1.9370497258858463,59.94842952702902,59.78120058361998,0.07479769454734278,0.01668100412120269,0.0,0.20527058014975297,0.20262433426439233,-0.08631468694128631,0.9853948272568774,0.9879401213395588,1.0,0.9575,0.9575,0.2934641425588187,0.5626224417792615,0.6339352135127508,1.0,0.5625,0.5625,0.3202875747688782,0.5133798413778757,0.6045528057421201,1.0,0.5975,0.5975,-0.034188864982123694,0.7389925553754625,0.7388596621800861,1.0,0.9725,0.9725,-0.0005621320955951615,0.01867167656222001,0.018656792847993566,1.0,0.9325,0.9325,-0.019788474011249314,0.35690947947906887,0.35701190358916424,1.0,0.8925,0.8925
uniform,smooth,0.15,250,1.746914227839977,1.9370497258858463,59.94842952702902,59.78120058361998,0.07479769454734278,0.01668100412120269,0.0,0.15104642535709792,0.15971472065229517,0.04254344572552719,0.9242367916306473,0.9240606352726016,1.0,0.955,0.955,0.24583401077892297,0.49731563306026594,0.554201130136496,1.0,0.59,0.59,0.2993561806440168,0.39258359544265425,0.4933058864456496,1.0,0.6125,0.6125,0.020443391507802437,0.6775387032341923,0.6769999851555845,1.0,0.975,0.975,1.9113150950468283e-05,0.01198285139270876,0.011967878717363916,1.0,0.9575,0.9575,0.0009050410941484687,0.2505070920521255,0.25019539915808436,1.0,0.93,0.93
uniform,smooth,0.15,500,1.746914227839977,1.9370497258858463,59.94842952702902,59.78120058361998,0.07479769454734278,0.01668100412120269,0.0,0.09810584784122466,0.10798468124045751,0.0762311951386395,0.5597371730873906,0.5642106289239766,1.0,0.9725,0.9725,0.15380572724749772,0.4289524720118515,0.45518833950475623,1.0,0.6825,0.6825,0.24707199206668548,0.315260704399051,0.40023169255150276,1.0,0.6775,0.6775,0.01938855285765068,0.44764070201538314,0.4475010151803981,1.0,0.975,0.975,-0.0009398750483702345,0.009429024018320771,0.009464015680976746,1.0,0.9525,0.9525,-0.004906831909950833,0.16209768229454377,0.16196927627838004,1.0,0.9575,0.9575
uniform,smooth,0.15,1000,1.746914227839977,1.9370497258858463,59.94842952702902,59.78120058361998,0.07479769454734278,0.01668100412120269,0.0,0.07080562364857271,0.0710930641986621,-0.010891180269930403,0.492325450815939,0.49183026183327405,1.0,0.9775,0.9775,0.07143627702972259,0.413849060821001,0.41945918657890396,1.0,0.69,0.69,0.21624118301866715,0.25298301448218435,0.3325667659820574,1.0,0.6825,0.6825,-0.005477068814877869,0.39741897698452483,0.39695967923966863,1.0,0.975,0.975,-0.00017174106365792251,0.006445734642905156,0.0064399628370028,1.0,0.965,0.965,0.000565630519506104,0.11597523108860844,0.1158315523869709,1.0,0.95,0.95
uniform,smooth,0.15,2000,1.746914227839977,1.9370497258858463,59.94842952702902,59.78120058361998,0.07479769454734278,0.01668100412120269,0.0,0.04789883855262346,0.0455244172258477,-0.008287299771110326,0.331649600193462,0.33133843423712295,1.0,0.965,0.965,0.05138124422161198,0.28604901982268777,0.29027489366965165,1.0,0.795,0.795,0.21346752088165943,0.1658045541433111,0.27016810465076596,1.0,0.6475,0.6475,0.0024521613588461035,0.24947840190489892,0.2491784248882907,1.0,0.9625,0.9625,-0.00016170790933406177,0.004363569691078078,0.004361110872898578,1.0,0.9525,0.9525,0.00777048546387923,0.08834607745797705,0.08857706967974112,1.0,0.94,0.94
uniform,smooth,0.15,4000,1.746914227839977,1.9370497258858463,59.94842952702902,59.78120058361998,0.07479769454734278,0.01668100412120269,0.0,0.031629689353868694,0.031275805267183945,0.0007521877100696633,0.21314513469558097,0.21287986543972995,1.0,0.975,0.975,0.017534487211531235,0.2184539297440783,0.21888415283855175,1.0,0.8525,0.8525,0.19949265004483255,0.1109999340784785,0.22822686153019553,1.0,0.605,0.605,-0.006721867797297474,0.16670156078409892,0.16662869005252168,1.0,0.9825,0.9825,-0.0003568952161932337,0.003085537960088592,0.003102276154250523,1.0,0.9625,0.9625,-0.0034251734826507272,0.05824141384706045,0.05826932249969582,1.0,0.9475,0.9475
uniform,smooth,0.15,8000,1.746914227839977,1.9370497258858463,59.94842952702902,59.78120058361998,0.07479769454734278,0.01668100412120269,0.0,0.024731442319079314,0.02461550081808599,-0.0011692370970515114,0.1652750440357296,0.1650724619551939,1.0,0.935,0.935,0.019656418852197703,0.16540432830501314,0.16636276670147837,1.0,0.8825,0.8825,0.20563290609029353,0.08440329898273324,0.22224085842641583,1.0,0.3325,0.3325,-0.0019879587908315168,0.11854551625433417,0.11841392994745438,1.0,0.9625,0.9625,-0.00020834698161614485,0.002218380921151488,0.002225380718281517,1.0,0.9525,0.9525,-0.00422808888831538,0.042321455265491914,0.042479460301386315,1.0,0.9475,0.9475
uniform,smooth,0.15,16000,1.746914227839977,1.9370497258858463,59.94842952702902,59.78120058361998,0.07479769454734278,0.01668100412120269,0.0,0.019490095565811036,0.019603522111537472,0.005325671578936307,0.10865098811133192,0.10864569665795124,1.0,0.945,0.945,0.004541097725814263,0.11460150065698606,0.11454820715099165,1.0,0.93,0.93,0.20246777446608388,0.06309456612885185,0.212047569336575,1.0,0.115,0.115,0.0031662328870266493,0.08579045353547231,0.08574162900086729,1.0,0.9575,0.9575,-8.338378328429818e-05,0.0016555305794729725,0.0016555610532795202,1.0,0.94,0.94,0.001922927975770285,0.030342144947367936,0.030365141159017648,1.0,0.9475,0.9475
uniform,smooth,0.15,32000,1.746914227839977,1.9370497258858463,59.94842952702902,59.78120058361998,0.07479769454734278,0.01668100412120269,0.0,0.01858125006738634,0.017852959975779036,0.0012664452596637882,0.07477736369396171,0.07469457054774598,1.0,0.9525,0.9525,0.007046876138721407,0.08652174155573186,0.08670037598388342,1.0,0.915,0.915,0.20202587798535235,0.04190860675163421,0.20631625206782894,1.0,0.005,0.005,0.0028011531440169397,0.06066347308761204,0.06065231474206106,1.0,0.95,0.95,-2.293108192376492e-05,0.0010699964924583314,0.0010689041571425586,1.0,0.965,0.965,-0.00091022686786909,0.02019785130974371,0.020193113367870743,1.0,0.965,0.965
uniform,smooth,0.11,125,1.746888071893139,1.963380697340725,488.7168655687487,488.7487118627398,0.055061556969842225,0.002046041198121541,0.0,0.24459211846641324,0.23500126118214182,0.05657837535476025,6.47008089167891,6.462235912636134,1.0,0.915,0.915,0.5226350626979054,0.5501134428596507,0.7582978615136037,1.0,0.3675,0.3675,0.5546718726292328,0.4728835885410551,0.7285058183547383,1.0,0.4,0.4,0.1780540911342869,4.638730119254809,4.63634832986621,1.0,0.9725,0.9725,0.00014500941798659405,0.01783451739067325,0.017812800545201637,1.0,0.95,0.95,0.012529347322694666,0.4035464900175149,0.40323644394545405,1.0,0.905,0.905
uniform,smooth,0.11,250,1.746888071893139,1.963380697340725,488.7168655687487,488.7487118627398,0.055061556969842225,0.002046041198121541,0.0,0.18440398882747597,0.1835972133958258,-0.08443370510871943,2.6195981761441014,2.617683693364182,1.0,0.91,0.91,0.46492571389051207,0.49328977480455555,0.6774085800744737,1.0,0.3975,0.3975,0.5106459448599888,0.38653963097840033,0.6401551648647977,1.0,0.4,0.4,-0.05058594826299696,1.1957756657487737,1.195350861609928,1.0,0.98,0.98,-0.0004562007315615735,0.012621429511981634,0.012613895148846112,1.0,0.95,0.95,0.002735356051219811,0.27309056681086774,0.2727627058628163,1.0,0.955,0.955
uniform,smooth,0.11,500,1.746888071893139,1.963380697340725,488.7168655687487,488.7487118627398,0.055061556969842225,0.002046041198121541,0.0,0.12680532793894744,0.11904077471443117,-0.0020219919189050505,1.5448776261373127,1.5429466455427514,1.0,0.945,0.945,0.3542024404705332,0.5601003641044919,0.66210837908955,1.0,0.3975,0.3975,0.482816404521248,0.3060180840839397,0.5714233374581096,1.0,0.3925,0.3925,0.08568233526551178,1.6975352708785676,1.6975757401257923,1.0,0.975,0.975,-0.0005381612269633823,0.009132071920710538,0.009136512913980039,1.0,0.96,0.96,0.004573506192658604,0.18775083064649883,0.1875717607512481,1.0,0.9475,0.9475
uniform,smooth,0.11,1000,1.746888071893139,1.963380697340725,488.7168655687487,488.7487118627398,0.055061556969842225,0.002046041198121541,0.0,0.08047930790797413,0.08589026067855311,0.022522619726143514,1.4487947288988783,1.4471578764835196,1.0,0.96,0.96,0.25623443597220463,0.5058769196370634,0.5665048679004656,1.0,0.47,0.47,0.43590368137473345,0.22544176290954981,0.49062098194905146,1.0,0.405,0.405,0.003519963117720075,1.1690499486132313,1.1675930275729927,1.0,0.9625,0.9625,-0.0004765204826987191,0.006462912417355644,0.00647239411597866,1.0,0.9525,0.9525,0.002374657953915057,0.1437907910112135,0.14363057161022336,1.0,0.9275,0.9275
uniform,smooth,0.11,2000,1.746888071893139,1.963380697340725,488.7168655687487,488.7487118627398,0.055061556969842225,0.002046041198121541,0.0,0.049443382581298094,0.05237248468558608,0.024622348129614006,0.8696734202424188,0.8689345707582777,1.0,0.9725,0.9725,0.21214421553050136,0.4408325233967376,0.4887255350226507,1.0,0.5325,0.5325,0.44178489204162164,0.15509728021768968,0.4681548026575446,1.0,0.21,0.21,0.016412217393329667,0.5810006184012678,0.5805059647979208,1.0,0.98,0.98,-0.00040411961069405754,0.004624441873968558,0.004636303662277426,1.0,0.95,0.95,-0.0031035455379636316,0.0989899001122136,0.09891478564057893,1.0,0.955,0.955
uniform,smooth,0.11,4000,1.746888071893139,1.963380697340725,488.7168655687487,488.7487118627398,0.055061556969842225,0.002046041198121541,0.0,0.035923977107078675,0.027657122963219805,-0.03981167184923712,0.6552464346929061,0.6556367055525124,1.0,0.975,0.975,0.1612287011822162,0.44409897206093574,0.47193805878316303,1.0,0.5475,0.5475,0.4435098729033595,0.12209396104118378,0.4599681242729472,1.0,0.08,0.08,-0.026365603073948994,0.5038062147439736,0.5038663466486597,1.0,0.98,0.98,-7.697240218749568e-05,0.003227134783644148,0.00322401731776133,1.0,0.96,0.96,0.006771516311530175,0.06472568379066615,0.06499841567277774,1.0,0.955,0.955
uniform,smooth,0.11,8000,1.746888071893139,1.963380697340725,488.7168655687487,488.7487118627398,0.055061556969842225,0.002046041198121541,0.0,0.018707745545037523,0.020049328028805557,0.02156616135027455,0.3934459478001469,0.3935451865683801,1.0,0.9775,0.9775,0.1109142973292369,0.32583212917402204,0.34380683721111444,1.0,0.655,0.655,0.43604096679464077,0.07763682123558938,0.44288162306054535,1.0,0.005,0.005,0.0093990104349725,0.29489289966599286,0.29467398784909826,1.0,0.995,0.995,0.00010136681863182839,0.0023808119642538326,0.0023799937346621093,1.0,0.93,0.93,0.0030007921044143747,0.04817098066387663,0.048204222044632074,1.0,0.955,0.955
uniform,smooth,0.11,16000,1.746888071893139,1.963380697340725,488.7168655687487,488.7487118627398,0.055061556969842225,0.002046041198121541,0.0,0.010483840044561665,0.010358720768868315,0.012884627296169572,0.29181647897996693,0.2917361459972281,1.0,0.9775,0.9775,0.062340637644721204,0.2659193939640979,0.2728052352466279,1.0,0.7525,0.7525,0.43121937869725757,0.05568320910574506,0.4347907781806351,1.0,0.0,0.0,0.011549787825443438,0.22583376348874787,0.22584681558188008,1.0,0.9725,0.9725,-1.2375145227818685e-05,0.0015689293564613298,0.001567015833191119,1.0,0.9525,0.9525,2.789556192716869e-05,0.03411996654209858,0.03407730131193222,1.0,0.9425,0.9425
uniform,smooth,0.11,32000,1.746888071893139,1.963380697340725,488.7168655687487,488.7487118627398,0.055061556969842225,0.002046041198121541,0.0,0.006047719546826975,0.0062684212281249475,-0.00929808850057663,0.22520673851971526,0.2251171569133842,1.0,0.94,0.94,0.010059265800099536,0.24288436171316566,0.24278904415219588,1.0,0.7975,0.7975,0.4334915543390312,0.03945646048979037,0.4352790460462871,1.0,0.0,0.0,-0.01466725368628824,0.1737680499572097,0.17416938645658842,1.0,0.9725,0.9725,-0.00021480384188415135,0.0011823971995420428,0.001200295242900406,1.0,0.9375,0.9375,0.0005181864983900825,0.025635618355372536,0.02560879699221092,1.0,0.9425,0.9425
uniform,smooth,0.08,125,1.7469115185766333,1.9797940710948065,10783.243598230149,10722.697718724305,0.04000035442314244,9.273647496604173e-05,0.0,0.2890191175291541,0.28508761711853836,-0.14418142677624152,1.7822299260328363,1.78583060067329,1.0,0.855,0.855,0.651160879838555,0.4652941330273213,0.7999799216769091,1.0,0.2725,0.2725,0.6702679669218838,0.4097793933964349,0.785339735946052,1.0,0.28,0.28,-0.25508371046152223,3.0746399517639333,3.0813706374344645,1.0,0.9575,0.9575,-9.314582872655242e-05,0.018716677600829474,0.01869349917772934,1.0,0.93,0.93,0.008578646887896661,0.45191518659073115,0.45143145738205287,1.0,0.89,0.89
uniform,smooth,0.08,250,1.7469115185766333,1.9797940710948065,10783.243598230149,10722.697718724305,0.04000035442314244,9.273647496604173e-05,0.0,0.22112676196460868,0.21942852707508287,-0.1569972366899233,3.801275725573974,3.799765917962792,1.0,0.83,0.83,0.6158166283554039,0.42925716452314966,0.750354035619344,1.0,0.255,0.255,0.6541895316996648,0.33481613423835455,0.7347009817077808,1.0,0.265,0.265,-0.012369011717197828,1.5523998799117513,1.5505075027657895,1.0,0.9825,0.9825,-0.00036524449887858637,0.01232433678374188,0.012314339507669766,1.0,0.9575,0.9575,0.006592825759025164,0.3382445508289851,0.33788580626681697,1.0,0.9075,0.9075
uniform,smooth,0.08,500,1.7469115185766333,1.9797940710948065,10783.243598230149,10722.697718724305,0.04000035442314244,9.273647496604173e-05,0.0,0.16100351691272471,0.15836683812896488,-0.1432544893688609,2.1938666490607965,2.1958005591129925,1.0,0.86,0.86,0.5511637365516774,0.41733414133945207,0.6910237554189623,1.0,0.2475,0.2475,0.6250823989215405,0.2755202104205007,0.6829711658084765,1.0,0.235,0.235,-0.08951319505458243,1.175837641177935,1.177773443877787,1.0,0.9725,0.9725,0.0008487969531902523,0.009168212511234923,0.00919600112099176,1.0,0.95,0.95,-0.007214955560142455,0.22846151000979414,0.22828979496639837,1.0,0.94,0.94
uniform,smooth,0.08,1000,1.7469115185766333,1.9797940710948065,10783.243598230149,10722.697718724305,0.04000035442314244,9.273647496604173e-05,0.0,0.11187121641108934,0.11701501272099143,-0.061137305672844165,2.1063626054280307,2.1046161852287057,1.0,0.89,0.89,0.5223029513084099,0.3833326163587696,0.647593165477388,1.0,0.26,0.26,0.621321257660219,0.18381635527014947,0.6478765982454652,1.0,0.1575,0.1575,-0.0050964454870809075,0.6494189400070863,0.6486266807628489,1.0,0.97,0.97,0.0006066477094938649,0.0066548635467535205,0.006674167532155469,1.0,0.9475,0.9475,-0.015685816499550365,0.1635718141725088,0.16411853607976187,1.0,0.9375,0.9375
uniform,smooth,0.08,2000,1.7469115185766333,1.9797940710948065,10783.243598230149,10722.697718724305,0.04000035442314244,9.273647496604173e-05,0.0,0.07083756497312745,0.06710851739486057,-0.100147533280647,3.2668919277985413,3.2643423440515056,1.0,0.9025,0.9025,0.4345277054176565,0.4646132180689002,0.6357201472140569,1.0,0.2875,0.2875,0.60393122489306,0.14684769594099337,0.6214847219276611,1.0,0.0725,0.0725,-0.19223019246221704,2.6071566282642666,2.61098160985205,1.0,0.9825,0.9825,-0.00015873427070463742,0.0046831740380257085,0.004680009117668262,1.0,0.9525,0.9525,-0.0035261928308494366,0.11493439706622156,0.1148447860191475,1.0,0.9525,0.9525
uniform,smooth,0.08,4000,1.7469115185766333,1.9797940710948065,10783.243598230149,10722.697718724305,0.04000035442314244,9.273647496604173e-05,0.0,0.041349141178881686,0.04541250262471227,0.011389778908222285,4.007842967075621,4.0028462327048295,1.0,0.93,0.93,0.366915425868183,0.49208357232305966,0.6133252043450346,1.0,0.2975,0.2975,0.6084416069795928,0.10563279314392068,0.6175205100835333,1.0,0.0025,0.0025,0.1404296354829121,5.102565147659325,5.098117411448486,1.0,0.9875,0.9875,3.7820223014298774e-05,0.0030718972603568035,0.003068288083852463,1.0,0.965,0.965,-0.004992868738500844,0.08064882542958522,0.08070254765993254,1.0,0.945,0.945
uniform,smooth,0.08,8000,1.7469115185766333,1.9797940710948065,10783.243598230149,10722.697718724305,0.04000035442314244,9.273647496604173e-05,0.0,0.02676624113975672,0.02366321490559602,-0.29647290307392943,4.6491880214730275,4.6528279645950645,1.0,0.9725,0.9725,0.30037874514181373,0.44448345630360003,0.5360028167866714,1.0,0.395,0.395,0.6057325391633543,0.07551028034755675,0.6104092536432878,1.0,0.0,0.0,-0.22987747709769266,3.13167905580796,3.136198148840658,1.0,0.9875,0.9875,3.7277888272371215e-05,0.0022261221164051968,0.0022236502128054063,1.0,0.9625,0.9625,-0.003832206088302584,0.05852486786722861,0.05857715477882654,1.0,0.9375,0.9375
uniform,smooth,0.08,16000,1.7469115185766333,1.9797940710948065,10783.243598230149,10722.697718724305,0.04000035442314244,9.273647496604173e-05,0.0,0.012648959844809834,0.0119547637084551,-0.133431161794074,1.3233219088447172,1.3283850334824128,1.0,0.975,0.975,0.2359443642751572,0.40813350752361216,0.47098436343134115,1.0,0.435,0.435,0.6073249542406862,0.05109594432128351,0.6094652316422324,1.0,0.0,0.0,-0.02338693910779506,1.013648427705486,1.012650668331958,1.0,0.9725,0.9725,-4.637999868762011e-05,0.0015425149881099101,0.001541283624645581,1.0,0.9575,0.9575,-0.003224592296408583,0.03837296163894925,0.03846038182285724,1.0,0.9575,0.9575
uniform,smooth,0.08,32000,1.7469115185766333,1.9797940710948065,10783.243598230149,10722.697718724305,0.04000035442314244,9.273647496604173e-05,0.0,0.008454798050399026,0.007642854929152254,-0.09437601279365132,1.6763242813664245,1.6768854374550282,1.0,0.9725,0.9725,0.2435041766111506,0.4180425536355129,0.48333938566554857,1.0,0.415,0.415,0.6094635210448902,0.0362300968985788,0.6105367489806919,1.0,0.0,0.0,-0.03127538703145551,1.1598877638989566,1.1588591051609263,1.0,0.98,0.98,-1.2978892176379597e-05,0.0010620958073233491,0.0010608467546333582,1.0,0.96,0.96,0.0014791880918820837,0.026601667176843872,0.026609539121474266,1.0,0.9725,0.9725
uniform,smooth,0.06,125,1.7465835958702844,1.9884499788910999,519742.88870313304,519202.13636276854,0.029998699446003523,1.924028248842824e-06,0.0,0.3075067645986755,0.32690810770479545,-0.05111915761261221,1.2043220887939408,1.203901525291056,1.0,0.745,0.745,0.7865014538932162,0.3898958028077886,0.877623625012827,1.0,0.1575,0.1575,0.7985352775270331,0.3502920200702001,0.8718120941646342,1.0,0.1675,0.1675,-0.056028938487787956,1.6191145617527203,1.6180597566584407,1.0,0.96,0.96,0.0011457366684489894,0.01786062500267935,0.01787504218697253,1.0,0.95,0.95,0.04321776832927252,0.5165690253734389,0.5177298760740866,1.0,0.895,0.895
uniform,smooth,0.06,250,1.7465835958702844,1.9884499788910999,519742.88870313304,519202.13636276854,0.029998699446003523,1.924028248842824e-06,0.0,0.26417921584270565,0.25287585299574494,-0.03846591986568275,1.2136796744194582,1.212771797664255,1.0,0.7325,0.7325,0.726423772070246,0.3729079252300029,0.8163358172506958,1.0,0.1725,0.1725,0.7514159223628153,0.31561930224044893,0.8148572841100712,1.0,0.1725,0.1725,0.03362066226403919,1.908631450874755,1.906540631395296,1.0,0.96,0.96,-0.0003298874679035252,0.013417917621150483,0.013405194431497087,1.0,0.9375,0.9375,0.005782406367984663,0.36966106230531054,0.3692439761941059,1.0,0.925,0.925
uniform,smooth,0.06,500,1.7465835958702844,1.9884499788910999,519742.88870313304,519202.13636276854,0.029998699446003523,1.924028248842824e-06,0.0,0.19314913467468556,0.1972099218408122,0.15603592480804326,2.270547648377671,2.2730695912851395,1.0,0.7625,0.7625,0.6983486606932714,0.38795672822995114,0.7986394673527767,1.0,0.1975,0.1975,0.7491102552756616,0.24145772267003657,0.7869702991959573,1.0,0.165,0.165,-0.09115123281358548,4.005056013284463,4.001084981928728,1.0,0.9725,0.9725,-0.0007538408443090944,0.00900490451240723,0.009025179252121632,1.0,0.9525,0.9525,0.018483960339341486,0.26837846936164483,0.268679348107895,1.0,0.9325,0.9325
uniform,smooth,0.06,1000,1.7465835958702844,1.9884499788910999,519742.88870313304,519202.13636276854,0.029998699446003523,1.924028248842824e-06,0.0,0.13847154264985487,0.15231849569440908,-0.27761759553993065,6.889285379654555,6.886266690963224,1.0,0.7425,0.7425,0.6611060703105507,0.3774502702988258,0.7610346713414204,1.0,0.1625,0.1625,0.7415440668674009,0.1730052160187139,0.7614089445652724,1.0,0.0725,0.0725,-0.6860553868648444,11.790849778740585,11.79606926702328,1.0,0.975,0.975,0.0005420891113007953,0.006182457778515205,0.0061984746371390636,1.0,0.9475,0.9475,0.005270697353182815,0.1896835424608778,0.18951959506973204,1.0,0.95,0.95
uniform,smooth,0.06,2000,1.7465835958702844,1.9884499788910999,519742.88870313304,519202.13636276854,0.029998699446003523,1.924028248842824e-06,0.0,0.08898572298310345,0.09877086126262064,0.16661576194224562,2.290815553951416,2.294008963495514,1.0,0.7875,0.7875,0.6205403513281788,0.3466006864294044,0.7105645877541679,1.0,0.155,0.155,0.7264706541216052,0.1348400914671539,0.7388477562672003,1.0,0.005,0.005,0.004630123425827166,1.2548803466478808,1.2533193171474841,1.0,0.9675,0.9675,0.0003726249758556638,0.004317358292612097,0.004328028771028551,1.0,0.9525,0.9525,0.0020234472722748826,0.13461405304657217,0.13446090605932626,1.0,0.9375,0.9375
uniform,smooth,0.06,4000,1.7465835958702844,1.9884499788910999,519742.88870313304,519202.13636276854,0.029998699446003523,1.924028248842824e-06,0.0,0.05750609267415422,0.056666644468367444,-0.010638109340361752,0.9587355660496408,0.9575954888494627,1.0,0.8025,0.8025,0.5634383586787847,0.3683848156774562,0.6729271045375583,1.0,0.1775,0.1775,0.71831397874333,0.0999916774991104,0.7252229393698442,1.0,0.0,0.0,-0.024449874083830102,0.6087628419613651,0.6084928213226601,1.0,0.9475,0.9475,9.7713974297855e-05,0.0032381997133353346,0.003235625219452882,1.0,0.945,0.945,-0.003734064595687584,0.09465757840906269,0.0946128968259452,1.0,0.935,0.935
uniform,smooth,0.06,8000,1.7465835958702844,1.9884499788910999,519742.88870313304,519202.13636276854,0.029998699446003523,1.924028248842824e-06,0.0,0.03358858641038012,0.0359648733650583,0.03097259957494247,4.043183863920104,4.038245500213511,1.0,0.8525,0.8525,0.5063209425042987,0.3515360923994354,0.6161408743276631,1.0,0.2475,0.2475,0.722218418675668,0.06645649294900152,0.7252619310054992,1.0,0.0,0.0,0.3441387760464192,9.389901338946817,9.384468713488584,1.0,0.975,0.975,0.00032319248190687544,0.002253329389566223,0.002273599125813367,1.0,0.9525,0.9525,0.0025892007050801464,0.06357426263345217,0.06354751460525324,1.0,0.9575,0.9575
uniform,smooth,0.06,16000,1.7465835958702844,1.9884499788910999,519742.88870313304,519202.13636276854,0.029998699446003523,1.924028248842824e-06,0.0,0.018047091222101783,0.01881160787964322,-0.01093780073151839,5.438715804286829,5.4319241674828875,1.0,0.875,0.875,0.49608620970193024,0.3187887199615118,0.5894690066586962,1.0,0.2125,0.2125,0.7188640805563751,0.046134603033592,0.7203392582021592,1.0,0.0,0.0,-0.06346493976496952,2.6574913855182976,2.6549261028365883,1.0,0.9825,0.9825,0.0002358743152985232,0.0015651089487253224,0.0015808474938918621,1.0,0.9475,0.9475,-0.0042335472493673755,0.04467529867932259,0.0448198117869664,1.0,0.955,0.955
uniform,smooth,0.06,32000,1.7465835958702844,1.9884499788910999,519742.88870313304,519202.13636276854,0.029998699446003523,1.924028248842824e-06,0.0,0.010925410256573377,0.008720363178515107,-0.07695403541052402,1.2750023050861097,1.275730662932392,1.0,0.9,0.9,0.40708853022959696,0.3729957700804609,0.5518143721680007,1.0,0.2975,0.2975,0.7147980224917433,0.03435608329098772,0.7156211306033774,1.0,0.0,0.0,0.029550326133922125,2.0458747654938736,2.043529488157443,1.0,0.98,0.98,0.0002032636160255491,0.0011487064645656685,0.0011651368258622683,1.0,0.935,0.935,-0.0005168726075349217,0.033068048425174405,0.03303073181713471,1.0,0.9475,0.9475
uniform,smooth,0.045,125,1.746760763284263,1.9934239536936598,101170389.12296362,100880483.98084837,0.022485557019378117,9.884315051754805e-09,0.0,0.33271893401799646,0.3473717890779598,-0.04269110470313687,1.3234105130808733,1.3224444707012926,1.0,0.675,0.675,0.8421055510078415,0.3247019017227268,0.902390993809291,1.0,0.105,0.105,0.8475930345891877,0.30271046022899417,0.8998991559943411,1.0,0.105,0.105,-0.003666248501214845,0.7335207201769617,0.7326124191478596,1.0,0.9725,0.9725,0.0006437725455980903,0.017960275955386993,0.017949360063889017,1.0,0.9425,0.9425,-0.0014869472705879238,0.6031764848647742,0.6024238775366362,1.0,0.8425,0.8425
uniform,smooth,0.045,250,1.746760763284263,1.9934239536936598,101170389.12296362,100880483.98084837,0.022485557019378117,9.884315051754805e-09,0.0,0.28604045079954316,0.28038772145239527,1.1214408387326311,23.181111517903677,23.1792612249021,1.0,0.5975,0.5975,0.7874082803191014,0.3657939835458118,0.8680337120281691,1.0,0.135,0.135,0.8027426549003622,0.2885840103415113,0.8529175219173948,1.0,0.14,0.14,-0.20107457432325368,4.410701019680217,4.409770828595842,1.0,0.97,0.97,8.001276751668895e-05,0.012896793484057863,0.012880910915303193,1.0,0.9375,0.9375,-0.03636242130058385,0.43620268302455,0.4371719620572237,1.0,0.9025,0.9025
uniform,smooth,0.045,500,1.746760763284263,1.9934239536936598,101170389.12296362,100880483.98084837,0.022485557019378117,9.884315051754805e-09,0.0,0.24078022588139425,0.24198813739278335,0.6321274271148949,16.11353290881394,16.10578818408252,1.0,0.585,0.585,0.7851595472535479,0.3255168699552158,0.8498069452453736,1.0,0.1175,0.1175,0.8146339790775747,0.2150646561384538,0.8424759309154854,1.0,0.0925,0.0925,0.2590956767787516,6.30145006558438,6.298899333729362,1.0,0.97,0.97,-3.544934503840802e-05,0.009082137716436418,0.009070847209198808,1.0,0.95,0.95,-0.0023995197113578183,0.3155920497690783,0.3152064461866222,1.0,0.93,0.93
uniform,smooth,0.045,1000,1.746760763284263,1.9934239536936598,101170389.12296362,100880483.98084837,0.022485557019378117,9.884315051754805e-09,0.0,0.17203987924745603,0.17303596343187153,-0.06285052262754971,0.7342024752696138,0.7359727098879781,1.0,0.6125,0.6125,0.7590788734473712,0.3114001429472577,0.8203221074792106,1.0,0.1025,0.1025,0.8067148816129286,0.1677979468306365,0.8239385054716991,1.0,0.0425,0.0425,0.058269442865019824,0.9882997981202978,0.9887820678536852,1.0,0.9725,0.9725,0.0001748501650573253,0.006192379636789864,0.006187105480952707,1.0,0.94,0.94,-0.0008636527364070884,0.20993450015655207,0.2096736965290127,1.0,0.9375,0.9375
uniform,smooth,0.045,2000,1.746760763284263,1.9934239536936598,101170389.12296362,100880483.98084837,0.022485557019378117,9.884315051754805e-09,0.0,0.1303947237130177,0.11162147852479415,-0.17021737752176086,2.313010680992702,2.316380219215046,1.0,0.605,0.605,0.7178885155357794,0.33365297542752276,0.7914606231391269,1.0,0.13,0.13,0.794204967207764,0.12197679778279083,0.8034940406044315,1.0,0.005,0.005,-0.023817269831063914,1.8607839432633402,1.8586091180342639,1.0,0.975,0.975,5.9415246713448444e-05,0.004549867803733872,0.004544565321394058,1.0,0.9475,0.9475,-0.0049790420945935296,0.1458899006680751,0.1457924700364467,1.0,0.9425,0.9425
uniform,smooth,0.045,4000,1.746760763284263,1.9934239536936598,101170389.12296362,100880483.98084837,0.022485557019378117,9.884315051754805e-09,0.0,0.07540751682026721,0.08155120753067446,0.056538705674530794,1.5581263896712834,1.5572042501913306,1.0,0.6575,0.6575,0.6906111319377292,0.305053455072798,0.7548302471297991,1.0,0.135,0.135,0.7952218182565705,0.09254647367313139,0.8005755291639536,1.0,0.0,0.0,0.028021421768524634,0.6960330235651525,0.6957269687502738,1.0,0.97,0.97,8.949356559348698e-05,0.003245153675288588,0.0032423300138297254,1.0,0.9525,0.9525,0.0039207656077873574,0.11202075346964203,0.1119493188359704,1.0,0.9375,0.9375
uniform,smooth,0.045,8000,1.746760763284263,1.9934239536936598,101170389.12296362,100880483.98084837,0.022485557019378117,9.884315051754805e-09,0.0,0.05229410582047089,0.04418995443841707,0.02182496697829331,1.07896260018055,1.077834041511264,1.0,0.6625,0.6625,0.6747331938803636,0.29824761517238935,0.7375595865963128,1.0,0.1375,0.1375,0.7995420829370882,0.060500759683223444,0.801822133303153,1.0,0.0,0.0,0.009024535583968936,0.6710954057209291,0.6703167633390168,1.0,0.975,0.975,-3.1252034985459474e-05,0.0021253205186256975,0.0021228922554653844,1.0,0.965,0.965,-0.0018251840885440784,0.07565411412459379,0.07558152828882328,1.0,0.9475,0.9475
uniform,smooth,0.045,16000,1.746760763284263,1.9934239536936598,101170389.12296362,100880483.98084837,0.022485557019378117,9.884315051754805e-09,0.0,0.027025604809100674,0.026863180974864783,-0.05906602378392665,0.4598884903245512,0.46309553565091266,1.0,0.6975,0.6975,0.6115254456864152,0.3002736570789812,0.6811036846066209,1.0,0.165,0.165,0.791881680329038,0.04616193325621679,0.793222662568643,1.0,0.0,0.0,-0.02712611033712478,0.40155345054166935,0.401967519297067,1.0,0.9825,0.9825,4.2631616091123314e-05,0.001636427057707442,0.0016349361565821414,1.0,0.9475,0.9475,-0.0009766142477569207,0.054252545571189886,0.054193487889141925,1.0,0.9325,0.9325
uniform,smooth,0.045,32000,1.746760763284263,1.9934239536936598,101170389.12296362,100880483.98084837,0.022485557019378117,9.884315051754805e-09,0.0,0.015109314027832506,0.016455753502871075,0.195308058470828,3.077000421208318,3.079351717624916,1.0,0.77,0.77,0.5966654244149435,0.30226344734216887,0.668688576478198,1.0,0.155,0.155,0.7956078734186616,0.031146661084345308,0.7962157857366471,1.0,0.0,0.0,0.0177900663409457,1.3810539378659272,1.3794412603685458,1.0,0.9925,0.9925,-2.2715939972039466e-05,0.0011238003557868107,0.0011226245746001685,1.0,0.955,0.955,-0.0008191755448094623,0.03742256547944742,0.037384733978177306,1.0,0.945,0.945
uniform,kink,1.0,125,1.5002207360942899,1.4803744070391132,2.174846341478774,2.175770219484827,0.23104762970521306,0.45960735699231015,0.0,0.4575497839627654,0.4643050654115038,-0.0001003146266110555,0.2653078808755963,0.2649760574817792,1.0,0.9325,0.9325,0.015199547540173686,0.2340396114829597,0.2342405379928141,1.0,0.9275,0.9275,0.015199547540173686,0.2340396114829597,0.2342405379928141,1.0,0.9275,0.9275,0.011549997574624726,0.19887545707066082,0.19896223573953783,1.0,0.93,0.93,-0.0028812175215988285,0.024516820023679445,0.024655084512531563,1.0,0.9575,0.9575,0.016253712320719028,0.23044693124894058,0.23073189379874104,1.0,0.9175,0.9175
uniform,kink,1.0,250,1.5002207360942899,1.4803744070391132,2.174846341478774,2.175770219484827,0.23104762970521306,0.45960735699231015,0.0,0.4628749267778822,0.45741926131810734,0.000625717878613366,0.17830040251046927,0.17807848683774377,1.0,0.9525,0.9525,-0.0007980294572692171,0.15860815615593235,0.15841178201826192,1.0,0.9375,0.9375,-0.0007980294572692171,0.15860815615593235,0.15841178201826192,1.0,0.9375,0.9375,-0.006784865403696471,0.1350332823588109,0.1350349464945247,1.0,0.93,0.93,0.0006535070291206563,0.018447624741492082,0.018436136875536416,1.0,0.9575,0.9575,-0.0007530643206653636,0.15574644410274033,0.15555346209388096,1.0,0.9425,0.9425
uniform,kink,1.0,500,1.5002207360942899,1.4803744070391132,2.174846341478774,2.175770219484827,0.23104762970521306,0.45960735699231015,0.0,0.45897098079730875,0.46086140236001755,-0.008588184583481203,0.11830776559995723,0.1184714838988321,1.0,0.9575,0.9575,-0.002991346812864758,0.11018970426820529,0.11009252769898867,1.0,0.96,0.96,-0.002991346812864758,0.11018970426820529,0.11009252769898867,1.0,0.96,0.96,-0.006467923090351735,0.09542070788647755,0.0955205880631254,1.0,0.955,0.955,-0.00033189021055668563,0.012591790826024898,0.012580419878832034,1.0,0.945,0.945,-0.0032409083395571647,0.10870294312680201,0.10861534194893045,1.0,0.96,0.96
uniform,kink,1.0,1000,1.5002207360942899,1.4803744070391132,2.174846341478774,2.175770219484827,0.23104762970521306,0.45960735699231015,0.0,0.4586336881652939,0.4610354346959869,-0.0017110063549786454,0.083336194497882,0.08324954385972408,1.0,0.9525,0.9525,0.004540583283734026,0.07389469237407048,0.07394181086308604,1.0,0.9625,0.9625,0.004540583283734026,0.07389469237407048,0.07394181086308604,1.0,0.9625,0.9625,0.003706413354954344,0.06301123316176688,0.06304147020622948,1.0,0.955,0.955,2.680753579673678e-05,0.008806309436833559,0.008795335515288551,1.0,0.95,0.95,0.004205366123645997,0.07239584737118007,0.07242748735137532,1.0,0.965,0.965
uniform,kink,1.0,2000,1.5002207360942899,1.4803744070391132,2.174846341478774,2.175770219484827,0.23104762970521306,0.45960735699231015,0.0,0.4596018494571989,0.4599969701641494,-0.0002354979816415903,0.05750165419521983,0.057430214990874216,1.0,0.965,0.965,0.0007509578425481444,0.0490275452809422,0.048971980595698135,1.0,0.9725,0.9725,0.0007509578425481444,0.0490275452809422,0.048971980595698135,1.0,0.9725,0.9725,0.0002591115487073753,0.04171938502197008,0.041668008803991664,1.0,0.985,0.985,-0.0003745350985949958,0.006370441899826434,0.006373488072801748,1.0,0.9475,0.9475,0.001063916980796602,0.04815987910406297,0.04811140654534736,1.0,0.9775,0.9775
uniform,kink,1.0,4000,1.5002207360942899,1.4803744070391132,2.174846341478774,2.175770219484827,0.23104762970521306,0.45960735699231015,0.0,0.45935770674930454,0.46022557808187287,-0.0016718116247376347,0.04463612809902689,0.044611634423681046,1.0,0.9475,0.9475,7.297219959916001e-05,0.039302356362209426,0.039253265501419915,1.0,0.945,0.945,7.297219959916001e-05,0.039302356362209426,0.039253265501419915,1.0,0.945,0.945,0.001480878382448555,0.03372083969001941,0.033711204259268046,1.0,0.9525,0.9525,-0.00035913641312172175,0.004314266353928355,0.004323810923298636,1.0,0.955,0.955,-0.00021719502335462826,0.03858110210476584,0.03853345766600101,1.0,0.945,0.945
uniform,kink,1.0,8000,1.5002207360942899,1.4803744070391132,2.174846341478774,2.175770219484827,0.23104762970521306,0.45960735699231015,0.0,0.45955786012446354,0.4599010975177899,-0.0011613663435771626,0.03289097680953655,0.03287036030196126,1.0,0.92,0.92,-0.00044864887359955864,0.027970223945127704,0.02793884177598502,1.0,0.94,0.94,-0.00044864887359955864,0.027970223945127704,0.02793884177598502,1.0,0.94,0.94,-0.0005000858457372276,0.023921424861482174,0.023896737577295678,1.0,0.9475,0.9475,-0.00020402188369370356,0.0031921722899866723,0.003194700916856269,1.0,0.965,0.965,-0.00040657251755085,0.027524273027730115,0.02749285257849386,1.0,0.9425,0.9425
uniform,kink,1.0,16000,1.5002207360942899,1.4803744070391132,2.174846341478774,2.175770219484827,0.23104762970521306,0.45960735699231015,0.0,0.4596769100156473,0.4597242418075278,0.00015231141481146239,0.02194622998458907,0.021919309222172518,1.0,0.9575,0.9575,-5.4873558380974516e-05,0.018900383693051748,0.01887682318592364,1.0,0.9525,0.9525,-5.4873558380974516e-05,0.018900383693051748,0.01887682318592364,1.0,0.9525,0.9525,0.0002954694621888543,0.017269924759747483,0.01725085440369279,1.0,0.95,0.95,-9.680585983790624e-06,0.002297897450205219,0.002295043697552508,1.0,0.945,0.945,-4.665507880929176e-05,0.01869684581669526,0.018673518417291386,1.0,0.945,0.945
uniform,kink,1.0,32000,1.5002207360942899,1.4803744070391132,2.174846341478774,2.175770219484827,0.23104762970521306,0.45960735699231015,0.0,0.4596461624132364,0.45983652407331266,-0.00010416158893939819,0.01577476840811381,0.01575538192715149,1.0,0.9525,0.9525,0.00020173652888881953,0.013607837190788091,0.01359231391469297,1.0,0.95,0.95,0.00020173652888881953,0.013607837190788091,0.01359231391469297,1.0,0.95,0.95,0.00020982919647687226,0.011940547607053162,0.011927458394608065,1.0,0.955,0.955,-0.0002048493590126993,0.001565348359794943,0.0015767539309232274,1.0,0.97,0.97,0.000207730993354448,0.013420220760178306,0.013405044632689255,1.0,0.945,0.945
uniform,kink,0.6,125,1.5000746024680245,1.4492191677229038,2.5317266821112887,2.5318192303700977,0.20467089283489018,0.39497290644001526,0.0,0.39762884781011887,0.4019218463508754,-0.019977534300260252,0.25504181734307335,0.25550501883307797,1.0,0.9725,0.9725,0.008099858390133252,0.23119580050355273,0.23104864667639274,1.0,0.9525,0.9525,0.008099858390133252,0.23119580050355273,0.23104864667639274,1.0,0.9525,0.9525,-0.002753921646600551,0.20037104157160554,0.20013936893868348,1.0,0.9575,0.9575,-0.0019007155442033008,0.02667053054285161,0.026704898914217286,1.0,0.9375,0.9375,0.005498896663321164,0.22260934289773765,0.2223988986281475,1.0,0.955,0.955
uniform,kink,0.6,250,1.5000746024680245,1.4492191677229038,2.5317266821112887,2.5318192303700977,0.20467089283489018,0.39497290644001526,0.0,0.396283378750599,0.39750978510539636,0.0013034673524043867,0.1939818167156835,0.19374357248800544,1.0,0.94,0.94,0.013890343504904661,0.17738451638408942,0.17770634521273995,1.0,0.945,0.945,0.013890343504904661,0.17738451638408942,0.17770634521273995,1.0,0.945,0.945,0.009361361297369588,0.15305052829330487,0.1531454802978934,1.0,0.9425,0.9425,0.0004588572451384609,0.018650861497988374,0.018633184054316063,1.0,0.94,0.94,0.0134508301060966,0.16777443094510244,0.16810358074799786,1.0,0.9425,0.9425
uniform,kink,0.6,500,1.5000746024680245,1.4492191677229038,2.5317266821112887,2.5318192303700977,0.20467089283489018,0.39497290644001526,0.0,0.3954559565696067,0.39706881861478655,-0.0005204832622124638,0.1409367083523788,0.1407613895023302,1.0,0.9275,0.9275,0.0036163682836591075,0.12373727076866091,0.12363540357194118,1.0,0.9275,0.9275,0.0036163682836591075,0.12373727076866091,0.12363540357194118,1.0,0.9275,0.9275,-0.001388566228805656,0.10605190702780029,0.10592836061671299,1.0,0.935,0.935,-0.0005217689875213577,0.012833297640480586,0.012827861761988267,1.0,0.95,0.95,0.0036941713482876383,0.11780940551012274,0.11772002925811911,1.0,0.925,0.925
uniform,kink,0.6,1000,1.5000746024680245,1.4492191677229038,2.5317266821112887,2.5318192303700977,0.20467089283489018,0.39497290644001526,0.0,0.3951232733968845,0.39645761897878173,0.0038157072366729276,0.09042827980339722,0.09039574229711814,1.0,0.965,0.965,0.007254917410526477,0.08070727036522309,0.0809321515697826,1.0,0.9575,0.9575,0.007254917410526477,0.08070727036522309,0.0809321515697826,1.0,0.9575,0.9575,0.004274898438944113,0.072222601021805,0.0722588305660438,1.0,0.9375,0.9375,-0.0004938528612776344,0.009300095171334774,0.00930158219976509,1.0,0.94,0.94,0.005874816095893091,0.07545802194416591,0.07559227313156731,1.0,0.965,0.965
uniform,kink,0.6,2000,1.5000746024680245,1.4492191677229038,2.5317266821112887,2.5318192303700977,0.20467089283489018,0.39497290644001526,0.0,0.3948985833277126,0.39533264268613905,0.0008619471179332038,0.06765738854230448,0.06757826108770154,1.0,0.94,0.94,0.002525480360923902,0.05816525120212649,0.058147368877201774,1.0,0.95,0.95,0.002525480360923902,0.05816525120212649,0.058147368877201774,1.0,0.95,0.95,0.00169464017239143,0.04962262137886252,0.049589518513921384,1.0,0.9525,0.9525,-0.00017915097772600307,0.006572790929193028,0.0065670139119850465,1.0,0.95,0.95,0.0019211376656794725,0.05574592855893657,0.055709337632494846,1.0,0.965,0.965
uniform,kink,0.6,4000,1.5000746024680245,1.4492191677229038,2.5317266821112887,2.5318192303700977,0.20467089283489018,0.39497290644001526,0.0,0.39486926127982164,0.3947853237349157,0.00023585473943886216,0.047361438433840164,0.047302787585450416,1.0,0.935,0.935,-0.0008065175511593925,0.04187633521046436,0.04183173260328644,1.0,0.9525,0.9525,-0.0008065175511593925,0.04187633521046436,0.04183173260328644,1.0,0.9525,0.9525,0.0011150127649280023,0.03686339047105304,0.03683416262920501,1.0,0.935,0.935,0.0005153271962335087,0.0046406031263165936,0.0046633594652050235,1.0,0.945,0.945,-0.00048468199340110984,0.040077648846630995,0.04003045476716328,1.0,0.945,0.945
uniform,kink,0.6,8000,1.5000746024680245,1.4492191677229038,2.5317266821112887,2.5318192303700977,0.20467089283489018,0.39497290644001526,0.0,0.3952243675898525,0.39468831056224546,-0.0023069150342459577,0.03112417830357615,0.03117073219961874,1.0,0.9625,0.9625,-0.003395312484738955,0.02933258002002435,0.029491988689703142,1.0,0.95,0.95,-0.003395312484738955,0.02933258002002435,0.029491988689703142,1.0,0.95,0.95,-0.0028301543342060557,0.024675492482698774,0.024806602004224392,1.0,0.97,0.97,1.4759496879487854e-05,0.0031635689601085333,0.003159646497109592,1.0,0.9625,0.9625,-0.0031085366397451144,0.028072809935053317,0.028209492215318977,1.0,0.9475,0.9475
uniform,kink,0.6,16000,1.5000746024680245,1.4492191677229038,2.5317266821112887,2.5318192303700977,0.20467089283489018,0.39497290644001526,0.0,0.39496814294742566,0.39500119919321774,0.00023275696557012614,0.022647269445727737,0.022620140187873415,1.0,0.9575,0.9575,0.0005160803147925531,0.0207234986675218,0.020704011143291467,1.0,0.9525,0.9525,0.0005160803147925531,0.0207234986675218,0.020704011143291467,1.0,0.9525,0.9525,6.171249077268404e-05,0.01704220709511389,0.017021002880194386,1.0,0.95,0.95,8.292181688504485e-05,0.002212030506186969,0.002210819370870569,1.0,0.965,0.965,0.0007281041382136816,0.019420203878274308,0.019409574789601657,1.0,0.9575,0.9575
uniform,kink,0.6,32000,1.5000746024680245,1.4492191677229038,2.5317266821112887,2.5318192303700977,0.20467089283489018,0.39497290644001526,0.0,0.39498832061203837,0.39509658927841795,-0.0008409551076920468,0.015713920460212857,0.01571678031539777,1.0,0.965,0.965,-0.0004552573541410271,0.013536301497918735,0.01352703363104602,1.0,0.96,0.96,-0.0004552573541410271,0.013536301497918735,0.01352703363104602,1.0,0.96,0.96,-0.0006724225165927639,0.011875143831170575,0.01187933691117825,1.0,0.9725,0.9725,-6.851426879510736e-05,0.0015821980122160666,0.0015817036316941142,1.0,0.9475,0.9475,-0.00047505135979777793,0.012746988105296632,0.01273990444574166,1.0,0.965,0.965
uniform,kink,0.4,125,1.5001553394387437,1.4006013185076487,3.4222090461347134,3.4192673134281755,0.16962936882804586,0.2922089172575449,0.0,0.30890955651312607,0.3032404884651831,-0.0035356155179148397,0.31824872447896463,0.31787032825194184,1.0,0.94,0.94,0.018853438267820634,0.26986472578236803,0.270185778549792,1.0,0.925,0.925,0.018853438267820634,0.26986472578236803,0.270185778549792,1.0,0.925,0.925,0.0030181825730746965,0.24019259954180167,0.2399111566570135,1.0,0.9475,0.9475,0.0007057697499692395,0.02612802879035858,0.02610489062778475,1.0,0.9525,0.9525,0.01261490369329433,0.2367420949133693,0.23678225915469664,1.0,0.9475,0.9475
uniform,kink,0.4,250,1.5001553394387437,1.4006013185076487,3.4222090461347134,3.4192673134281755,0.16962936882804586,0.2922089172575449,0.0,0.3009045861079263,0.2994727006734785,-0.00928699371160778,0.21916018592459988,0.21908299198926504,1.0,0.94,0.94,0.015617628907438532,0.19999972308370303,0.2003591770874608,1.0,0.9175,0.9175,0.015617628907438532,0.19999972308370303,0.2003591770874608,1.0,0.9175,0.9175,0.0033995557517384166,0.17084873231326056,0.1706688990092358,1.0,0.95,0.95,-0.0006885109334733297,0.01896390238049511,0.018952692864569878,1.0,0.925,0.925,0.008210749937819478,0.17715454047125087,0.17712337027082992,1.0,0.9275,0.9275
uniform,kink,0.4,500,1.5001553394387437,1.4006013185076487,3.4222090461347134,3.4192673134281755,0.16962936882804586,0.2922089172575449,0.0,0.2941167018939477,0.2965098765079572,0.006027475430179852,0.15382211966214066,0.15374791655880077,1.0,0.9425,0.9425,-0.0017940269412113484,0.13844039532685273,0.13827887486263193,1.0,0.9375,0.9375,-0.0017940269412113484,0.13844039532685273,0.13827887486263193,1.0,0.9375,0.9375,-0.002222826159072831,0.12273952882075476,0.12260615976139409,1.0,0.9525,0.9525,-0.0004087757685535215,0.01258912867713865,0.01258002555944889,1.0,0.95,0.95,0.0008498580184406484,0.12347927929204389,0.12332776184662511,1.0,0.9325,0.9325
uniform,kink,0.4,1000,1.5001553394387437,1.4006013185076487,3.4222090461347134,3.4192673134281755,0.16962936882804586,0.2922089172575449,0.0,0.2930239579966642,0.2937622469709339,0.0011590053806611867,0.11476908549219493,0.11463139369616582,1.0,0.945,0.945,0.004833794396187196,0.10499417364604982,0.10497419981420403,1.0,0.9525,0.9525,0.004833794396187196,0.10499417364604982,0.10497419981420403,1.0,0.9525,0.9525,-0.0019232191351886163,0.08937519991521717,0.08928412689737902,1.0,0.9325,0.9325,0.000850842450700997,0.008879195904192913,0.008908813191508085,1.0,0.955,0.955,0.0024916980777582452,0.08787585090392531,0.08780130020944674,1.0,0.9425,0.9425
uniform,kink,0.4,2000,1.5001553394387437,1.4006013185076487,3.4222090461347134,3.4192673134281755,0.16962936882804586,0.2922089172575449,0.0,0.29294143596619243,0.2934841426424364,-0.005452800256034678,0.07658049752309272,0.07667883801945885,1.0,0.95,0.95,-0.004212865599505248,0.06881503637901777,0.06885796029019028,1.0,0.945,0.945,-0.004212865599505248,0.06881503637901777,0.06885796029019028,1.0,0.945,0.945,-0.0063556465754915845,0.058680519345279174,0.05895073439447267,1.0,0.965,0.965,-0.0002516095537571938,0.006763647375864394,0.006759871735322838,1.0,0.925,0.925,-0.004307547304128508,0.06024066579272741,0.06031932057301794,1.0,0.9575,0.9575
uniform,kink,0.4,4000,1.5001553394387437,1.4006013185076487,3.4222090461347134,3.4192673134281755,0.16962936882804586,0.2922089172575449,0.0,0.2930208182103282,0.2925878803341895,0.004047305567346972,0.058482710707726294,0.058549616270730354,1.0,0.9275,0.9275,0.001244557513212904,0.05220381559963805,0.05215337180525153,1.0,0.9275,0.9275,0.001244557513212904,0.05220381559963805,0.05215337180525153,1.0,0.9275,0.9275,0.0011713169857555383,0.043966235113874944,0.04392686238504212,1.0,0.9425,0.9425,-0.0002513288817976067,0.004336898165573275,0.0043387590611985005,1.0,0.96,0.96,0.0028315851003547082,0.04596621777460306,0.045995965233284634,1.0,0.92,0.92
uniform,kink,0.4,8000,1.5001553394387437,1.4006013185076487,3.4222090461347134,3.4192673134281755,0.16962936882804586,0.2922089172575449,0.0,0.2928797206633446,0.292726238504687,-0.001664003448425902,0.03779275957164321,0.037782149910060736,1.0,0.955,0.955,-4.723226401069591e-05,0.03292570315601925,0.03288455419166061,1.0,0.955,0.955,-4.723226401069591e-05,0.03292570315601925,0.03288455419166061,1.0,0.955,0.955,-0.0002395231526507785,0.028721527164296476,0.028686602773480386,1.0,0.955,0.955,-0.00022436998873234416,0.00317115149880509,0.0031751225512799634,1.0,0.9475,0.9475,-0.0016332865120934582,0.029175829689359674,0.029185074786574585,1.0,0.96,0.96
uniform,kink,0.4,16000,1.5001553394387437,1.4006013185076487,3.4222090461347134,3.4192673134281755,0.16962936882804586,0.2922089172575449,0.0,0.29244017906507574,0.29233529421908416,-0.00040511515756181673,0.027036058558597326,0.02700528114126624,1.0,0.945,0.945,-0.00026011464855345555,0.02572589740092922,0.025695036528886685,1.0,0.94,0.94,-0.00026011464855345555,0.02572589740092922,0.025695036528886685,1.0,0.94,0.94,0.00015878069196470225,0.020893812154198978,0.020868282612070795,1.0,0.945,0.945,-0.0001292162479755049,0.0022716984743584895,0.0022725336658116968,1.0,0.955,0.955,0.00015208656265953746,0.0225729004959032,0.022545179696079016,1.0,0.9425,0.9425
uniform,kink,0.4,32000,1.5001553394387437,1.4006013185076487,3.4222090461347134,3.4192673134281755,0.16962936882804586,0.2922089172575449,0.0,0.2925064387411686,0.2925577088376046,-0.002449172550019542,0.019643134271617096,0.019770850724804823,1.0,0.94,0.94,-0.0010528518141211562,0.017820842838557692,0.01782966573776356,1.0,0.9425,0.9425,-0.0010528518141211562,0.017820842838557692,0.01782966573776356,1.0,0.9425,0.9425,-0.0009497569708914222,0.01570245599048249,0.015711548129527644,1.0,0.935,0.935,-0.00026900893801851177,0.0015596907313564893,0.0015807970768790948,1.0,0.9575,0.9575,-0.0010205885148665027,0.015731016674618355,0.015744453763778383,1.0,0.9325,0.9325
uniform,kink,0.3,125,1.500191982240865,1.3501945044783281,5.206899800091218,5.198673155286177,0.13962886056036095,0.19205286031862592,0.0,0.23153472619011542,0.2307728782013113,-0.0130332285568247,0.4001277537582903,0.39983975393393567,1.0,0.965,0.965,0.02201694225942836,0.3353820595345791,0.3356853717239803,1.0,0.91,0.91,0.02201694225942836,0.3353820595345791,0.3356853717239803,1.0,0.91,0.91,-0.01065586004989072,0.2908746564041195,0.29070619691928123,1.0,0.955,0.955,0.000757562121608713,0.024864183868333428,0.024844636658800077,1.0,0.9575,0.9575,0.008391604368919324,0.25651366252574764,0.2563302165929754,1.0,0.95,0.95
uniform,kink,0.3,250,1.500191982240865,1.3501945044783281,5.206899800091218,5.198673155286177,0.13962886056036095,0.19205286031862592,0.0,0.21561590953255083,0.20889904266825013,0.00504965628535387,0.25244111861985735,0.25217593283800893,1.0,0.97,0.97,0.029781284842602035,0.24037483399770762,0.24191431457078588,1.0,0.9125,0.9125,0.029781284842602035,0.24037483399770762,0.24191431457078588,1.0,0.9125,0.9125,0.013091216292501815,0.20144044353714974,0.20161395439237223,1.0,0.96,0.96,0.0006890208979029012,0.017388802690577045,0.017380715827089426,1.0,0.965,0.965,0.017557727375082,0.18126486120344018,0.18188755131375095,1.0,0.9375,0.9375
uniform,kink,0.3,500,1.500191982240865,1.3501945044783281,5.206899800091218,5.198673155286177,0.13962886056036095,0.19205286031862592,0.0,0.20402709564720226,0.2018626427382805,0.008910607970771455,0.18968311762245152,0.18965530531098815,1.0,0.945,0.945,0.02032947284393524,0.1718370993105123,0.17282203619276837,1.0,0.915,0.915,0.02032947284393524,0.1718370993105123,0.17282203619276837,1.0,0.915,0.915,0.006105672420779791,0.15706131196533554,0.15698364345590798,1.0,0.93,0.93,-0.0007019225333723162,0.012635622327302497,0.012639323536569732,1.0,0.955,0.955,0.00634802505139047,0.134216440111969,0.13419878943713323,1.0,0.9125,0.9125
uniform,kink,0.3,1000,1.500191982240865,1.3501945044783281,5.206899800091218,5.198673155286177,0.13962886056036095,0.19205286031862592,0.0,0.19900743593755266,0.19663844827928034,-0.002524011712411345,0.1314180135829417,0.13127790443740112,1.0,0.9625,0.9625,0.0009888305497870254,0.12391958490753845,0.12376853861423621,1.0,0.9475,0.9475,0.0009888305497870254,0.12391958490753845,0.12376853861423621,1.0,0.9475,0.9475,-0.0009376064052161032,0.10941526514675652,0.10928243272497322,1.0,0.94,0.94,-0.0007975296491842233,0.008993411425004557,0.009017499596788566,1.0,0.95,0.95,-0.0011744069643129951,0.09184466125685553,0.09173730118441953,1.0,0.9375,0.9375
uniform,kink,0.3,2000,1.500191982240865,1.3501945044783281,5.206899800091218,5.198673155286177,0.13962886056036095,0.19205286031862592,0.0,0.19371313245090074,0.19442093597298626,-0.0026940434353661313,0.10045274523828705,0.10036326524617996,1.0,0.9475,0.9475,-0.00523578609962047,0.08538567288520424,0.08543945111776488,1.0,0.94,0.94,-0.00523578609962047,0.08538567288520424,0.08543945111776488,1.0,0.94,0.94,-0.007062949313179897,0.07488257979691582,0.07512168467326469,1.0,0.9475,0.9475,6.607450779494873e-05,0.006497501814069342,0.006489711229311759,1.0,0.945,0.945,-0.0015089609210429062,0.06547142623506906,0.06540694418165542,1.0,0.9475,0.9475
uniform,kink,0.3,4000,1.500191982240865,1.3501945044783281,5.206899800091218,5.198673155286177,0.13962886056036095,0.19205286031862592,0.0,0.19419402700125218,0.1946641664421874,0.0010993970069599762,0.06454482311501464,0.06447346569907708,1.0,0.97,0.97,0.0036870354588723823,0.057130605143510864,0.05717814713182452,1.0,0.9525,0.9525,0.0036870354588723823,0.057130605143510864,0.05717814713182452,1.0,0.9525,0.9525,0.00013646760569391292,0.048966792268815715,0.04890573587670479,1.0,0.965,0.965,-5.085002583526843e-05,0.004368715122191233,0.004363547108081068,1.0,0.9675,0.9675,0.000343500388401381,0.04558223734991482,0.04552651978172987,1.0,0.945,0.945
uniform,kink,0.3,8000,1.500191982240865,1.3501945044783281,5.206899800091218,5.198673155286177,0.13962886056036095,0.19205286031862592,0.0,0.19310955958512305,0.19311994416164133,3.764529179713705e-05,0.04880641584645652,0.048745384185333834,1.0,0.9425,0.9425,0.000987059659274818,0.04547957012982312,0.04543340849767364,1.0,0.93,0.93,0.000987059659274818,0.04547957012982312,0.04543340849767364,1.0,0.93,0.93,-0.0007980486646217633,0.03603061199512714,0.03599439359001129,1.0,0.945,0.945,-0.00019745268101727608,0.0031985191666493535,0.0032006149578660084,1.0,0.9575,0.9575,0.0006376597320865623,0.03361595420801161,0.03357996286933282,1.0,0.9225,0.9225
uniform,kink,0.3,16000,1.500191982240865,1.3501945044783281,5.206899800091218,5.198673155286177,0.13962886056036095,0.19205286031862592,0.0,0.19233828750374818,0.19205500350507915,0.00010097015251846531,0.03307283137542392,0.03303161878747326,1.0,0.965,0.965,-0.002906004800652848,0.02914213198866801,0.029250394204253936,1.0,0.9425,0.9425,-0.002906004800652848,0.02914213198866801,0.029250394204253936,1.0,0.9425,0.9425,-0.0010764483386414864,0.0249877944627268,0.024979744563485142,1.0,0.9725,0.9725,-0.00013723370324975336,0.0021720437216240017,0.0021736634015256983,1.0,0.9625,0.9625,-0.001398630064017703,0.022530250321629926,0.022545494342825826,1.0,0.945,0.945
uniform,kink,0.3,32000,1.500191982240865,1.3501945044783281,5.206899800091218,5.198673155286177,0.13962886056036095,0.19205286031862592,0.0,0.19275479748224902,0.19253089745281723,0.0016549354258131271,0.02389708804092517,0.023924505241639814,1.0,0.95,0.95,0.0012152276363773106,0.020176448677357427,0.02018782149552493,1.0,0.9625,0.9625,0.0012152276363773106,0.020176448677357427,0.02018782149552493,1.0,0.9625,0.9625,0.0006790791839149968,0.01734820403099665,0.017339807703125265,1.0,0.96,0.96,-0.00023046899421733436,0.0015384425049480507,0.0015537066277047946,1.0,0.96,0.96,0.0006946667848912997,0.014598800742291605,0.014597079591390269,1.0,0.9675,0.9675
uniform,kink,0.22,125,1.499960335598081,1.2853068766684108,11.351875459347601,11.36491816942938,0.10769476170111716,0.08799007481548887,0.0,0.19256656898219876,0.20338501217197685,0.04998473810714838,0.5005379402633654,0.5024045761262778,1.0,0.9775,0.9775,0.1371654679492669,0.4059002020206728,0.42796898504817293,1.0,0.825,0.825,0.1371654679492669,0.4059002020206728,0.42796898504817293,1.0,0.825,0.825,0.037491701094481196,0.3828113832362013,0.384166398059921,1.0,0.9675,0.9675,0.0007096826443899107,0.02634061650186404,0.026317240679063884,1.0,0.94,0.94,0.034081870762353514,0.2800571910277233,0.28177566269176735,1.0,0.9525,0.9525
uniform,kink,0.22,250,1.499960335598081,1.2853068766684108,11.351875459347601,11.36491816942938,0.10769476170111716,0.08799007481548887,0.0,0.15041468303358568,0.14791259792172856,0.02359612417893743,0.41719666078580087,0.41734242321223874,1.0,0.95,0.95,0.05131267964590558,0.33440516188486236,0.33790566191904253,1.0,0.8675,0.8675,0.05131267964590558,0.33440516188486236,0.33790566191904253,1.0,0.8675,0.8675,0.018281995542790773,0.31168525938643127,0.3118317864290242,1.0,0.96,0.96,0.0004859674254624624,0.01710810806568885,0.01709361891238746,1.0,0.9625,0.9625,0.011956858642299608,0.20131512044798747,0.20141853128567183,1.0,0.9475,0.9475
uniform,kink,0.22,500,1.499960335598081,1.2853068766684108,11.351875459347601,11.36491816942938,0.10769476170111716,0.08799007481548887,0.0,0.12161951963867326,0.12170591829991086,-7.971507515970255e-05,0.27596150074700576,0.2756163445340216,1.0,0.97,0.97,0.018318685496052093,0.23496189086129624,0.23538191661643457,1.0,0.8975,0.8975,0.018318685496052093,0.23496189086129624,0.23538191661643457,1.0,0.8975,0.8975,-0.008850703998582064,0.19248158054854905,0.1924444618964441,1.0,0.965,0.965,6.320102106913695e-05,0.012480789528762182,0.01246533899908746,1.0,0.9575,0.9575,0.0035542704146382686,0.14281519474662396,0.14268084047646418,1.0,0.935,0.935
uniform,kink,0.22,1000,1.499960335598081,1.2853068766684108,11.351875459347601,11.36491816942938,0.10769476170111716,0.08799007481548887,0.0,0.10450663209158119,0.10613784322730144,0.0044438746335559685,0.20689898844607973,0.2066879809355633,1.0,0.96,0.96,0.0182363384986856,0.17919659029262364,0.17989914805081705,1.0,0.8975,0.8975,0.0182363384986856,0.17919659029262364,0.17989914805081705,1.0,0.8975,0.8975,0.00421399543127993,0.16027692456932202,0.160131909922793,1.0,0.955,0.955,0.0005299084635708306,0.009023611639965495,0.009027890456308854,1.0,0.9525,0.9525,-0.003260040043138974,0.10232357371882028,0.1022475736402935,1.0,0.935,0.935
uniform,kink,0.22,2000,1.499960335598081,1.2853068766684108,11.351875459347601,11.36491816942938,0.10769476170111716,0.08799007481548887,0.0,0.09488363202001533,0.0953060218147268,-0.0029149141400562446,0.13784179090260265,0.13770023654802716,1.0,0.97,0.97,-0.0012903104610998773,0.12651862824891097,0.1263669687332777,1.0,0.9275,0.9275,-0.0012903104610998773,0.12651862824891097,0.1263669687332777,1.0,0.9275,0.9275,-0.0046117247526945605,0.10324466448067587,0.1032186034446438,1.0,0.965,0.965,0.00016962092242214677,0.006252973059445941,0.006247455014585913,1.0,0.9475,0.9475,0.0021725797057170165,0.06696783639534848,0.06691935061156204,1.0,0.9675,0.9675
uniform,kink,0.22,4000,1.499960335598081,1.2853068766684108,11.351875459347601,11.36491816942938,0.10769476170111716,0.08799007481548887,0.0,0.09063898038447578,0.09158261220788617,0.0032352159660967543,0.09901251341075556,0.09894157740673305,1.0,0.955,0.955,-0.004061869998330608,0.09038395330541579,0.09036224131494931,1.0,0.935,0.935,-0.004061869998330608,0.09038395330541579,0.09036224131494931,1.0,0.935,0.935,-0.00384743497143954,0.07456603662683423,0.07457208820697094,1.0,0.94,0.94,-0.00021303832030800053,0.004557459205061994,0.004556741560118311,1.0,0.9575,0.9575,-0.0015372040513953133,0.05081809728616997,0.0507778082488088,1.0,0.9375,0.9375
uniform,kink,0.22,8000,1.499960335598081,1.2853068766684108,11.351875459347601,11.36491816942938,0.10769476170111716,0.08799007481548887,0.0,0.09065380192744414,0.0890968021748989,-0.0016177033019155079,0.07344034626050014,0.07336632546126341,1.0,0.955,0.955,0.0021774994282210097,0.06253158657228354,0.06249132199520807,1.0,0.94,0.94,0.0021774994282210097,0.06253158657228354,0.06249132199520807,1.0,0.94,0.94,0.0016947823103221976,0.054552175220683945,0.054510294980254094,1.0,0.95,0.95,-0.0001468887460460011,0.0030976036678468342,0.003097214379981709,1.0,0.9625,0.9625,0.0029785935224756425,0.034911489486201465,0.03499481514841772,1.0,0.955,0.955
uniform,kink,0.22,16000,1.499960335598081,1.2853068766684108,11.351875459347601,11.36491816942938,0.10769476170111716,0.08799007481548887,0.0,0.08929318963705725,0.08921529927908745,0.0005857129804227812,0.05251555770826153,0.052453142437814515,1.0,0.9375,0.9375,0.003219705809535355,0.046285969616059776,0.04634006378222323,1.0,0.945,0.945,0.003219705809535355,0.046285969616059776,0.04634006378222323,1.0,0.945,0.945,0.001387253937248869,0.03801628648251433,0.037994070804695475,1.0,0.9425,0.9425,-5.152526283987768e-05,0.002319845246687163,0.0023175164759643672,1.0,0.935,0.935,0.0003563515724422467,0.025356840511552195,0.0253276316257493,1.0,0.95,0.95
uniform,kink,0.22,32000,1.499960335598081,1.2853068766684108,11.351875459347601,11.36491816942938,0.10769476170111716,0.08799007481548887,0.0,0.08825316779933719,0.08845341221560878,-0.0005482646203849562,0.037686579007960255,0.03764343416618479,1.0,0.94,0.94,0.0010533530202365838,0.03380943064652419,0.03378356788774337,1.0,0.9275,0.9275,0.0010533530202365838,0.03380943064652419,0.03378356788774337,1.0,0.9275,0.9275,0.00037397618130033064,0.02720341651740558,0.02717196466448619,1.0,0.9525,0.9525,7.960461149004505e-05,0.00164246101627147,0.0016423370204276166,1.0,0.94,0.94,0.000840482122687286,0.018938985942330042,0.018933961174329644,1.0,0.935,0.935
uniform,kink,0.15,125,1.499902423499959,1.2054054043791527,59.907084877869615,59.919217421322415,0.07485293322825222,0.016689136524739513,0.0,0.20527058014975297,0.20262433426439233,-0.12150172433844941,1.030656357062731,1.0365131760161814,1.0,0.945,0.945,0.19356276913736223,0.5307097327479977,0.5642829378764622,1.0,0.68,0.68,0.21691036883181014,0.48844672003814504,0.5338856206407735,1.0,0.7125,0.7125,-0.033232515369777914,0.7384168991765961,0.7382416733529121,1.0,0.9675,0.9675,0.0003942175167506334,0.026654183863636164,0.026623764029405087,1.0,0.935,0.935,-0.022834926889550012,0.355666446744811,0.35595478459037516,1.0,0.8975,0.8975
uniform,kink,0.15,250,1.499902423499959,1.2054054043791527,59.907084877869615,59.919217421322415,0.07485293322825222,0.016689136524739513,0.0,0.15104642535709792,0.15971472065229517,0.052387097033658986,1.0163065808602647,1.0163863815349683,1.0,0.95,0.95,0.18474986565699478,0.4402291010328363,0.4769168377222242,1.0,0.66,0.66,0.2188547994358968,0.36778610582038457,0.42758142653951126,1.0,0.695,0.695,0.02052913688016039,0.6794378541491667,0.678898485502613,1.0,0.975,0.975,0.00010485852330842316,0.017212248525226202,0.01719103955134263,1.0,0.945,0.945,0.003790929926424418,0.24666881607732283,0.24638945231611015,1.0,0.93,0.93
uniform,kink,0.15,500,1.499902423499959,1.2054054043791527,59.907084877869615,59.919217421322415,0.07485293322825222,0.016689136524739513,0.0,0.09810584784122466,0.10798468124045751,0.08489798869452829,0.6332919908075462,0.6381722081392365,1.0,0.9675,0.9675,0.1222880887591499,0.36655889096231015,0.38598430491993546,1.0,0.7075,0.7075,0.17985188391200085,0.28542912854213476,0.33706499832890907,1.0,0.7275,0.7275,0.0216275370360765,0.44735543792680194,0.4473190371326945,1.0,0.9725,0.9725,0.0012991091300555847,0.013443095533360948,0.013488984765617655,1.0,0.9425,0.9425,-0.0025480796979764973,0.1575863294933465,0.1574098482472582,1.0,0.9675,0.9675
uniform,kink,0.15,1000,1.499902423499959,1.2054054043791527,59.907084877869615,59.919217421322415,0.07485293322825222,0.016689136524739513,0.0,0.07080562364857271,0.0710930641986621,-0.005528396311594551,0.5263396592430614,0.5257103921986418,1.0,0.975,0.975,0.04968155388690455,0.36016663079859573,0.3631307735962037,1.0,0.7425,0.7425,0.1489251362741869,0.22810211278942502,0.27217493205406923,1.0,0.75,0.75,-0.005169655458641232,0.39796265608317716,0.39749850978996926,1.0,0.9775,0.9775,0.00013567229257872902,0.009126568201049656,0.009116162486570944,1.0,0.9675,0.9675,0.0009631245271992953,0.11469161513368281,0.11455220981881048,1.0,0.955,0.955
uniform,kink,0.15,2000,1.499902423499959,1.2054054043791527,59.907084877869615,59.919217421322415,0.07485293322825222,0.016689136524739513,0.0,0.04789883855262346,0.0455244172258477,-0.0079312308363253,0.36112753928243996,0.36076304037650364,1.0,0.9675,0.9675,0.034440781388883235,0.25435283880978915,0.2563587244794859,1.0,0.8,0.8,0.14624111724933353,0.1570006905707781,0.21441562016778362,1.0,0.7425,0.7425,0.002745070056656218,0.24872357075105045,0.24842763839828866,1.0,0.965,0.965,0.000131200788476043,0.006263377411187234,0.006256919010214197,1.0,0.9525,0.9525,0.006877405372916871,0.08836619676380582,0.08852322843941483,1.0,0.9425,0.9425
uniform,kink,0.15,4000,1.499902423499959,1.2054054043791527,59.907084877869615,59.919217421322415,0.07485293322825222,0.016689136524739513,0.0,0.031629689353868694,0.031275805267183945,-0.0005184081415042363,0.2315757528160973,0.23128668296318433,1.0,0.98,0.98,0.00971018173889413,0.18856139077278297,0.1885757068774849,1.0,0.8875,0.8875,0.133525092566709,0.10248807210368237,0.1682453439360774,1.0,0.7275,0.7275,-0.005852060417260917,0.1667423521993018,0.16663658391253974,1.0,0.9825,0.9825,0.0005129121638433315,0.0044449524337080975,0.004468924593277578,1.0,0.9575,0.9575,-0.0028947834418733237,0.05746057411268033,0.05746166595732128,1.0,0.955,0.955
uniform,kink,0.15,8000,1.499902423499959,1.2054054043791527,59.907084877869615,59.919217421322415,0.07485293322825222,0.016689136524739513,0.0,0.024731442319079314,0.02461550081808599,-0.001946995839629921,0.17767948390035188,0.1774679261004568,1.0,0.945,0.945,0.013409774605036805,0.14350764847895783,0.143954093772939,1.0,0.8925,0.8925,0.13946755416328088,0.07763595875546113,0.15957278088990506,1.0,0.5525,0.5525,-0.0015319861014020653,0.11826092935048757,0.11812294558521978,1.0,0.965,0.965,0.0002476257078133154,0.003203579993098911,0.003209140998993844,1.0,0.9475,0.9475,-0.004361565580209042,0.041856706656454815,0.04203126439574072,1.0,0.96,0.96
uniform,kink,0.15,16000,1.499902423499959,1.2054054043791527,59.907084877869615,59.919217421322415,0.07485293322825222,0.016689136524739513,0.0,0.019490095565811036,0.019603522111537472,0.007472226250555495,0.1189102421771093,0.11899634761420927,1.0,0.955,0.955,0.005540065792366865,0.09963406631003989,0.0996635446416266,1.0,0.93,0.93,0.13855005633850412,0.05873943065381155,0.15045867546656377,1.0,0.32,0.32,0.0033355484769717176,0.08612093881475302,0.08607787140561056,1.0,0.9525,0.9525,8.593180666075783e-05,0.0023843169014293834,0.002382884584725348,1.0,0.935,0.935,0.0024412802871290125,0.030064088499539718,0.0301255646122228,1.0,0.945,0.945
uniform,kink,0.15,32000,1.499902423499959,1.2054054043791527,59.907084877869615,59.919217421322415,0.07485293322825222,0.016689136524739513,0.0,0.01858125006738634,0.017852959975779036,-6.146308448341242e-05,0.08022771622712341,0.08012739239862388,1.0,0.9575,0.9575,0.004306095643233169,0.07372014318441017,0.07375374785080949,1.0,0.925,0.925,0.13676504461791988,0.03844964792688942,0.14205406335786075,1.0,0.075,0.075,0.002833243329876976,0.060965945242821486,0.060955570958843644,1.0,0.95,0.95,9.159103936284274e-06,0.0015340912835527195,0.0015321998450892969,1.0,0.965,0.965,-0.0008253286064056198,0.02007652116653833,0.02006838814413447,1.0,0.9675,0.9675
uniform,kink,0.11,125,1.4999169524631906,1.152237311908874,489.02914605903936,487.8844110592224,0.05500624002817011,0.002044867893986982,0.0,0.24459211846641324,0.23500126118214182,0.10253963221314695,7.832097208148588,7.822973008221911,1.0,0.9325,0.9325,0.4004388370570581,0.5536054668431288,0.6826888585658266,1.0,0.4625,0.4625,0.4287878094295131,0.48159518954634273,0.6443702951665702,1.0,0.5025,0.5025,0.17787047749665355,4.637456122271012,4.6350698154978,1.0,0.98,0.98,-3.860421964673566e-05,0.025565201874070208,0.025533254557157076,1.0,0.9575,0.9575,0.010333177824487927,0.3995878722547274,0.3992218256156347,1.0,0.91,0.91
uniform,kink,0.11,250,1.4999169524631906,1.152237311908874,489.02914605903936,487.8844110592224,0.05500624002817011,0.002044867893986982,0.0,0.18440398882747597,0.1835972133958258,-0.11843049144025435,2.6440677101725645,2.643414856230483,1.0,0.9125,0.9125,0.3493105291590402,0.46803888419036266,0.5835499909200094,1.0,0.48,0.48,0.3873131990860888,0.3829410917184672,0.5443241536194361,1.0,0.495,0.495,-0.04950215753366444,1.197267533252863,1.196794212016598,1.0,0.9775,0.9775,0.0006275899977709576,0.018381080755454807,0.018368814295416754,1.0,0.9375,0.9375,0.0026549866186753334,0.2689437682551867,0.2686204991452377,1.0,0.955,0.955
uniform,kink,0.11,500,1.4999169524631906,1.152237311908874,489.02914605903936,487.8844110592224,0.05500624002817011,0.002044867893986982,0.0,0.12680532793894744,0.11904077471443117,-0.004582390067522546,1.6004512011592469,1.5984559535603653,1.0,0.935,0.935,0.26017808256165775,0.504679416684542,0.567236454211511,1.0,0.475,0.475,0.36275472281697146,0.2966084051596206,0.4683455920282833,1.0,0.4875,0.4875,0.08694050361299094,1.6963380725376191,1.69644557836916,1.0,0.965,0.965,0.0007200071205157421,0.012982831476056072,0.012986567622217445,1.0,0.96,0.96,0.003733250617142592,0.18489735394753845,0.18470381987990855,1.0,0.95,0.95
uniform,kink,0.11,1000,1.4999169524631906,1.152237311908874,489.02914605903936,487.8844110592224,0.05500624002817011,0.002044867893986982,0.0,0.08047930790797413,0.08589026067855311,0.0636516860812316,1.6751452949116312,1.6742604387633062,1.0,0.9325,0.9325,0.18725387331157603,0.4466578698420085,0.4838062707636796,1.0,0.55,0.55,0.3181398671073668,0.21950085675360312,0.3863588352728197,1.0,0.5325,0.5325,0.004616490251186036,1.1682456602887545,1.1667935721278158,1.0,0.97,0.97,0.0006200066507672491,0.009246933313035293,0.009256155762706145,1.0,0.95,0.95,0.0023130029265918083,0.14213873119463163,0.14197978849432802,1.0,0.93,0.93
uniform,kink,0.11,2000,1.4999169524631906,1.152237311908874,489.02914605903936,487.8844110592224,0.05500624002817011,0.002044867893986982,0.0,0.049443382581298094,0.05237248468558608,0.02270757188099407,0.9850537348726662,0.9840836688289533,1.0,0.945,0.945,0.1501143601646553,0.3969304236346462,0.42390352432057765,1.0,0.6025,0.6025,0.32235387506633023,0.15183879546099838,0.35624346032988247,1.0,0.405,0.405,0.01731673108577213,0.5809891462124347,0.5805207887940872,1.0,0.98,0.98,0.0005003940817484237,0.006576637500752553,0.0065874444704538395,1.0,0.9475,0.9475,-0.0025946399907653163,0.09836289229086559,0.0982741196351132,1.0,0.95,0.95
uniform,kink,0.11,4000,1.4999169524631906,1.152237311908874,489.02914605903936,487.8844110592224,0.05500624002817011,0.002044867893986982,0.0,0.035923977107078675,0.027657122963219805,-0.04815542989050242,0.691828758123621,0.6926394505212604,1.0,0.9575,0.9575,0.10460606371185936,0.38384402746848195,0.3973793218009164,1.0,0.6225,0.6225,0.3218944333557475,0.11821887556042901,0.3428655560242864,1.0,0.225,0.225,-0.026234994643360227,0.5040251856911129,0.5040779297741278,1.0,0.975,0.975,5.363602840123438e-05,0.004584775351321163,0.004579354914512474,1.0,0.9625,0.9625,0.0063753990104623015,0.06413245489656424,0.06436874283512768,1.0,0.96,0.96
uniform,kink,0.11,8000,1.4999169524631906,1.152237311908874,489.02914605903936,487.8844110592224,0.05500624002817011,0.002044867893986982,0.0,0.018707745545037523,0.020049328028805557,0.016885656486392377,0.44749020866144484,0.447249363918743,1.0,0.975,0.975,0.07825944284932397,0.2789703857164168,0.28940362007339515,1.0,0.715,0.715,0.3167757383931216,0.07698445385188728,0.3259734008382334,1.0,0.0525,0.0525,0.009107738614132967,0.2949739244329804,0.29474572593647314,1.0,0.99,0.99,-0.00018990500220771145,0.003428340378416196,0.0034293144891897453,1.0,0.9225,0.9225,0.0026457303203814234,0.04769382075329805,0.047707585095357635,1.0,0.955,0.955
uniform,kink,0.11,16000,1.4999169524631906,1.152237311908874,489.02914605903936,487.8844110592224,0.05500624002817011,0.002044867893986982,0.0,0.010483840044561665,0.010358720768868315,0.013021406291166788,0.32689226280872435,0.326742960333191,1.0,0.97,0.97,0.04609963664110511,0.22730751655818995,0.23165645213242841,1.0,0.79,0.79,0.31166436819541216,0.054771529922717895,0.31642866351121773,1.0,0.0025,0.0025,0.01157067085389675,0.2256877961605641,0.22570229131863512,1.0,0.9725,0.9725,8.507883225486456e-06,0.0022541640757444124,0.002251360683065398,1.0,0.96,0.96,-0.00018866982417545475,0.03372333494317035,0.033681682821566174,1.0,0.9525,0.9525
uniform,kink,0.11,32000,1.4999169524631906,1.152237311908874,489.02914605903936,487.8844110592224,0.05500624002817011,0.002044867893986982,0.0,0.006047719546826975,0.0062684212281249475,-0.006628480020169219,0.24262402273612563,0.2424111942856933,1.0,0.9675,0.9675,0.0051799102947099355,0.20738117493737096,0.20718654833210018,1.0,0.815,0.815,0.3151217756881365,0.038631459069759774,0.3174750260550081,1.0,0.0,0.0,-0.014155855078452358,0.17389437640033562,0.17425281702544895,1.0,0.9725,0.9725,0.0002965947659517398,0.0016946146403208344,0.0017182863374396319,1.0,0.9425,0.9425,0.0006130799827328048,0.025368109635640925,0.02534379610644212,1.0,0.9375,0.9375
uniform,kink,0.08,125,1.4999554426809893,1.110862469244192,10742.914221716794,10734.84920874386,0.04003750084530891,9.308461180658976e-05,0.0,0.2890191175291541,0.28508761711853836,-0.17941871354145048,1.763274596178597,1.7701851691401782,1.0,0.8675,0.8675,0.5258508940853162,0.47917835486945826,0.7110253362899864,1.0,0.3875,0.3875,0.5460505433168479,0.43337883265512783,0.6967918379391812,1.0,0.395,0.395,-0.2550885161619427,3.077201928002115,3.0839210313354957,1.0,0.96,0.96,-9.795152914695848e-05,0.026806431080680978,0.026773081255566253,1.0,0.9425,0.9425,0.009485082819107071,0.44936067641219096,0.4488988435693982,1.0,0.8925,0.8925
uniform,kink,0.08,250,1.4999554426809893,1.110862469244192,10742.914221716794,10734.84920874386,0.04003750084530891,9.308461180658976e-05,0.0,0.22112676196460868,0.21942852707508287,-0.20373351100537193,3.7838821067576345,3.7846369352756377,1.0,0.8425,0.8425,0.4867058760339224,0.439906744745986,0.6556803786745302,1.0,0.3475,0.3475,0.52545124261967,0.35244928053565233,0.6324626095527538,1.0,0.355,0.355,-0.011383447361964838,1.5537263378440747,1.5518247168903856,1.0,0.9775,0.9775,0.0006203198563544382,0.017881828420395315,0.017870231809114956,1.0,0.95,0.95,0.007838660525321717,0.33790746085870355,0.3375758330694713,1.0,0.91,0.91
uniform,kink,0.08,500,1.4999554426809893,1.110862469244192,10742.914221716794,10734.84920874386,0.04003750084530891,9.308461180658976e-05,0.0,0.16100351691272471,0.15836683812896488,-0.1983968096883129,2.165387615389186,2.171760244631797,1.0,0.835,0.835,0.4158569682747432,0.414601045028482,0.586857145764643,1.0,0.3625,0.3625,0.48768919771562935,0.2792917618441986,0.5618270481936284,1.0,0.3475,0.3475,-0.09137382870467184,1.1749190943130803,1.1770016854525593,1.0,0.965,0.965,-0.0010118366968991277,0.013308195677625615,0.013330008083819001,1.0,0.94,0.94,-0.006666739426035424,0.22891247676610765,0.2287233375253178,1.0,0.935,0.935
uniform,kink,0.08,1000,1.4999554426809893,1.110862469244192,10742.914221716794,10734.84920874386,0.04003750084530891,9.308461180658976e-05,0.0,0.11187121641108934,0.11701501272099143,-0.11093057663962014,2.121754591123192,2.1220022458573324,1.0,0.845,0.845,0.3888579813121993,0.36944476393337966,0.536058522592445,1.0,0.355,0.355,0.48113802508447406,0.19028143939836897,0.5173106492198419,1.0,0.285,0.285,-0.006742816047912916,0.6498069717945851,0.6490292315524953,1.0,0.9625,0.9625,-0.0010397228513381318,0.00953618809590551,0.009580843376216076,1.0,0.9425,0.9425,-0.01664682912760425,0.16282797138475028,0.1634741044160008,1.0,0.9425,0.9425
uniform,kink,0.08,2000,1.4999554426809893,1.110862469244192,10742.914221716794,10734.84920874386,0.04003750084530891,9.308461180658976e-05,0.0,0.07083756497312745,0.06710851739486057,-0.12577530904590678,3.2896708307342726,3.2879627077436653,1.0,0.845,0.845,0.3194177726138269,0.41978033264910536,0.5270699216625575,1.0,0.3675,0.3675,0.4666519368417472,0.1503170799363233,0.4902068610468805,1.0,0.1775,0.1775,-0.1920414982707266,2.608148857829624,2.611956029586743,1.0,0.9825,0.9825,2.9959920785834206e-05,0.006609957391841247,0.006601757756613411,1.0,0.955,0.955,-0.0038640559637866632,0.11454971830214901,0.11447167683180504,1.0,0.9575,0.9575
uniform,kink,0.08,4000,1.4999554426809893,1.110862469244192,10742.914221716794,10734.84920874386,0.04003750084530891,9.308461180658976e-05,0.0,0.041349141178881686,0.04541250262471227,0.07397423665825205,4.597151819703963,4.591997662125179,1.0,0.89,0.89,0.26262095082165937,0.44298510871196245,0.514504597486427,1.0,0.4,0.4,0.4699250149687112,0.10785319680852988,0.4821127990159651,1.0,0.03,0.03,0.14026925961504885,5.103000995253473,5.098548134013937,1.0,0.985,0.985,-0.0001225556448490156,0.004394729450382312,0.004390943259800431,1.0,0.96,0.96,-0.004911358232345115,0.08038311710686027,0.08043266340058683,1.0,0.9425,0.9425
uniform,kink,0.08,8000,1.4999554426809893,1.110862469244192,10742.914221716794,10734.84920874386,0.04003750084530891,9.308461180658976e-05,0.0,0.02676624113975672,0.02366321490559602,-0.26846792533993863,4.833665750679809,4.8350789864032295,1.0,0.925,0.925,0.1956077981231541,0.4061207019201186,0.45031555619738284,1.0,0.4975,0.4975,0.4674665033791554,0.07800256451898972,0.47391362172118895,1.0,0.0,0.0,-0.23004303368961115,3.131753877436928,3.136284814923264,1.0,0.99,0.99,-0.00012827870364613358,0.0032048190956581518,0.003203380042722769,1.0,0.9575,0.9575,-0.004243305667786176,0.057659437312704565,0.05774343969170809,1.0,0.9475,0.9475
uniform,kink,0.08,16000,1.4999554426809893,1.110862469244192,10742.914221716794,10734.84920874386,0.04003750084530891,9.308461180658976e-05,0.0,0.012648959844809834,0.0119547637084551,-0.1670780773638025,1.3516178848670761,1.360227485886608,1.0,0.935,0.935,0.14831134856616646,0.36931146396759357,0.39755029384702684,1.0,0.51,0.51,0.4692249930632485,0.051969039795962145,0.4720869869629713,1.0,0.0,0.0,-0.023341919173246392,1.0135550181300739,1.012556361656181,1.0,0.9725,0.9725,-1.3600641389588386e-06,0.002193315465950252,0.002190572528157443,1.0,0.9575,0.9575,-0.0031508914994850122,0.038162895916011255,0.03824517911287767,1.0,0.9525,0.9525
uniform,kink,0.08,32000,1.4999554426809893,1.110862469244192,10742.914221716794,10734.84920874386,0.04003750084530891,9.308461180658976e-05,0.0,0.008454798050399026,0.007642854929152254,-0.11644887505116404,1.694741981799889,1.6966232196376156,1.0,0.9325,0.9325,0.16829231962022995,0.38107674404803793,0.4161474990736768,1.0,0.48,0.48,0.47095357655207637,0.03744958815616775,0.4724364896376299,1.0,0.0,0.0,-0.03131544569231565,1.1599997838930654,1.1589720259886718,1.0,0.985,0.985,-5.303755303652513e-05,0.0015105270650391143,0.0015095697288340952,1.0,0.9575,0.9575,0.001359575042047394,0.026276430287400208,0.02627875769460839,1.0,0.9675,0.9675
uniform,kink,0.06,125,1.4999756400234883,1.0832490772917094,519509.3285163123,516671.8948147927,0.0299529447597881,1.9248932504367927e-06,0.0,0.3075067645986755,0.32690810770479545,-0.1016123410657269,1.185816432306121,1.1886842631482326,1.0,0.8075,0.8075,0.666832927152343,0.4125572949614073,0.7838648898607279,1.0,0.255,0.255,0.6818104393962264,0.37381113128555693,0.7773357705895058,1.0,0.2675,0.2675,-0.058412972584549666,1.6161833632122788,1.6152184425741016,1.0,0.9775,0.9775,-0.00123829742831274,0.025847703405547165,0.025845055473605542,1.0,0.955,0.955,0.046528002580979264,0.5150022907519876,0.5164582714075464,1.0,0.89,0.89
uniform,kink,0.06,250,1.4999756400234883,1.0832490772917094,519509.3285163123,516671.8948147927,0.0299529447597881,1.9248932504367927e-06,0.0,0.26417921584270565,0.25287585299574494,-0.07656062132206133,0.9603695507729738,0.9622190128052832,1.0,0.78,0.78,0.6064647400440185,0.39320038442201144,0.7225091742465991,1.0,0.2475,0.2475,0.6351962825287532,0.33902811502570823,0.7198104125110221,1.0,0.25,0.25,0.03483415130257781,1.908341272561641,1.9062726496038676,1.0,0.9575,0.9575,0.000883601570635093,0.0192972843164515,0.01929339189387441,1.0,0.935,0.935,0.005049951656144727,0.37060705229545843,0.37017795079506055,1.0,0.92,0.92
uniform,kink,0.06,500,1.4999756400234883,1.0832490772917094,519509.3285163123,516671.8948147927,0.0299529447597881,1.9248932504367927e-06,0.0,0.19314913467468556,0.1972099218408122,0.06642396825568678,2.121888611704029,2.12027531133032,1.0,0.7725,0.7725,0.5672441297007517,0.3985880266686659,0.6929943265612463,1.0,0.255,0.255,0.6234285619694869,0.2578212857878611,0.6745137565284604,1.0,0.2325,0.2325,-0.08905543870720731,4.006056523908413,4.002036796648754,1.0,0.9775,0.9775,0.0013419532620690528,0.012993812637141765,0.013046758505069369,1.0,0.95,0.95,0.019746010752969445,0.2686697690468292,0.2690592706604509,1.0,0.93,0.93
uniform,kink,0.06,1000,1.4999756400234883,1.0832490772917094,519509.3285163123,516671.8948147927,0.0299529447597881,1.9248932504367927e-06,0.0,0.13847154264985487,0.15231849569440908,-0.3069233998506034,6.456066084678965,6.455291572802385,1.0,0.71,0.71,0.5279285567813841,0.3691996643293989,0.6439535559540481,1.0,0.2175,0.2175,0.6115316569677329,0.18283049500814455,0.6382118691342725,1.0,0.145,0.145,-0.6869906663280086,11.79089543770546,11.796169223967075,1.0,0.9725,0.9725,-0.00039319035186352656,0.008969235362363569,0.0089666417169868,1.0,0.945,0.945,0.0053491544066400975,0.1893649549657528,0.18920373121750195,1.0,0.95,0.95
uniform,kink,0.06,2000,1.4999756400234883,1.0832490772917094,519509.3285163123,516671.8948147927,0.0299529447597881,1.9248932504367927e-06,0.0,0.08898572298310345,0.09877086126262064,0.10376641869175274,2.211185425881436,2.210856192702163,1.0,0.74,0.74,0.48540572148260464,0.33860482057805213,0.5915955594030825,1.0,0.245,0.245,0.5938509382757218,0.1414855767355968,0.6104318634328479,1.0,0.06,0.06,0.0040961918622454485,1.255031111349854,1.253468033703964,1.0,0.9675,0.9675,-0.00016130658772612217,0.006244435042461037,0.00623871031482152,1.0,0.95,0.95,0.0025122718222999264,0.13452882054582432,0.13438403944764463,1.0,0.9325,0.9325
uniform,kink,0.06,4000,1.4999756400234883,1.0832490772917094,519509.3285163123,516671.8948147927,0.0299529447597881,1.9248932504367927e-06,0.0,0.05750609267415422,0.056666644468367444,-0.06525901230744484,0.9153797605149928,0.9165609878141922,1.0,0.7325,0.7325,0.42510056057025764,0.36569587667695874,0.5604548395099558,1.0,0.255,0.255,0.5855589819434196,0.10597195919069624,0.5950473110005555,1.0,0.005,0.005,-0.024321888091406278,0.6083025606590479,0.6080283542166637,1.0,0.955,0.955,0.00022569996672168024,0.004668794898175902,0.004668414309132001,1.0,0.945,0.945,-0.003902100836265446,0.09446562929989992,0.09442813204847869,1.0,0.9375,0.9375
uniform,kink,0.06,8000,1.4999756400234883,1.0832490772917094,519509.3285163123,516671.8948147927,0.0299529447597881,1.9248932504367927e-06,0.0,0.03358858641038012,0.0359648733650583,-0.025897429297863893,4.038719471684057,4.033751047149139,1.0,0.785,0.785,0.3752159221018392,0.33563421527779347,0.5031457928351492,1.0,0.3175,0.3175,0.5886292985706809,0.07034631964561047,0.5928074597302021,1.0,0.0,0.0,0.34370757233294064,9.38998256167671,9.38453397738003,1.0,0.975,0.975,-0.00010801123157114845,0.003278395793560264,0.003276076267111476,1.0,0.95,0.95,0.002518289958821638,0.06380683437175365,0.06377676392370299,1.0,0.9575,0.9575
uniform,kink,0.06,16000,1.4999756400234883,1.0832490772917094,519509.3285163123,516671.8948147927,0.0299529447597881,1.9248932504367927e-06,0.0,0.018047091222101783,0.01881160787964322,-0.006590671344535739,5.962269935860649,5.954816081798525,1.0,0.815,0.815,0.3672719671402497,0.30107756282230125,0.4746680707978975,1.0,0.305,0.305,0.584696526272872,0.04949045650476987,0.5867820803819773,1.0,0.0,0.0,-0.06365152424392242,2.6575071827803103,2.654946342584195,1.0,0.985,0.985,4.9289836345593476e-05,0.002277901068676441,0.00227558578907664,1.0,0.95,0.95,-0.004149070665175815,0.04436401058361818,0.044502357340486465,1.0,0.9575,0.9575
uniform,kink,0.06,32000,1.4999756400234883,1.0832490772917094,519509.3285163123,516671.8948147927,0.0299529447597881,1.9248932504367927e-06,0.0,0.010925410256573377,0.008720363178515107,-0.12438155662035637,1.3093639355722093,1.3136280305379464,1.0,0.835,0.835,0.28134321994112593,0.35590825028118167,0.4533299166374391,1.0,0.375,0.375,0.5812290301152525,0.03622357505225703,0.5823538893746737,1.0,0.0,0.0,0.029442872376127315,2.0457536437999537,2.043406979514052,1.0,0.985,0.985,9.580985823064659e-05,0.0016334313169421202,0.0016341992385977687,1.0,0.945,0.945,-0.0006245197920803258,0.032991577001822675,0.03295622957280197,1.0,0.9475,0.9475
uniform,kink,0.045,125,1.4997375376164364,1.0622981405737244,100377689.81052594,100488644.63079001,0.02254544963064896,9.951373149415503e-09,0.0,0.33271893401799646,0.3473717890779598,-0.07709798310459538,0.9162125086827961,0.9183086881125281,1.0,0.7475,0.7475,0.7343410511855852,0.3628884702127953,0.8189112291116782,1.0,0.1775,0.1775,0.7430729212803061,0.3401585261866287,0.8170531927115662,1.0,0.1825,0.1825,-0.005161286677011858,0.7324953989954206,0.7315974129640899,1.0,0.97,0.97,-0.0008512656301989174,0.025496581038713956,0.025478914983279935,1.0,0.95,0.95,0.0022250889985763766,0.6051671242081756,0.6044142876561482,1.0,0.83,0.83
uniform,kink,0.045,250,1.4997375376164364,1.0622981405737244,100377689.81052594,100488644.63079001,0.02254544963064896,9.951373149415503e-09,0.0,0.28604045079954316,0.28038772145239527,0.8244521712233034,17.924175594645895,17.920731066378547,1.0,0.68,0.68,0.672073331964956,0.3914636845595936,0.7775238069195236,1.0,0.19,0.19,0.692319364437452,0.31622580488063656,0.7609565461629875,1.0,0.2025,0.2025,-0.20106531265027694,4.410405066735298,4.409475130954232,1.0,0.9725,0.9725,8.927444049360966e-05,0.018601502404524174,0.01857845047096179,1.0,0.9375,0.9375,-0.034889052589623354,0.4363466076555229,0.43719516476975495,1.0,0.9025,0.9025
uniform,kink,0.045,500,1.4997375376164364,1.0622981405737244,100377689.81052594,100488644.63079001,0.02254544963064896,9.951373149415503e-09,0.0,0.24078022588139425,0.24198813739278335,0.5210655811009179,14.03969203001755,14.03180955033249,1.0,0.605,0.605,0.6687043845205229,0.34600103627899753,0.7527170645005639,1.0,0.18,0.18,0.7035941027641556,0.23366281507167322,0.7412870407702055,1.0,0.16,0.16,0.2594376152082758,6.300907842242957,6.298372322555459,1.0,0.9575,0.9575,0.00030648908448578595,0.013147033882689344,0.013134166293362861,1.0,0.9475,0.9475,-0.003308437459273914,0.31512421399579676,0.31474745087017697,1.0,0.9325,0.9325
uniform,kink,0.045,1000,1.4997375376164364,1.0622981405737244,100377689.81052594,100488644.63079001,0.02254544963064896,9.951373149415503e-09,0.0,0.17203987924745603,0.17303596343187153,-0.08969449457572413,0.5988322685046503,0.6047715998169177,1.0,0.59,0.59,0.6304304209388566,0.32970853878792616,0.7112513387638995,1.0,0.18,0.18,0.6898043033548197,0.18259593315569256,0.7135039583245589,1.0,0.105,0.105,0.05814708026244617,0.9891468604472934,0.9896194044666631,1.0,0.98,0.98,5.2487562483692904e-05,0.008895031886315385,0.008884061189688897,1.0,0.9475,0.9475,-0.0007453814832226769,0.20973562569646126,0.20947461826704905,1.0,0.9425,0.9425
uniform,kink,0.045,2000,1.4997375376164364,1.0622981405737244,100377689.81052594,100488644.63079001,0.02254544963064896,9.951373149415503e-09,0.0,0.1303947237130177,0.11162147852479415,-0.1949394008189624,2.280077849421919,2.2855545239432766,1.0,0.5375,0.5375,0.5868999566312909,0.3434477451165173,0.6797889538933148,1.0,0.185,0.185,0.678834176718692,0.13366219687388445,0.6918357886068879,1.0,0.04,0.04,-0.023702964503872756,1.8603320049207537,1.858156320425548,1.0,0.9775,0.9775,0.0001737205739046227,0.0065165412338254475,0.006510708503366946,1.0,0.9475,0.9475,-0.005420006443172032,0.14554222217204546,0.14546119262034848,1.0,0.945,0.945
uniform,kink,0.045,4000,1.4997375376164364,1.0622981405737244,100377689.81052594,100488644.63079001,0.02254544963064896,9.951373149415503e-09,0.0,0.07540751682026721,0.08155120753067446,-0.005644995154557702,1.3461312632740343,1.3444593971143692,1.0,0.6125,0.6125,0.5511154763029334,0.31433868297627016,0.6342633946688293,1.0,0.195,0.195,0.6761184635609593,0.0998925537239797,0.6834396482146808,1.0,0.0025,0.0025,0.028131528342363873,0.6949100621052794,0.6946107739705759,1.0,0.9775,0.9775,0.0001996001394327479,0.0046434250060275566,0.004641910437825905,1.0,0.955,0.955,0.004149900987490933,0.11198909527036206,0.11192598109479104,1.0,0.9375,0.9375
uniform,kink,0.045,8000,1.4997375376164364,1.0622981405737244,100377689.81052594,100488644.63079001,0.02254544963064896,9.951373149415503e-09,0.0,0.05229410582047089,0.04418995443841707,-0.02823030272669107,0.9335824813387059,0.9328420331604486,1.0,0.6,0.6,0.5370907613352612,0.3039160803802518,0.6169283243340364,1.0,0.175,0.175,0.6816339851369722,0.06418063704392434,0.6846413265204236,1.0,0.0,0.0,0.009484622481495827,0.6708873716161804,0.670115362302789,1.0,0.975,0.975,0.000428834862541444,0.0030249041232746775,0.003051404460563623,1.0,0.9625,0.9625,-0.0018690395179174419,0.07567002274692822,0.07559848391590845,1.0,0.95,0.95
uniform,kink,0.045,16000,1.4997375376164364,1.0622981405737244,100377689.81052594,100488644.63079001,0.02254544963064896,9.951373149415503e-09,0.0,0.027025604809100674,0.026863180974864783,-0.10243212810897159,0.41000236868895223,0.4221066551757481,1.0,0.585,0.585,0.4705689597724227,0.305332517004326,0.5607406013270722,1.0,0.225,0.225,0.6738858840509959,0.050099845808261545,0.675741003851941,1.0,0.0,0.0,-0.0268481256772986,0.4017543175582255,0.40214902362167665,1.0,0.9775,0.9775,0.00032061627591731365,0.0023534081720570786,0.002372230700338263,1.0,0.9375,0.9375,-0.0009145232491631067,0.05400655060253448,0.053946752376648366,1.0,0.935,0.935
uniform,kink,0.045,32000,1.4997375376164364,1.0622981405737244,100377689.81052594,100488644.63079001,0.02254544963064896,9.951373149415503e-09,0.0,0.015109314027832506,0.016455753502871075,0.12286522755321641,2.9509238250383274,2.9497927735296225,1.0,0.665,0.665,0.45893825868553223,0.2990035479847445,0.5475435500382643,1.0,0.21,0.21,0.6769907367328716,0.03377835556656597,0.677830791926448,1.0,0.0,0.0,0.018209010922209855,1.3813137950990746,1.3797062365258939,1.0,0.995,0.995,0.00039622864129210843,0.001629104987347798,0.0016746179380181486,1.0,0.9475,0.9475,-0.0005457422196464845,0.037395177943831466,0.0373523917532398,1.0,0.9525,0.9525
