dgp,beta,tau,n,ate,beta_ov,e_inv_p,e_inv_q,overlap_mass,pop_kish_frac,zero_arm_rate,kish1_realized,kish0_realized,ht_bias,ht_sd,ht_rmse,ht_estimable_rate,ht_cover_cond,ht_cover_uncond,hajek_bias,hajek_sd,hajek_rmse,hajek_estimable_rate,hajek_cover_cond,hajek_cover_uncond,trunc_bias,trunc_sd,trunc_rmse,trunc_estimable_rate,trunc_cover_cond,trunc_cover_uncond,aipw_oracle_bias,aipw_oracle_sd,aipw_oracle_rmse,aipw_oracle_estimable_rate,aipw_oracle_cover_cond,aipw_oracle_cover_uncond,or_oracle_bias,or_oracle_sd,or_oracle_rmse,or_oracle_estimable_rate,or_oracle_cover_cond,or_oracle_cover_uncond,overlap_bias,overlap_sd,overlap_rmse,overlap_estimable_rate,overlap_cover_cond,overlap_cover_uncond
normal,const,1.0,125,1.0,1.0,2.646896327455347,2.6527915013763455,0.20660787524494179,0.3769614006533008,0.0,0.39054618609538166,0.39257048576875275,-0.008561489948341942,0.3178157938063817,0.3175337158569687,1.0,0.94,0.94,0.02452233838462354,0.32045568348193043,0.32099292911687555,1.0,0.92,0.92,0.02452255752181597,0.32045548550140024,0.320992748702956,1.0,0.92,0.92,0.0004555414176927053,0.21385883474440173,0.2135918296967863,1.0,0.935,0.935,0.0,0.0,0.0,1.0,1.0,1.0,0.02093845006682174,0.25664683418179407,0.25717960104370496,1.0,0.9325,0.9325
normal,const,1.0,250,1.0,1.0,2.646896327455347,2.6527915013763455,0.20660787524494179,0.3769614006533008,0.0,0.38979349622602655,0.3829264857022922,-0.005963240479406306,0.2217048549729683,0.22150783360595552,1.0,0.9325,0.9325,0.005487433051935362,0.243039200620705,0.24279722985910462,1.0,0.92,0.92,0.0054876048148182945,0.2430390257706252,0.24279705915438804,1.0,0.92,0.92,-0.002591648920231655,0.14555971542754137,0.14540075076348194,1.0,0.945,0.945,0.0,0.0,0.0,1.0,1.0,1.0,0.00488653617952455,0.18629665049218336,0.18612778974532257,1.0,0.9525,0.9525
normal,const,1.0,500,1.0,1.0,2.646896327455347,2.6527915013763455,0.20660787524494179,0.3769614006533008,0.0,0.3842409370529813,0.3836076807945938,-0.00504364013831122,0.15695228532369393,0.1568370910355844,1.0,0.95,0.95,0.003747829859073567,0.16354502051217626,0.16338345243213862,1.0,0.9525,0.9525,0.003747923613844912,0.16354493645182394,0.16338337064967404,1.0,0.9525,0.9525,-0.001935600718758953,0.11299037391320503,0.11286564617143574,1.0,0.9225,0.9225,0.0,0.0,0.0,1.0,1.0,1.0,-0.0033766661855577735,0.13223040845489342,0.1321081776135613,1.0,0.935,0.935
normal,const,1.0,1000,1.0,1.0,2.646896327455347,2.6527915013763455,0.20660787524494179,0.3769614006533008,0.0,0.3790557803777759,0.3827037257232948,0.0003554264647196989,0.10444338679230036,0.10431335638357281,1.0,0.9575,0.9575,0.005572027110772882,0.10985372585727766,0.1098577214770873,1.0,0.9575,0.9575,0.005572043233788655,0.10985375011014331,0.10985774648620764,1.0,0.9575,0.9575,0.0008502675119223813,0.06911683276634659,0.0690356189590839,1.0,0.955,0.955,0.0,0.0,0.0,1.0,1.0,1.0,0.0050673658880997716,0.08591005733979827,0.08595210761983085,1.0,0.9525,0.9525
normal,const,1.0,2000,1.0,1.0,2.646896327455347,2.6527915013763455,0.20660787524494179,0.3769614006533008,0.0,0.37964079450238924,0.37895779569772975,-0.006142883393420347,0.07434341471591749,0.07450410035514152,1.0,0.955,0.955,-0.006358622068038841,0.08043643279349096,0.08058707555088833,1.0,0.95,0.95,-0.0063585876155776355,0.08043641539750059,0.08058705551240379,1.0,0.95,0.95,-0.003191893356473409,0.05204078111165028,0.05207360631512877,1.0,0.945,0.945,0.0,0.0,0.0,1.0,1.0,1.0,-0.005993920085991204,0.06419937054301482,0.06439862077848617,1.0,0.95,0.95
normal,const,1.0,4000,1.0,1.0,2.646896327455347,2.6527915013763455,0.20660787524494179,0.3769614006533008,0.0,0.3770888440212525,0.37839883287523746,-0.001138001295168699,0.05802961138643235,0.05796820037843174,1.0,0.94,0.94,-0.001206177959564984,0.06075644150258124,0.06069243516589671,1.0,0.9425,0.9425,-0.0012061281322900657,0.06075642182311718,0.060692414524701345,1.0,0.9425,0.9425,0.0031774449048509136,0.03785955844102921,0.03794547345942194,1.0,0.935,0.935,0.0,0.0,0.0,1.0,1.0,1.0,0.0005901013521764825,0.04592281247354047,0.04586916898442902,1.0,0.945,0.945
normal,const,1.0,8000,1.0,1.0,2.646896327455347,2.6527915013763455,0.20660787524494179,0.3769614006533008,0.0,0.37820254604423176,0.37801225146585976,0.0023577030506509956,0.0365664925668459,0.036596780888073235,1.0,0.9575,0.9575,0.0034193842363195535,0.03998888226160145,0.040084973697465276,1.0,0.975,0.975,0.0034194209545817945,0.039988878331627044,0.040084972918922504,1.0,0.975,0.975,0.0015439120280622384,0.024243047995190885,0.02426189866863847,1.0,0.9725,0.9725,0.0,0.0,0.0,1.0,1.0,1.0,0.0020559730424679376,0.0302979752945882,0.03032984361706227,1.0,0.9675,0.9675
normal,const,1.0,16000,1.0,1.0,2.646896327455347,2.6527915013763455,0.20660787524494179,0.3769614006533008,0.0,0.3776145057488971,0.3775834230981936,0.0007624563452194172,0.024609245156661415,0.024590287706553516,1.0,0.9825,0.9825,0.001625409807384326,0.027724921243946894,0.027737907939858066,1.0,0.98,0.98,0.001625440073937474,0.0277249289953924,0.02773791744190636,1.0,0.98,0.98,-0.0004458318141226861,0.017003926133129607,0.016988508945388923,1.0,0.9525,0.9525,0.0,0.0,0.0,1.0,1.0,1.0,0.0014611266137898055,0.021870660124266545,0.02189211846343404,1.0,0.965,0.965
normal,const,1.0,32000,1.0,1.0,2.646896327455347,2.6527915013763455,0.20660787524494179,0.3769614006533008,0.0,0.37777410187437654,0.3771210176591795,0.0006940826883621179,0.01921608270403554,0.01920459425971809,1.0,0.96,0.96,0.0009938060054212117,0.020410063760058352,0.02040874631890294,1.0,0.955,0.955,0.0009938383058930194,0.020410071407188788,0.02040875552030768,1.0,0.955,0.955,0.0007641131958527844,0.012716086168064343,0.012723146988506013,1.0,0.95,0.95,0.0,0.0,0.0,1.0,1.0,1.0,0.000957880367993095,0.01590082581846751,0.0159097990513506,1.0,0.9575,0.9575
normal,const,0.6,125,1.0,1.0,5.007047360047378,5.012766259144515,0.1676311429277303,0.19949065013269965,0.0,0.29204032494688625,0.29697707334375084,-0.020589116143981775,0.5734736306870244,0.5731262834526214,1.0,0.895,0.895,0.0733836562104994,0.47489917523538466,0.47994850199940325,1.0,0.8525,0.8525,0.0755589783753034,0.46744794273197726,0.4729381243139176,1.0,0.8575,0.8575,0.013792653950927547,0.27310575354507494,0.2731126563176534,1.0,0.965,0.965,0.0,0.0,0.0,1.0,1.0,1.0,0.033130557416671536,0.25103700256747924,0.2529024743871811,1.0,0.9575,0.9575
normal,const,0.6,250,1.0,1.0,5.007047360047378,5.012766259144515,0.1676311429277303,0.19949065013269965,0.0,0.27491212871465515,0.26968765509906906,0.00983250796291626,0.34695243473429943,0.34665794409039435,1.0,0.91,0.91,0.04398182880768308,0.3345392506225043,0.337003145677926,1.0,0.89,0.89,0.04425183977861474,0.3340297744617119,0.33653406339502534,1.0,0.89,0.89,0.013873309143395933,0.20929010794593608,0.20948821474584142,1.0,0.96,0.96,0.0,0.0,0.0,1.0,1.0,1.0,0.008554801079341291,0.18731160240217598,0.18727281416423416,1.0,0.9525,0.9525
normal,const,0.6,500,1.0,1.0,5.007047360047378,5.012766259144515,0.1676311429277303,0.19949065013269965,0.0,0.253763980975956,0.251869748887901,-0.004551664915044744,0.25442251598228066,0.2541450515958471,1.0,0.895,0.895,0.01557483049084619,0.2628374063061701,0.26297028110261617,1.0,0.89,0.89,0.01929059026054913,0.2547993771438175,0.255210780843983,1.0,0.89,0.89,0.009302059265774355,0.13649094476091672,0.13663722722343014,1.0,0.9575,0.9575,0.0,0.0,0.0,1.0,1.0,1.0,0.007719721431807265,0.13191710277978522,0.13197806938951104,1.0,0.96,0.96
normal,const,0.6,1000,1.0,1.0,5.007047360047378,5.012766259144515,0.1676311429277303,0.19949065013269965,0.0,0.24033248266950202,0.24603006024422888,-0.004722313497707015,0.18646008427912772,0.18628672756419495,1.0,0.895,0.895,0.008551471362234822,0.1980336690107101,0.1979707513476372,1.0,0.8975,0.8975,0.013661002265402716,0.18146208334346325,0.18174924884306115,1.0,0.8975,0.8975,-0.004596843387073365,0.0981208990302113,0.09810592499210208,1.0,0.95,0.95,0.0,0.0,0.0,1.0,1.0,1.0,0.0012317289562736476,0.09757063771316633,0.09745638217488015,1.0,0.9325,0.9325
normal,const,0.6,2000,1.0,1.0,5.007047360047378,5.012766259144515,0.1676311429277303,0.19949065013269965,0.0,0.22813347885015792,0.23030805462616644,0.0020023297513711434,0.12338854945476395,0.12325048326737942,1.0,0.9225,0.9225,0.007267887656394356,0.1371194981595804,0.13714071085779855,1.0,0.9275,0.9275,0.013320986715886702,0.12783879981577403,0.12837192266448505,1.0,0.925,0.925,0.0016794227194763282,0.06956855573388197,0.06950183413192555,1.0,0.9525,0.9525,0.0,0.0,0.0,1.0,1.0,1.0,0.0027521377410609305,0.06611222633553787,0.06608686455725946,1.0,0.9525,0.9525
normal,const,0.6,4000,1.0,1.0,5.007047360047378,5.012766259144515,0.1676311429277303,0.19949065013269965,0.0,0.220956159784265,0.22170398107226105,0.0008718187793557302,0.08382784982468,0.08372753849957353,1.0,0.945,0.945,0.005764913338437993,0.09361819277890825,0.09367864927474434,1.0,0.9375,0.9375,0.00993777236588425,0.08677362106627506,0.08723300109056918,1.0,0.9375,0.9375,0.0014478431853041248,0.052354496636120594,0.0523090535626075,1.0,0.94,0.94,0.0,0.0,0.0,1.0,1.0,1.0,0.0024538160619678212,0.04563421003355389,0.04564313897881055,1.0,0.9625,0.9625
normal,const,0.6,8000,1.0,1.0,5.007047360047378,5.012766259144515,0.1676311429277303,0.19949065013269965,0.0,0.21469128845227176,0.21422914330444187,-0.00020899955138012184,0.06413782361549945,0.06405794211415212,1.0,0.9275,0.9275,0.00046268486620384047,0.0716470435009133,0.07155892447906916,1.0,0.9375,0.9375,0.007615249735314343,0.06488356638344643,0.06524832965064867,1.0,0.9375,0.9375,-0.0008940305433887189,0.03529101869520213,0.035258213953010376,1.0,0.96,0.96,0.0,0.0,0.0,1.0,1.0,1.0,4.0155526573038e-06,0.032788619193118027,0.03274760801714367,1.0,0.9675,0.9675
normal,const,0.6,16000,1.0,1.0,5.007047360047378,5.012766259144515,0.1676311429277303,0.19949065013269965,0.0,0.20996411697186956,0.21197313277471616,0.0009986286367799535,0.044468420014709145,0.04442402544583584,1.0,0.9525,0.9525,0.001357141552936558,0.05008414907386267,0.05003991173729699,1.0,0.955,0.955,0.0077075373902112596,0.04254598913980984,0.04318613112477904,1.0,0.9525,0.9525,0.0008268697827887939,0.024821351911718137,0.024804091912146862,1.0,0.9525,0.9525,0.0,0.0,0.0,1.0,1.0,1.0,-0.0004862499348989141,0.021916534157570274,0.0218945215135073,1.0,0.9625,0.9625
normal,const,0.6,32000,1.0,1.0,5.007047360047378,5.012766259144515,0.1676311429277303,0.19949065013269965,0.0,0.207750383127943,0.2076661641091779,-0.00025095110712209154,0.03222883358974702,0.03218950056660374,1.0,0.9375,0.9375,0.00020131433584898522,0.0363477229964837,0.03630281810098708,1.0,0.9375,0.9375,0.006275170626101327,0.03122648161278339,0.03181246905562975,1.0,0.9325,0.9325,-0.0013019616015514546,0.01749647759724093,0.017523028148750182,1.0,0.945,0.945,0.0,0.0,0.0,1.0,1.0,1.0,-0.001116530699132852,0.016525426479054313,0.01654247976622456,1.0,0.96,0.96
normal,const,0.4,125,1.0,1.0,23.761493895775608,24.01580702918657,0.13097597408143075,0.04163924197028621,0.0,0.2387040179135434,0.2375077612238622,0.035793349247173915,0.6472426564879591,0.6474232870286458,1.0,0.83,0.83,0.1963154428995795,0.5543160591381492,0.5873992516217228,1.0,0.745,0.745,0.20313587284371917,0.5428723786503487,0.5789972593101916,1.0,0.75,0.75,0.010765688654575858,0.43587141470148255,0.43545933275185916,1.0,0.955,0.955,0.0,0.0,0.0,1.0,1.0,1.0,0.017658142593382067,0.28333779532446973,0.2835337995610594,1.0,0.93,0.93
normal,const,0.4,250,1.0,1.0,23.761493895775608,24.01580702918657,0.13097597408143075,0.04163924197028621,0.0,0.2062355546285044,0.20292107238729953,0.035041213644801415,0.58164255620124,0.5819709440170122,1.0,0.76,0.76,0.14954083789714334,0.48683275159045547,0.5087003783171986,1.0,0.72,0.72,0.17458510836537044,0.4269124484547809,0.4607369782337749,1.0,0.7325,0.7325,0.005795034153120537,0.33972497864603596,0.33934954086324515,1.0,0.9575,0.9575,0.0,0.0,0.0,1.0,1.0,1.0,0.009168333296872838,0.2059425713597146,0.20588921821442727,1.0,0.9425,0.9425
normal,const,0.4,500,1.0,1.0,23.761493895775608,24.01580702918657,0.13097597408143075,0.04163924197028621,0.0,0.17485075598939562,0.17379798781878442,0.02935844098950583,0.5098413711447609,0.5100493076446406,1.0,0.8175,0.8175,0.10632841475294516,0.38266159401799404,0.3966983143163397,1.0,0.79,0.79,0.13879429592831463,0.3088078124774859,0.3382125307654181,1.0,0.7975,0.7975,0.01898932595546538,0.3085775509958506,0.30877605026360644,1.0,0.945,0.945,0.0,0.0,0.0,1.0,1.0,1.0,0.008285473202573241,0.15289490401915518,0.15292827930775155,1.0,0.9275,0.9275
normal,const,0.4,1000,1.0,1.0,23.761493895775608,24.01580702918657,0.13097597408143075,0.04163924197028621,0.0,0.14650281915306426,0.15162194112564514,0.029582409579185724,0.3258588219622115,0.32679294802287956,1.0,0.7825,0.7825,0.07018728152566131,0.31015229779734865,0.31761646084131917,1.0,0.795,0.795,0.11344218621210089,0.22818294299861752,0.25457104401208425,1.0,0.7875,0.7875,-0.0029768495264810156,0.19026984383640935,0.19005517244461168,1.0,0.9625,0.9625,0.0,0.0,0.0,1.0,1.0,1.0,0.0029552416564322115,0.10266133100877035,0.1025755037303205,1.0,0.9575,0.9575
normal,const,0.4,2000,1.0,1.0,23.761493895775608,24.01580702918657,0.13097597408143075,0.04163924197028621,0.0,0.12675577245126413,0.12010936722263496,-0.02210823531733114,0.3061936325893316,0.3066087545317345,1.0,0.8425,0.8425,0.008715089694814078,0.2753651754134173,0.2751588044553083,1.0,0.84,0.84,0.08005188254191642,0.16874254514098447,0.18657750486811192,1.0,0.83,0.83,-0.005279808378817494,0.13109354502117024,0.13103598791503454,1.0,0.9675,0.9675,0.0,0.0,0.0,1.0,1.0,1.0,-0.00620070206256083,0.07151930154934885,0.07169847748690394,1.0,0.955,0.955
normal,const,0.4,4000,1.0,1.0,23.761493895775608,24.01580702918657,0.13097597408143075,0.04163924197028621,0.0,0.1088402005634883,0.11117781910859026,0.01010054942475575,0.21392192392329482,0.21389297361037427,1.0,0.8225,0.8225,0.022588241808920925,0.20583747006984687,0.20681723838346144,1.0,0.8425,0.8425,0.08912741131286107,0.11888111819331336,0.1484623989755225,1.0,0.8125,0.8125,0.0029683813341905975,0.09305533948153784,0.09298633906792096,1.0,0.97,0.97,0.0,0.0,0.0,1.0,1.0,1.0,0.0018963080527605444,0.04755753003238227,0.047535884869800774,1.0,0.97,0.97
normal,const,0.4,8000,1.0,1.0,23.761493895775608,24.01580702918657,0.13097597408143075,0.04163924197028621,0.0,0.09757484615129274,0.0976295247603481,-0.00014501391243602503,0.14708890831914087,0.14690500370026588,1.0,0.84,0.84,0.011818227828294831,0.15628406741501313,0.15653535850555425,1.0,0.8475,0.8475,0.09031927101371257,0.08470504788786208,0.12375208479572881,1.0,0.745,0.745,-0.004143785179553518,0.06239756381900668,0.06245713158827365,1.0,0.965,0.965,0.0,0.0,0.0,1.0,1.0,1.0,0.0007985834005008807,0.03366526998605495,0.033632644300938375,1.0,0.9575,0.9575
normal,const,0.4,16000,1.0,1.0,23.761493895775608,24.01580702918657,0.13097597408143075,0.04163924197028621,0.0,0.08487641437090958,0.08235629848716293,-0.0036768163063069996,0.11461448681639363,0.11453016355906041,1.0,0.8975,0.8975,0.0006355795041453121,0.1144959140440061,0.11435447087126324,1.0,0.8975,0.8975,0.07845124084942787,0.0605540918914743,0.0990566920531069,1.0,0.7225,0.7225,-2.6552732342618734e-05,0.045831210040203574,0.045773892878610174,1.0,0.9625,0.9625,0.0,0.0,0.0,1.0,1.0,1.0,0.00030946189492468885,0.02574905945528386,0.025718714865620215,1.0,0.945,0.945
normal,const,0.4,32000,1.0,1.0,23.761493895775608,24.01580702918657,0.13097597408143075,0.04163924197028621,0.0,0.07236774244804728,0.0765691257815812,0.0011479465426883478,0.07029763263995142,0.07021908959221473,1.0,0.9075,0.9075,0.0017722382868050415,0.08217229333622642,0.08208864663398782,1.0,0.895,0.895,0.08196561849673067,0.04220491969139205,0.09216921787447833,1.0,0.4625,0.4625,0.0007279121177026718,0.03429785853026065,0.03426269251041819,1.0,0.96,0.96,0.0,0.0,0.0,1.0,1.0,1.0,-0.00023096094725186673,0.01785825901359547,0.01783741753781437,1.0,0.94,0.94
normal,const,0.3,125,1.0,1.0,250.04308239713617,291.90862930925624,0.10586346047019027,0.003425729490650212,0.0,0.2220594068500803,0.23218010849974632,0.06687857323048167,1.0167542712571762,1.0176824251979382,1.0,0.6975,0.6975,0.36413732130841564,0.6216905943406842,0.7198117364100229,1.0,0.545,0.545,0.3909202546621184,0.5675703228944765,0.6885850541197214,1.0,0.5675,0.5675,-0.017557687543354846,0.6031678975768343,0.6026692760357545,1.0,0.9625,0.9625,0.0,0.0,0.0,1.0,1.0,1.0,0.02063341356413604,0.30026201994510066,0.30059545102224505,1.0,0.9475,0.9475
normal,const,0.3,250,1.0,1.0,250.04308239713617,291.90862930925624,0.10586346047019027,0.003425729490650212,0.0,0.18409215208564753,0.17617957777679114,-0.13326417538032234,2.8912860946474965,2.890743119569606,1.0,0.7125,0.7125,0.2512123489036569,0.5519422616724746,0.6057939450104044,1.0,0.6275,0.6275,0.30164215330661853,0.4426788471830167,0.5352220464352903,1.0,0.6375,0.6375,-0.07214903067676287,0.9943706494585932,0.9957442134710295,1.0,0.98,0.98,0.0,0.0,0.0,1.0,1.0,1.0,0.0011112357103466913,0.2149043175396146,0.21463839562792236,1.0,0.9575,0.9575
normal,const,0.3,500,1.0,1.0,250.04308239713617,291.90862930925624,0.10586346047019027,0.003425729490650212,0.0,0.14014827285609063,0.1392432587692698,0.12805364297607888,0.3988735781275853,0.41844965823791425,1.0,0.6975,0.6975,0.2354561747277719,0.37369461492793676,0.44129146409205405,1.0,0.675,0.675,0.2789117782129263,0.3050327392453332,0.4130425397067223,1.0,0.6775,0.6775,0.028634367901082553,0.37591380657635937,0.37653398123527476,1.0,0.96,0.96,0.0,0.0,0.0,1.0,1.0,1.0,0.0001674638516379473,0.14908421806314484,0.14889784034515804,1.0,0.9525,0.9525
normal,const,0.3,1000,1.0,1.0,250.04308239713617,291.90862930925624,0.10586346047019027,0.003425729490650212,0.0,0.11167837923307423,0.10817743833808972,0.06435975910741858,0.6115840479481272,0.6142004059569812,1.0,0.6975,0.6975,0.17487922567982486,0.39896361489934484,0.4351514445258041,1.0,0.6375,0.6375,0.26842373706939787,0.2526444686285325,0.3684032533543553,1.0,0.6225,0.6225,0.0249497097491708,0.29385765246629164,0.29454868380250016,1.0,0.93,0.93,0.0,0.0,0.0,1.0,1.0,1.0,0.006805580890727671,0.10597267203922463,0.10605869899421483,1.0,0.9375,0.9375
normal,const,0.3,2000,1.0,1.0,250.04308239713617,291.90862930925624,0.10586346047019027,0.003425729490650212,0.0,0.0855871763123947,0.08403058297344355,-0.005290013082234833,0.504536938957231,0.503933639682659,1.0,0.76,0.76,0.07481038385765752,0.3446157845317543,0.3522211413075534,1.0,0.73,0.73,0.21628063340976855,0.17663363257159023,0.2791034824991936,1.0,0.6775,0.6775,-0.006308548145751982,0.24886379221908744,0.24863256401702136,1.0,0.9475,0.9475,0.0,0.0,0.0,1.0,1.0,1.0,-0.005981381796301164,0.07602405506080596,0.07616419587779984,1.0,0.9525,0.9525
normal,const,0.3,4000,1.0,1.0,250.04308239713617,291.90862930925624,0.10586346047019027,0.003425729490650212,0.0,0.07009450119882152,0.06440957440879677,-0.01934158633193837,0.43717563279566596,0.43705700376192474,1.0,0.775,0.775,0.047443959944442254,0.32070988626073416,0.3238033715122797,1.0,0.74,0.74,0.22976083171360584,0.1251307969504557,0.2615504001991211,1.0,0.525,0.525,-0.0005833585289891285,0.18943918630185586,0.1892031384533983,1.0,0.9625,0.9625,0.0,0.0,0.0,1.0,1.0,1.0,0.0027029331095769684,0.05364184441906204,0.053642890501836384,1.0,0.9475,0.9475
normal,const,0.3,8000,1.0,1.0,250.04308239713617,291.90862930925624,0.10586346047019027,0.003425729490650212,0.0,0.05319614706032033,0.05539048787992929,0.02749910501292672,0.27447177757820057,0.2755043022744506,1.0,0.745,0.745,0.05996990368940751,0.24901284024258066,0.25582956331839296,1.0,0.73,0.73,0.22905072506465424,0.09242194292859461,0.24695079600702538,1.0,0.29,0.29,-0.004093918840396695,0.12728616128601242,0.1271928559678695,1.0,0.955,0.955,0.0,0.0,0.0,1.0,1.0,1.0,0.00011838286259663266,0.03666390315501349,0.036618235956637296,1.0,0.945,0.945
normal,const,0.3,16000,1.0,1.0,250.04308239713617,291.90862930925624,0.10586346047019027,0.003425729490650212,0.0,0.04313661069681716,0.039484267440357976,0.006249292286375535,0.2079249793662262,0.20775891967834983,1.0,0.7975,0.7975,0.026214560296895922,0.19411637419035987,0.19563784650100138,1.0,0.8,0.8,0.22061555152221612,0.06412797221798396,0.22972448150380084,1.0,0.0875,0.0875,9.500289831455788e-05,0.09452303629335815,0.0944048563617937,1.0,0.975,0.975,0.0,0.0,0.0,1.0,1.0,1.0,-0.0010256751118668547,0.02786563416781339,0.027849674021262368,1.0,0.935,0.935
normal,const,0.3,32000,1.0,1.0,250.04308239713617,291.90862930925624,0.10586346047019027,0.003425729490650212,0.0,0.033742117530441006,0.03473309862150922,0.0029655267228649272,0.2106064729005262,0.2103639538045316,1.0,0.7775,0.7775,0.016760923156497437,0.19252919881542252,0.1930174919808441,1.0,0.8075,0.8075,0.2213355736131427,0.04239144162987253,0.2253485697409885,1.0,0.0075,0.0075,-0.0013569290681531081,0.06933254281273042,0.06925911669695838,1.0,0.9525,0.9525,0.0,0.0,0.0,1.0,1.0,1.0,-0.0008235310571930507,0.01868048408314585,0.01867528548025104,1.0,0.96,0.96
normal,const,0.22,125,1.0,1.0,34696.65368818953,22239.448665219275,0.08173044987072353,2.8821223193070983e-05,0.0,0.2184674409808926,0.2212076741344974,0.18111826146706078,1.1337635022457748,1.1467388344622738,1.0,0.6425,0.6425,0.5776923366913824,0.5953424440336315,0.8290204943038002,1.0,0.445,0.445,0.598776391200227,0.5550204778190715,0.8159722900505147,1.0,0.4575,0.4575,0.051691677213016776,1.1912133378167848,1.1908458223654392,1.0,0.975,0.975,0.0,0.0,0.0,1.0,1.0,1.0,0.029679265017171726,0.33386855683905065,0.3347691764255416,1.0,0.915,0.915
normal,const,0.22,250,1.0,1.0,34696.65368818953,22239.448665219275,0.08173044987072353,2.8821223193070983e-05,0.0,0.17664689231192807,0.17294520318937373,0.02249581717479872,2.5776570659726485,2.574531262516478,1.0,0.63,0.63,0.47165455697365594,0.5493548879398237,0.7235290851342007,1.0,0.4675,0.4675,0.5299617657464603,0.4395313681095367,0.6881601028441466,1.0,0.4825,0.4825,-0.021563545988875915,2.0728968519937494,2.070416405490378,1.0,0.9625,0.9625,0.0,0.0,0.0,1.0,1.0,1.0,0.015368245605492818,0.23682993380700726,0.23703244393153147,1.0,0.94,0.94
normal,const,0.22,500,1.0,1.0,34696.65368818953,22239.448665219275,0.08173044987072353,2.8821223193070983e-05,0.0,0.13289585228324063,0.13215059399919146,0.08329682428056769,1.1449560589187213,1.1465537173843106,1.0,0.545,0.545,0.3796622718203435,0.5682371692201383,0.6828101401018385,1.0,0.4825,0.4825,0.48419013875969824,0.35432777991006303,0.5997286016600257,1.0,0.485,0.485,-0.011904760120124694,0.7167410528200605,0.7159435492894202,1.0,0.9675,0.9675,0.0,0.0,0.0,1.0,1.0,1.0,0.009265564992433792,0.1739585242313367,0.17398782982436364,1.0,0.9375,0.9375
normal,const,0.22,1000,1.0,1.0,34696.65368818953,22239.448665219275,0.08173044987072353,2.8821223193070983e-05,0.0,0.09389221925295158,0.08775977787460874,0.019220680161477332,1.7561817131056607,1.7540904219762978,1.0,0.585,0.585,0.28483474231252026,0.49726175053479005,0.5725224064189989,1.0,0.5125,0.5125,0.44457819203409554,0.2648264203636873,0.5173079055771745,1.0,0.4475,0.4475,0.02431625758429786,0.5875739687464638,0.5873426097343059,1.0,0.975,0.975,0.0,0.0,0.0,1.0,1.0,1.0,-0.001968268408741053,0.11042386433970876,0.11030331056547653,1.0,0.9625,0.9625
normal,const,0.22,2000,1.0,1.0,34696.65368818953,22239.448665219275,0.08173044987072353,2.8821223193070983e-05,0.0,0.06641999033219474,0.0666627219581638,-0.16946932743397883,2.5464037549300316,2.5488588634631943,1.0,0.5725,0.5725,0.20457300649650634,0.5456741140471372,0.5821219400875514,1.0,0.51,0.51,0.4445837201326064,0.17987525233007562,0.4795090226906622,1.0,0.3025,0.3025,-0.03664482963080912,1.403828681200609,1.4025515934484225,1.0,0.9625,0.9625,0.0,0.0,0.0,1.0,1.0,1.0,0.000623908233512202,0.08690982361755224,0.08680336058652799,1.0,0.9375,0.9375
normal,const,0.22,4000,1.0,1.0,34696.65368818953,22239.448665219275,0.08173044987072353,2.8821223193070983e-05,0.0,0.047444884225290036,0.047603728373180935,0.05678881063142558,0.6174278770984858,0.6192649751703457,1.0,0.5825,0.5825,0.1814850194065726,0.397801826052505,0.43679227253659686,1.0,0.5525,0.5525,0.4379337509471061,0.12873582220803886,0.45641806478094493,1.0,0.1125,0.1125,0.05130083719933252,0.5395614765923641,0.5413229594727424,1.0,0.97,0.97,0.0,0.0,0.0,1.0,1.0,1.0,0.0006700844046209034,0.06287316574191745,0.0627981002586377,1.0,0.9275,0.9275
normal,const,0.22,8000,1.0,1.0,34696.65368818953,22239.448665219275,0.08173044987072353,2.8821223193070983e-05,0.0,0.03481890266952838,0.032352084516186125,-0.03740129080797886,1.4777570506136093,1.4763825190108222,1.0,0.6275,0.6275,0.13037092599427766,0.3750193034481753,0.3965910457996538,1.0,0.5825,0.5825,0.4340350012452239,0.09193127661314826,0.44364018475180467,1.0,0.0075,0.0075,-0.01916824789420584,0.23980975561753715,0.24027561012190413,1.0,0.9725,0.9725,0.0,0.0,0.0,1.0,1.0,1.0,-0.0012594576089840037,0.041088609623759896,0.04105653893937636,1.0,0.9625,0.9625
normal,const,0.22,16000,1.0,1.0,34696.65368818953,22239.448665219275,0.08173044987072353,2.8821223193070983e-05,0.0,0.023764844839617515,0.02311506562302013,-0.1683316321459608,3.564176494665688,3.5636962887282495,1.0,0.6625,0.6625,0.08101980077619128,0.3789095199691659,0.38701124193008823,1.0,0.635,0.635,0.4361384248334766,0.0696121948279347,0.44164518410237025,1.0,0.0,0.0,-0.06808259569975947,1.156277783190112,1.1568366807620292,1.0,0.97,0.97,0.0,0.0,0.0,1.0,1.0,1.0,0.001024328549470048,0.030430016850319944,0.03040921257899057,1.0,0.9425,0.9425
normal,const,0.22,32000,1.0,1.0,34696.65368818953,22239.448665219275,0.08173044987072353,2.8821223193070983e-05,0.0,0.01680979194638848,0.01651949838811106,0.0222340205105889,0.3755076814029637,0.3756964937468986,1.0,0.6425,0.6425,0.07468546263233078,0.29412879267691083,0.3031062283152204,1.0,0.6175,0.6175,0.43153041678351045,0.045174541149039106,0.4338826315139342,1.0,0.0,0.0,-0.005687809511849333,0.17116724369907657,0.1710477445899048,1.0,0.985,0.985,0.0,0.0,0.0,1.0,1.0,1.0,-0.0010793574538510888,0.020530123276604792,0.02053283369049173,1.0,0.9425,0.9425
normal,const,0.15,125,1.0,1.0,274878265.8975517,600243589.5630453,0.05774444131857678,1.6659903035831876e-09,0.0,0.25392950271680803,0.2417571351342525,0.234717819556527,1.6197703927888811,1.63468328426623,1.0,0.56,0.56,0.8228806094579104,0.5748403815858024,1.003368256455614,1.0,0.2875,0.2875,0.8472968354891798,0.5316366028955963,0.9999214025484715,1.0,0.2975,0.2975,0.016703669888378167,1.048336747021141,1.0471587381599414,1.0,0.9575,0.9575,0.0,0.0,0.0,1.0,1.0,1.0,-0.0003171414176394238,0.3977637100860823,0.39726632089502645,1.0,0.91,0.91
normal,const,0.15,250,1.0,1.0,274878265.8975517,600243589.5630453,0.05774444131857678,1.6659903035831876e-09,0.0,0.19990612130921978,0.18349392009291168,0.21538085124244988,1.8473316863838982,1.8575499144575105,1.0,0.5,0.5,0.7524811701567918,0.5026586578931588,0.9045783401561188,1.0,0.315,0.315,0.8009094562691337,0.40793807340798277,0.8985841058007851,1.0,0.32,0.32,-0.012594899421934981,0.9950977723102266,0.9939329248028169,1.0,0.985,0.985,0.0,0.0,0.0,1.0,1.0,1.0,-0.006205054949957729,0.28268176167916664,0.2823963679777134,1.0,0.93,0.93
normal,const,0.15,500,1.0,1.0,274878265.8975517,600243589.5630453,0.05774444131857678,1.6659903035831876e-09,0.0,0.13285048142349185,0.1305481067468718,0.12986611082245955,2.085103481311863,2.086540819921708,1.0,0.495,0.495,0.6060868823794128,0.5418479984916078,0.812530962073498,1.0,0.3425,0.3425,0.7230387925575898,0.34337000176857124,0.8002457724114509,1.0,0.32,0.32,-0.03398902509605665,0.6760324675498566,0.6760418635451316,1.0,0.98,0.98,0.0,0.0,0.0,1.0,1.0,1.0,-0.00029887371620613667,0.19099414281763893,0.19075548487439695,1.0,0.9325,0.9325
normal,const,0.15,1000,1.0,1.0,274878265.8975517,600243589.5630453,0.05774444131857678,1.6659903035831876e-09,0.0,0.09321379620049243,0.09657440363576418,0.06898571954210396,2.525426801146312,2.5232112686275325,1.0,0.4275,0.4275,0.5641131069521456,0.507055786825558,0.7580807374291377,1.0,0.3375,0.3375,0.7284873423360536,0.25090395457590353,0.7703825156242962,1.0,0.21,0.21,-0.11701599216584073,1.7516212112893519,1.7533394332221401,1.0,0.975,0.975,0.0,0.0,0.0,1.0,1.0,1.0,0.0005845237299937623,0.14080602798529926,0.1406311250797465,1.0,0.945,0.945
normal,const,0.15,2000,1.0,1.0,274878265.8975517,600243589.5630453,0.05774444131857678,1.6659903035831876e-09,0.0,0.0651640796844345,0.0611491102619369,0.18532805102258693,0.8364657822782489,0.8557291066137038,1.0,0.44,0.44,0.4858040774409917,0.45884237251415794,0.6678439815298767,1.0,0.3675,0.3675,0.7248238378402465,0.16951921106798096,0.7443349494114001,1.0,0.0425,0.0425,0.0029386338271045966,0.6005387070387197,0.5997947627096103,1.0,0.9725,0.9725,0.0,0.0,0.0,1.0,1.0,1.0,0.0031192687179421386,0.09467749480156601,0.09461050834437229,1.0,0.9475,0.9475
normal,const,0.15,4000,1.0,1.0,274878265.8975517,600243589.5630453,0.05774444131857678,1.6659903035831876e-09,0.0,0.042871317295481576,0.039412887996682154,0.06349876541250458,1.9224462130279212,1.9210913660181141,1.0,0.44,0.44,0.4151278359460908,0.4563457051036629,0.6164916011085856,1.0,0.3925,0.3925,0.708342187471288,0.11547908791668808,0.7176703531206472,1.0,0.0,0.0,-0.04109700816751699,0.9347178486766833,0.9344528757906956,1.0,0.9775,0.9775,0.0,0.0,0.0,1.0,1.0,1.0,-0.0016530511092932142,0.06332970423332651,0.06327209011606025,1.0,0.96,0.96
normal,const,0.15,8000,1.0,1.0,274878265.8975517,600243589.5630453,0.05774444131857678,1.6659903035831876e-09,0.0,0.026280227142478997,0.027475608431619055,0.06862872741171491,1.2841894860315477,1.2844180322893466,1.0,0.45,0.45,0.35905268822572384,0.44775991288010825,0.5735037490335743,1.0,0.3625,0.3625,0.7095150422613713,0.0871864051740427,0.7148384857918675,1.0,0.0,0.0,-0.031446500749259074,0.5025963157516169,0.5029517187314846,1.0,0.9875,0.9875,0.0,0.0,0.0,1.0,1.0,1.0,-0.002378112733859081,0.04955071076755681,0.049545839133080465,1.0,0.9325,0.9325
normal,const,0.15,16000,1.0,1.0,274878265.8975517,600243589.5630453,0.05774444131857678,1.6659903035831876e-09,0.0,0.0173098828720879,0.018978680612015967,0.15151593130830004,0.6268112642052046,0.6441018610999444,1.0,0.3975,0.3975,0.3241739721662097,0.4287673302565213,0.5370945765566667,1.0,0.3625,0.3625,0.711621896425908,0.05789154286355252,0.7139669289477563,1.0,0.0,0.0,0.016112003336966677,0.49903521130313144,0.4986713831939734,1.0,0.97,0.97,0.0,0.0,0.0,1.0,1.0,1.0,0.00026804158362224494,0.032762733011387546,0.03272285178556532,1.0,0.9575,0.9575
normal,const,0.15,32000,1.0,1.0,274878265.8975517,600243589.5630453,0.05774444131857678,1.6659903035831876e-09,0.0,0.01061186423684941,0.011740145241765018,0.105236489661634,1.0111647533674146,1.0153682789080798,1.0,0.43,0.43,0.28758414543697575,0.36471587571630093,0.4641010305216151,1.0,0.375,0.375,0.7093470777506972,0.04388294367536823,0.7106997785121402,1.0,0.0,0.0,0.011874803273685666,0.3432379766005432,0.343014269035811,1.0,0.975,0.975,0.0,0.0,0.0,1.0,1.0,1.0,0.0001339912858558398,0.02407190248267475,0.02404216715642019,1.0,0.96,0.96
normal,const,0.11,125,1.0,1.0,10858931859531.506,inf,0.043051289411263266,0.0,0.0,0.2615959733145903,0.2779347932374371,0.25801450435734063,1.7145291849445012,1.7317138287460068,1.0,0.52,0.52,0.9933869528652218,0.5801541156202894,1.150023908012061,1.0,0.1975,0.1975,1.0292714944301187,0.5014886183715532,1.1446667272690025,1.0,0.2125,0.2125,0.03761004327375465,2.214120155162342,2.2116705805109014,1.0,0.9675,0.9675,0.0,0.0,0.0,1.0,1.0,1.0,0.03298507503744106,0.4367915440330321,0.43749045816067694,1.0,0.9125,0.9125
normal,const,0.11,250,1.0,1.0,10858931859531.506,inf,0.043051289411263266,0.0,0.0,0.22953188774817562,0.2189365942131276,-0.5611416130162813,12.692658198736554,12.689075995164988,0.9925,0.3904282115869018,0.3875,0.9401055214372148,0.5463504736956009,1.086989119217402,0.9925,0.1712846347607053,0.17,0.9950205650442502,0.41065933393303694,1.0762366889703858,1.0,0.1725,0.1725,-0.481856500052627,6.85881126118266,6.867094046698389,0.9925,0.9697732997481109,0.9625,0.0,0.0,0.0,1.0,1.0,1.0,0.01869108961888946,0.31660437590140067,0.31676030661046684,1.0,0.915,0.915
normal,const,0.11,500,1.0,1.0,10858931859531.506,inf,0.043051289411263266,0.0,0.0,0.16766503730159588,0.15809071015981807,0.7363154417264319,9.09321036240324,9.111463712031705,0.985,0.3401015228426396,0.335,0.8887061485982704,0.4503794753155612,0.9960549501728081,0.985,0.1751269035532995,0.1725,0.9690180584705128,0.2915610416010944,1.0118257354994626,1.0,0.13,0.13,1.051797433948253,14.961612777203069,14.979585704955769,0.985,0.9796954314720813,0.965,0.0,0.0,0.0,1.0,1.0,1.0,0.014985919206830532,0.21592034174261443,0.21617034433005705,1.0,0.94,0.94
normal,const,0.11,1000,1.0,1.0,10858931859531.506,inf,0.043051289411263266,0.0,0.0,0.11084551310405004,0.11560258287793516,0.16282383115499316,3.7122684054797124,3.7111039952436027,0.98,0.3239795918367347,0.3175,0.7734298967909902,0.4760190122678917,0.907860043793672,0.98,0.23214285714285715,0.2275,0.9148563104012767,0.22478930058940735,0.9420010471153221,1.0,0.08,0.08,-0.10728935387968351,2.4079001924029972,2.4072190528102175,0.98,0.9617346938775511,0.9425,0.0,0.0,0.0,1.0,1.0,1.0,-0.002828530516404395,0.15389662839094448,0.15373016094575404,1.0,0.945,0.945
normal,const,0.11,2000,1.0,1.0,10858931859531.506,inf,0.043051289411263266,0.0,0.0,0.07403216931619477,0.07160504983941951,0.2658286583135901,1.1562592696073888,1.1849239193367596,0.94,0.3377659574468085,0.3175,0.7264364727393416,0.43540563413167205,0.8466308629945615,0.94,0.22340425531914893,0.21,0.9136154558466812,0.1636778802564146,0.9281253544246915,1.0,0.0075,0.0075,0.023167061839585362,0.8287523308648498,0.8279737085219168,0.94,0.9680851063829787,0.91,0.0,0.0,0.0,1.0,1.0,1.0,0.000790924776143439,0.10769651459936334,0.10756471759229544,1.0,0.965,0.965
normal,const,0.11,4000,1.0,1.0,10858931859531.506,inf,0.043051289411263266,0.0,0.0,0.04993157407031932,0.04846570774255588,0.22935393796971862,1.7433634042063721,1.755976402694742,0.8975,0.3370473537604457,0.3025,0.6718414902392874,0.47184713622098556,0.8206037665134304,0.8975,0.1977715877437326,0.1775,0.9173547790881699,0.1160861275788545,0.9246524156458027,1.0,0.0,0.0,-0.025066479127598865,1.6026370225205173,1.600599672074766,0.8975,0.9805013927576601,0.88,0.0,0.0,0.0,1.0,1.0,1.0,0.0008886512074421437,0.08030788400625745,0.08021235904738798,1.0,0.94,0.94
normal,const,0.11,8000,1.0,1.0,10858931859531.506,inf,0.043051289411263266,0.0,0.0,0.028196978081884795,0.03141368984870141,0.003307127851190461,3.958638212965524,3.9523907557168405,0.7925,0.2744479495268139,0.2175,0.607402086692462,0.4178485854766348,0.7368744497769918,0.7925,0.2082018927444795,0.165,0.9094293049778251,0.08635521633713109,0.9135098472827818,1.0,0.0,0.0,-0.09115560176762195,2.203808904548477,2.2022175139749427,0.7925,0.9842271293375394,0.78,0.0,0.0,0.0,1.0,1.0,1.0,0.0022159584749633613,0.05676452935494295,0.056736819926470346,1.0,0.94,0.94
normal,const,0.11,16000,1.0,1.0,10858931859531.506,inf,0.043051289411263266,0.0,0.0,0.017941608229136582,0.017700800736378336,0.26505243986119437,0.5105071394220888,0.5743207135151649,0.635,0.3425196850393701,0.2175,0.553065688594016,0.3595985921280797,0.6593054712003533,0.635,0.29133858267716534,0.185,0.9082335115499558,0.058841608422288236,0.9101328422526469,1.0,0.0,0.0,-0.0016326118450757372,0.38638907070270045,0.38563116812430426,0.635,0.9724409448818898,0.6175,0.0,0.0,0.0,1.0,1.0,1.0,-0.0007480281540907698,0.03727620906985274,0.03723709869648998,1.0,0.97,0.97
normal,const,0.11,32000,1.0,1.0,10858931859531.506,inf,0.043051289411263266,0.0,0.0,0.011908610209750758,0.010647692586345516,0.21777228438662097,0.6640430996420701,0.6970353457606024,0.4375,0.25142857142857145,0.11,0.5407718387072727,0.39053434233080164,0.6663930731556248,0.4375,0.19428571428571428,0.085,0.9087845250100074,0.04297408201538968,0.9097974871879002,1.0,0.0,0.0,-0.008246629730287613,0.3745653359637067,0.3735846465597793,0.4375,0.9657142857142857,0.4225,0.0,0.0,0.0,1.0,1.0,1.0,0.00029545124866770385,0.02740786772709307,0.027375180853335093,1.0,0.955,0.955
normal,const,0.08,125,1.0,1.0,1.5922943731974514e+21,inf,0.03154483328621323,0.0,0.0,0.31494807730470886,0.32005994597539095,0.44172389023846287,1.023329986983725,1.1131361418611994,0.805,0.39751552795031053,0.32,1.2166733530257627,0.44173310067185295,1.2941468974594161,0.805,0.10869565217391304,0.0875,1.237620195584788,0.4243942863231794,1.3081911108501811,1.0,0.105,0.105,0.05667935219377581,0.8674016195015551,0.8679063989460314,0.805,0.9627329192546584,0.775,0.0,0.0,0.0,1.0,1.0,1.0,0.08901311733583948,0.5355166450165867,0.5422033446548816,1.0,0.8725,0.8725
normal,const,0.08,250,1.0,1.0,1.5922943731974514e+21,inf,0.03154483328621323,0.0,0.0,0.2532599196549348,0.25357953891147295,0.335415594092506,2.219879911240797,2.2410235230099116,0.6775,0.3210332103321033,0.2175,1.1576844181842731,0.38031577761942237,1.2183347551231334,0.6775,0.11070110701107011,0.075,1.1701839497444366,0.334266711968838,1.2168752505426026,1.0,0.1075,0.1075,-0.0953111886444177,2.7913780984019367,2.7878529215274677,0.6775,0.9446494464944649,0.64,0.0,0.0,0.0,1.0,1.0,1.0,0.04391158804360542,0.3763476063757655,0.37843315735703903,1.0,0.9025,0.9025
normal,const,0.08,500,1.0,1.0,1.5922943731974514e+21,inf,0.03154483328621323,0.0,0.0,0.18733010559923044,0.19262758134596447,0.6466083320899342,3.6811362784784682,3.727180389634638,0.44,0.2159090909090909,0.095,1.047010989034202,0.5025583065128578,1.1607591632368965,0.44,0.13636363636363635,0.06,1.1138575284967949,0.3077331977531668,1.1554832605822896,1.0,0.1225,0.1225,0.17238375536486475,2.903003051798069,2.899872371589148,0.44,0.9602272727272727,0.4225,0.0,0.0,0.0,1.0,1.0,1.0,0.02138193181879918,0.2656308453947539,0.2661588504415598,1.0,0.9275,0.9275
normal,const,0.08,1000,1.0,1.0,1.5922943731974514e+21,inf,0.03154483328621323,0.0,0.0,0.14428594945159604,0.14356735378636432,0.4814255744951884,0.619525956125192,0.7815275676276205,0.2,0.3,0.06,0.9952039155221966,0.3930130817452874,1.0690927812231046,0.2,0.15,0.03,1.0942564566414477,0.2220561885340664,1.1165047565463424,1.0,0.035,0.035,0.17557576477907308,0.9654937148089139,0.975373126601599,0.2,0.975,0.195,0.0,0.0,0.0,1.0,1.0,1.0,0.009931377835418856,0.1812668712568089,0.18131234564806747,1.0,0.92,0.92
normal,const,0.08,2000,1.0,1.0,1.5922943731974514e+21,inf,0.03154483328621323,0.0,0.0,0.098553573037556,0.09553792781900515,0.3823114850897549,0.3723980800194925,0.5271701671506345,0.05,0.4,0.02,0.9479484510828072,0.3669593472447416,1.0131793870357142,0.05,0.2,0.01,1.0912512699525054,0.15998468666869578,1.1028873226180067,1.0,0.0,0.0,0.1564954003526529,0.5640544729128933,0.5716120942771654,0.05,0.95,0.0475,0.0,0.0,0.0,1.0,1.0,1.0,-0.0060386391552153,0.13219916324834585,0.13217182899355215,1.0,0.9425,0.9425
normal,const,0.08,4000,1.0,1.0,1.5922943731974514e+21,inf,0.03154483328621323,0.0,0.0,0.06071531332631173,0.06778611556937379,,,,0.0,,0.0,,,,0.0,,0.0,1.075018657690713,0.10821103830668402,1.080437628520279,1.0,0.0,0.0,,,,0.0,,0.0,0.0,0.0,0.0,1.0,1.0,1.0,-0.00229169705355258,0.08730181955965649,0.08722273530775113,1.0,0.955,0.955
normal,const,0.08,8000,1.0,1.0,1.5922943731974514e+21,inf,0.03154483328621323,0.0,0.0,0.033846667907735044,0.037856967778334166,,,,0.0,,0.0,,,,0.0,,0.0,1.080319969319641,0.07898691420651513,1.08319646020245,1.0,0.0,0.0,,,,0.0,,0.0,0.0,0.0,0.0,1.0,1.0,1.0,0.0038931305044416498,0.06605381242295334,0.06608596549489386,1.0,0.9425,0.9425
normal,const,0.08,16000,1.0,1.0,1.5922943731974514e+21,inf,0.03154483328621323,0.0,0.0,0.02116880368829794,0.020176732067911592,,,,0.0,,0.0,,,,0.0,,0.0,1.0740122582362375,0.05570093717478555,1.0754520764580107,1.0,0.0,0.0,,,,0.0,,0.0,0.0,0.0,0.0,1.0,1.0,1.0,-0.0015598326272774664,0.04518811643442179,0.04515854326756735,1.0,0.9375,0.9375
normal,const,0.08,32000,1.0,1.0,1.5922943731974514e+21,inf,0.03154483328621323,0.0,0.0,0.01136759732873242,0.011906580548962707,,,,0.0,,0.0,,,,0.0,,0.0,1.073984626500723,0.039828569676642604,1.0747210461952341,1.0,0.0,0.0,,,,0.0,,0.0,0.0,0.0,0.0,1.0,1.0,1.0,-0.0026362915397273,0.030481800866908458,0.030557607345996086,1.0,0.9525,0.9525
normal,const,0.06,125,1.0,1.0,1.729193020394074e+29,inf,0.02382108743726959,0.0,0.0,0.33274180700052164,0.3379670249046747,0.36232792929564195,0.5325633810540453,0.6408855947953672,0.17,0.4411764705882353,0.075,1.224052299147557,0.575318386365004,1.3507137958942625,0.17,0.10294117647058823,0.0175,1.278116819767609,0.40117642795937075,1.3394486832302428,1.0,0.0975,0.0975,-0.09380348241384757,0.6805758580403818,0.6820345077948073,0.17,0.9705882352941176,0.165,0.0,0.0,0.0,1.0,1.0,1.0,-0.0124507697882167,0.6222206577707426,0.6215671100191701,1.0,0.865,0.865
normal,const,0.06,250,1.0,1.0,1.729193020394074e+29,inf,0.02382108743726959,0.0,0.0,0.2877450546759567,0.29214618529703534,0.2866945801645945,0.1773385557631373,0.33418136609616456,0.04,0.375,0.015,1.2125727744803836,0.3062126562427284,1.248294251098907,0.04,0.125,0.005,1.2608089521183248,0.32104494092845226,1.3009425018817022,1.0,0.065,0.065,-0.0236170208612676,0.1776459261928073,0.17361871752191815,0.04,1.0,0.04,0.0,0.0,0.0,1.0,1.0,1.0,0.0023718885512752142,0.4092806340440366,0.40877559450789075,1.0,0.9075,0.9075
normal,const,0.06,500,1.0,1.0,1.729193020394074e+29,inf,0.02382108743726959,0.0,0.0,0.22267977019004057,0.2181741807057319,0.5612289829412362,,0.5612289829412362,0.0025,0.0,0.0,1.286784224940185,,1.286784224940185,0.0025,0.0,0.0,1.216841334120024,0.2703432583401536,1.2464371608948628,1.0,0.065,0.065,0.19465159130543008,,0.19465159130543008,0.0025,1.0,0.0025,0.0,0.0,0.0,1.0,1.0,1.0,0.005248399077572721,0.29373334405899215,0.29341289152221234,1.0,0.94,0.94
normal,const,0.06,1000,1.0,1.0,1.729193020394074e+29,inf,0.02382108743726959,0.0,0.0,0.16761420669353072,0.16563834309375905,,,,0.0,,0.0,,,,0.0,,0.0,1.201919037569667,0.19607041669266514,1.2177671666429812,1.0,0.0225,0.0225,,,,0.0,,0.0,0.0,0.0,0.0,1.0,1.0,1.0,-0.00870283373646406,0.1875933219241601,0.18756069846721551,1.0,0.9625,0.9625
normal,const,0.06,2000,1.0,1.0,1.729193020394074e+29,inf,0.02382108743726959,0.0,0.0,0.11953817334291511,0.11839571236926318,,,,0.0,,0.0,,,,0.0,,0.0,1.2061314352617538,0.15529514741685005,1.2160630454383405,1.0,0.0025,0.0025,,,,0.0,,0.0,0.0,0.0,0.0,1.0,1.0,1.0,-0.0041313237634218606,0.14781438288283075,0.14768729428628152,1.0,0.95,0.95
normal,const,0.06,4000,1.0,1.0,1.729193020394074e+29,inf,0.02382108743726959,0.0,0.0,0.0851807865855708,0.07701443338282933,,,,0.0,,0.0,,,,0.0,,0.0,1.2007897732990764,0.10358916321223824,1.2052385521579623,1.0,0.0,0.0,,,,0.0,,0.0,0.0,0.0,0.0,1.0,1.0,1.0,0.005180278755411578,0.1066528708769052,0.1066453612076206,1.0,0.93,0.93
normal,const,0.06,8000,1.0,1.0,1.729193020394074e+29,inf,0.02382108743726959,0.0,0.0,0.05051029255989459,0.04638869643668522,,,,0.0,,0.0,,,,0.0,,0.0,1.1994372687186483,0.06692071880296861,1.2012980264030422,1.0,0.0,0.0,,,,0.0,,0.0,0.0,0.0,0.0,1.0,1.0,1.0,-0.001489883450365872,0.06781033532707441,0.06774190524278915,1.0,0.965,0.965
normal,const,0.06,16000,1.0,1.0,1.729193020394074e+29,inf,0.02382108743726959,0.0,0.0,0.02734197357416679,0.026428094094462572,,,,0.0,,0.0,,,,0.0,,0.0,1.1987270716130742,0.05117950237190309,1.199816396507163,1.0,0.0,0.0,,,,0.0,,0.0,0.0,0.0,0.0,1.0,1.0,1.0,-0.003114621411270166,0.051264945388229455,0.05129547012777585,1.0,0.9425,0.9425
normal,const,0.06,32000,1.0,1.0,1.729193020394074e+29,inf,0.02382108743726959,0.0,0.0,0.0176936380340018,0.016660874219674493,,,,0.0,,0.0,,,,0.0,,0.0,1.201252996219074,0.03719173897032173,1.2018271624111847,1.0,0.0,0.0,,,,0.0,,0.0,0.0,0.0,0.0,1.0,1.0,1.0,0.0028664222300496377,0.03603167684275097,0.03610058736587409,1.0,0.9575,0.9575
normal,const,0.045,125,1.0,1.0,3.51570856514372e+38,inf,0.017865412271129436,0.0,0.0,0.3696205624969265,0.3651205035501867,0.2902784700915765,0.22287321636800075,0.3485913698435025,0.01,0.5,0.005,1.2860850342618666,0.2956524106224849,1.3113247028415622,0.01,0.0,0.0,1.3617083881132703,0.37691180114982503,1.4127834525642742,1.0,0.0625,0.0625,0.01970081420538214,0.188816736724855,0.16470258689808848,0.01,1.0,0.01,0.0,0.0,0.0,1.0,1.0,1.0,0.06168666202188827,0.7100005099509034,0.7117905004926794,1.0,0.7725,0.7725
normal,const,0.045,250,1.0,1.0,3.51570856514372e+38,inf,0.017865412271129436,0.0,0.0,0.3229594552964826,0.3264717384463413,,,,0.0,,0.0,,,,0.0,,0.0,1.3424071445272714,0.28863532926130314,1.373010931891075,1.0,0.0475,0.0475,,,,0.0,,0.0,0.0,0.0,0.0,1.0,1.0,1.0,0.01302222626071108,0.4945501409932575,0.4941031984599421,1.0,0.88,0.88
normal,const,0.045,500,1.0,1.0,3.51570856514372e+38,inf,0.017865412271129436,0.0,0.0,0.2728610836348835,0.27243807718476754,,,,0.0,,0.0,,,,0.0,,0.0,1.3267202889088088,0.233222730873024,1.3470128377608934,1.0,0.0325,0.0325,,,,0.0,,0.0,0.0,0.0,0.0,1.0,1.0,1.0,0.022398467800000512,0.3516241644708943,0.3518979191712314,1.0,0.92,0.92
normal,const,0.045,1000,1.0,1.0,3.51570856514372e+38,inf,0.017865412271129436,0.0,0.0,0.2094458441281411,0.21230780400451998,,,,0.0,,0.0,,,,0.0,,0.0,1.3090548860320523,0.17519700761661877,1.3206975244708805,1.0,0.0025,0.0025,,,,0.0,,0.0,0.0,0.0,0.0,1.0,1.0,1.0,-0.010143459012753174,0.20991931690858068,0.20990198682499436,1.0,0.9625,0.9625
normal,const,0.045,2000,1.0,1.0,3.51570856514372e+38,inf,0.017865412271129436,0.0,0.0,0.1530670526141031,0.13891147391038852,,,,0.0,,0.0,,,,0.0,,0.0,1.2943684278875869,0.13095374597109127,1.3009595068591047,1.0,0.0025,0.0025,,,,0.0,,0.0,0.0,0.0,0.0,1.0,1.0,1.0,0.004125887218179023,0.16746865475044714,0.16731006811740826,1.0,0.9425,0.9425
normal,const,0.045,4000,1.0,1.0,3.51570856514372e+38,inf,0.017865412271129436,0.0,0.0,0.10546043419213326,0.11096827683679625,,,,0.0,,0.0,,,,0.0,,0.0,1.2970372095461653,0.09338378624815044,1.3003861938487769,1.0,0.0,0.0,,,,0.0,,0.0,0.0,0.0,0.0,1.0,1.0,1.0,0.005685063300272968,0.11926387234163596,0.11925028936038413,1.0,0.935,0.935
normal,const,0.045,8000,1.0,1.0,3.51570856514372e+38,inf,0.017865412271129436,0.0,0.0,0.06562636245890324,0.06673442423419287,,,,0.0,,0.0,,,,0.0,,0.0,1.2940353202130535,0.07289748777481661,1.2960818525747013,1.0,0.0,0.0,,,,0.0,,0.0,0.0,0.0,0.0,1.0,1.0,1.0,0.003310519928254035,0.08387950810191336,0.08383997848231935,1.0,0.9575,0.9575
normal,const,0.045,16000,1.0,1.0,3.51570856514372e+38,inf,0.017865412271129436,0.0,0.0,0.038168886388824014,0.03947797322226679,,,,0.0,,0.0,,,,0.0,,0.0,1.2965908249833853,0.045855898696859874,1.2973994273036271,1.0,0.0,0.0,,,,0.0,,0.0,0.0,0.0,0.0,1.0,1.0,1.0,-0.004235995900765253,0.06288546218383449,0.06294949215014042,1.0,0.9225,0.9225
normal,const,0.045,32000,1.0,1.0,3.51570856514372e+38,inf,0.017865412271129436,0.0,0.0,0.02285605328417449,0.021338133466889207,,,,0.0,,0.0,,,,0.0,,0.0,1.2939372724623117,0.035425759964201595,1.294420917659737,1.0,0.0,0.0,,,,0.0,,0.0,0.0,0.0,0.0,1.0,1.0,1.0,0.002045908613055625,0.045966035222912136,0.045954106945752846,1.0,0.92,0.92
normal,smooth,1.0,125,1.5775970541358277,1.648564675623258,2.652475283092834,2.6454753880483706,0.2066367812782475,0.37700634059593646,0.0,0.39054618609538166,0.39257048576875275,-0.011669321109148614,0.33870475183594506,0.33848231814838853,1.0,0.955,0.955,0.026134280444504433,0.33969117018310063,0.3402713865239999,1.0,0.9225,0.9225,0.02613447132318904,0.33969103747158585,0.34027126903034094,1.0,0.9225,0.9225,0.0018486488231253245,0.2161251910129616,0.21586278152424612,1.0,0.9325,0.9325,0.001393107405432597,0.029732142243210805,0.029727613928932563,1.0,0.945,0.945,0.02007341967511832,0.267266361468454,0.26768577078378347,1.0,0.9375,0.9375
normal,smooth,1.0,250,1.5775970541358277,1.648564675623258,2.652475283092834,2.6454753880483706,0.2066367812782475,0.37700634059593646,0.0,0.38979349622602655,0.3829264857022922,-0.0026086235512573753,0.23408108860905436,0.23380285727749592,1.0,0.935,0.935,0.008340698194075237,0.2602849459605327,0.260093155825577,1.0,0.92,0.92,0.008340869956958168,0.26028477543008816,0.26009299110419826,1.0,0.92,0.92,-0.002502416035150287,0.14694389974546018,0.14678143780545216,1.0,0.9475,0.9475,8.923288508136007e-05,0.02202948841016402,0.022002115266998697,1.0,0.9425,0.9425,0.006142708322642482,0.19585873017412878,0.1957101771638248,1.0,0.955,0.955
normal,smooth,1.0,500,1.5775970541358277,1.648564675623258,2.652475283092834,2.6454753880483706,0.2066367812782475,0.37700634059593646,0.0,0.3842409370529813,0.3836076807945938,-0.005926078901126131,0.16617606759158726,0.16607398242273122,1.0,0.9575,0.9575,0.004791791250349387,0.17221925505604993,0.1720705796930944,1.0,0.95,0.95,0.004791881732377387,0.172219186348533,0.17207051361788123,1.0,0.95,0.95,-0.0018806941056593136,0.11407408246825325,0.11394692211975482,1.0,0.925,0.925,5.490661309962508e-05,0.01496215728039176,0.01494354375117008,1.0,0.95,0.95,-0.003433697460416379,0.13516518376964332,0.13503978345092388,1.0,0.945,0.945
normal,smooth,1.0,1000,1.5775970541358277,1.648564675623258,2.652475283092834,2.6454753880483706,0.2066367812782475,0.37700634059593646,0.0,0.3790557803777759,0.3827037257232948,-0.0022751191124726717,0.11192051330651927,0.11180367597947623,1.0,0.9575,0.9575,0.0044265639715766365,0.11619522738754784,0.11613428438264602,1.0,0.9625,0.9625,0.004426580094592408,0.11619524646447801,0.11613430403641416,1.0,0.9625,0.9625,0.000134868685207033,0.06977014179165272,0.06968300505485901,1.0,0.9575,0.9575,-0.0007153988267153544,0.010364497116493997,0.010376224696771151,1.0,0.955,0.955,0.0038460439998200748,0.08885951728310383,0.0888316713323875,1.0,0.965,0.965
normal,smooth,1.0,2000,1.5775970541358277,1.648564675623258,2.652475283092834,2.6454753880483706,0.2066367812782475,0.37700634059593646,0.0,0.37964079450238924,0.37895779569772975,-0.005181021450278256,0.0785559415534169,0.07862856571710268,1.0,0.96,0.96,-0.006339729658711755,0.08558456762551642,0.08571230128898083,1.0,0.95,0.95,-0.00633969630893061,0.08558455027108071,0.08571228153701108,1.0,0.95,0.95,-0.0034416628398864476,0.05262000354057363,0.05266676042611613,1.0,0.9325,0.9325,-0.00024976948341303204,0.007399008122672898,0.0073939734034702545,1.0,0.95,0.95,-0.006278761469243603,0.06674800367317814,0.06695954450230657,1.0,0.94,0.94
normal,smooth,1.0,4000,1.5775970541358277,1.648564675623258,2.652475283092834,2.6454753880483706,0.2066367812782475,0.37700634059593646,0.0,0.3770888440212525,0.37839883287523746,-0.001504811995084111,0.06173649636612057,0.06167763739999821,1.0,0.94,0.94,-0.0020169526617721993,0.0646310367034837,0.06458170078391766,1.0,0.9475,0.9475,-0.002016904986840189,0.06463101903867659,0.06458168166089182,1.0,0.9475,0.9475,0.003113244873728908,0.03821788334595196,0.03829683256576162,1.0,0.9275,0.9275,-6.420003112200645e-05,0.005278059128677085,0.005271848351327364,1.0,0.96,0.96,-1.471294220743824e-05,0.048202882034213454,0.04814259297424637,1.0,0.95,0.95
normal,smooth,1.0,8000,1.5775970541358277,1.648564675623258,2.652475283092834,2.6454753880483706,0.2066367812782475,0.37700634059593646,0.0,0.37820254604423176,0.37801225146585976,0.00222065834044433,0.03851556054976477,0.03853143011771591,1.0,0.965,0.965,0.003705227522227675,0.042683261941827526,0.04279059369605835,1.0,0.9675,0.9675,0.0037052598476124306,0.0426832582942585,0.042790592865794466,1.0,0.9675,0.9675,0.001346172025158167,0.024069159450780777,0.02407671706642665,1.0,0.98,0.98,-0.00019774000290408102,0.0038840249536173563,0.003884203499363802,1.0,0.94,0.94,0.0021853563363512683,0.03163155299952113,0.03166748394829373,1.0,0.965,0.965
normal,smooth,1.0,16000,1.5775970541358277,1.648564675623258,2.652475283092834,2.6454753880483706,0.2066367812782475,0.37700634059593646,0.0,0.3776145057488971,0.3775834230981936,0.0004488477448792383,0.025762336324322187,0.02573402790573903,1.0,0.9775,0.9775,0.0017167363911287092,0.029725336887169884,0.02973775122230544,1.0,0.97,0.97,0.0017167646667264713,0.029725343031016174,0.029737758980574232,1.0,0.97,0.97,-0.000542840358467892,0.017250537509497007,0.01723751047600634,1.0,0.955,0.955,-9.700854434520679e-05,0.0025636554465002796,0.0025622859096762793,1.0,0.955,0.955,0.0014605144266853242,0.022865184535398632,0.022883241129018288,1.0,0.965,0.965
normal,smooth,1.0,32000,1.5775970541358277,1.648564675623258,2.652475283092834,2.6454753880483706,0.2066367812782475,0.37700634059593646,0.0,0.37777410187437654,0.3771210176591795,0.0002961615981532206,0.02054308529889854,0.02051952775787122,1.0,0.9575,0.9575,0.0007228449627862521,0.02169340820006538,0.02167832913940907,1.0,0.95,0.95,0.0007228752766959307,0.021693414056633158,0.021678335996210732,1.0,0.95,0.95,0.0005453673199063708,0.012906133151349601,0.012901522303654175,1.0,0.945,0.945,-0.00021874587594640892,0.0018365179692780382,0.0018472184532685864,1.0,0.9475,0.9475,0.0006523002669644901,0.016653935260207975,0.016645890525602777,1.0,0.9575,0.9575
normal,smooth,0.6,125,1.5774848350668484,1.7194472152424296,5.020705799151173,4.99953440685145,0.16774778791208203,0.1991751837299579,0.0,0.29204032494688625,0.29697707334375084,-0.025971299815518458,0.5820067502391587,0.5818586908302945,1.0,0.9075,0.9075,0.0754053548118598,0.5176347902250282,0.522457538126768,1.0,0.8325,0.8325,0.07769658672384287,0.5096360655324217,0.5148945101490926,1.0,0.835,0.835,0.01373583566015156,0.27620426763981076,0.276200558743227,1.0,0.9625,0.9625,-5.681829077599676e-05,0.02962072896249531,0.029583734443560387,1.0,0.9325,0.9325,0.02995212302023706,0.26101619729565906,0.2624047661266447,1.0,0.955,0.955
normal,smooth,0.6,250,1.5774848350668484,1.7194472152424296,5.020705799151173,4.99953440685145,0.16774778791208203,0.1991751837299579,0.0,0.27491212871465515,0.26968765509906906,0.011228874353074167,0.36156896126311755,0.3612912551996723,1.0,0.8975,0.8975,0.046870704986236106,0.35847496866786316,0.361081577194723,1.0,0.8775,0.8775,0.047134940700604304,0.35801242808604067,0.36065796684982826,1.0,0.8775,0.8775,0.01343989036429991,0.2114755543177144,0.2116382194968669,1.0,0.96,0.96,-0.0004334187790960259,0.0221201200689752,0.022096703700423007,1.0,0.9425,0.9425,0.006104813533200086,0.1950075591823334,0.1948593005637164,1.0,0.965,0.965
normal,smooth,0.6,500,1.5774848350668484,1.7194472152424296,5.020705799151173,4.99953440685145,0.16774778791208203,0.1991751837299579,0.0,0.253763980975956,0.251869748887901,-0.001866251651314308,0.2617450009008471,0.26142427637476406,1.0,0.8975,0.8975,0.018258153547493897,0.28579403540482196,0.28601992110210445,1.0,0.8875,0.8875,0.02223116623664014,0.2774778787007434,0.2780210657262952,1.0,0.8875,0.8875,0.00989255841726294,0.1367314342752136,0.13691825706675723,1.0,0.955,0.955,0.0005904991514885993,0.015012946308054866,0.015005791372144478,1.0,0.95,0.95,0.009131932499001578,0.13804672329651307,0.1381761475781479,1.0,0.9475,0.9475
normal,smooth,0.6,1000,1.5774848350668484,1.7194472152424296,5.020705799151173,4.99953440685145,0.16774778791208203,0.1991751837299579,0.0,0.24033248266950202,0.24603006024422888,-0.004849517309415504,0.19050063797392217,0.19032415677978062,1.0,0.9,0.9,0.009094734166684923,0.21466654303255556,0.21459085389495708,1.0,0.91,0.91,0.014966195177281953,0.19476466661084998,0.19509594862456767,1.0,0.91,0.91,-0.004067961044193055,0.09843963641747748,0.09840063221350367,1.0,0.955,0.955,0.0005288823428803097,0.011098094241286218,0.011096823558190411,1.0,0.9475,0.9475,0.0012708660975467169,0.10034592808617841,0.10022847460131123,1.0,0.94,0.94
normal,smooth,0.6,2000,1.5774848350668484,1.7194472152424296,5.020705799151173,4.99953440685145,0.16774778791208203,0.1991751837299579,0.0,0.22813347885015792,0.23030805462616644,0.001350984213459596,0.12705679048538657,0.12690506135206472,1.0,0.93,0.93,0.006571015834276196,0.15016089112861034,0.15011695687220458,1.0,0.9225,0.9225,0.013106528403013764,0.14055035231761695,0.14098509360760003,1.0,0.9225,0.9225,0.0007158227603577577,0.06981478676281164,0.06973113789286865,1.0,0.955,0.955,-0.0009635999591185718,0.007332414457479835,0.007386366894694032,1.0,0.95,0.95,0.0023752211836108265,0.06918757373691631,0.06914184503159648,1.0,0.9525,0.9525
normal,smooth,0.6,4000,1.5774848350668484,1.7194472152424296,5.020705799151173,4.99953440685145,0.16774778791208203,0.1991751837299579,0.0,0.220956159784265,0.22170398107226105,0.00010844362620450965,0.08600882610022795,0.08590131623986601,1.0,0.9525,0.9525,0.006379843500936367,0.1017806313340094,0.10185333119520001,1.0,0.935,0.935,0.01100638857215468,0.0943435385809522,0.09486617997577922,1.0,0.9325,0.9325,0.0014353470821132342,0.053143854659091536,0.053096787436272545,1.0,0.9425,0.9425,-1.2496103190876017e-05,0.005353848895081712,0.0053471669974842016,1.0,0.9525,0.9525,0.002721937252038368,0.0478268381620269,0.047844507259029286,1.0,0.955,0.955
normal,smooth,0.6,8000,1.5774848350668484,1.7194472152424296,5.020705799151173,4.99953440685145,0.16774778791208203,0.1991751837299579,0.0,0.21469128845227176,0.21422914330444187,-9.452366323584483e-05,0.0656503175575036,0.0655682714400454,1.0,0.9375,0.9375,0.00026160578501647656,0.07750115038724344,0.07740465540362874,1.0,0.945,0.945,0.008065931826713266,0.07011187405513968,0.07048719708250673,1.0,0.945,0.945,-0.0012790614727235328,0.035438934398655274,0.03541771130924353,1.0,0.95,0.95,-0.00038503092933480867,0.003925125919795687,0.003939079304746318,1.0,0.9525,0.9525,-0.0003567192598153923,0.034172968994344466,0.03413209016444833,1.0,0.965,0.965
normal,smooth,0.6,16000,1.5774848350668484,1.7194472152424296,5.020705799151173,4.99953440685145,0.16774778791208203,0.1991751837299579,0.0,0.20996411697186956,0.21197313277471616,0.0008820980392154143,0.04553822903161956,0.045489823856865896,1.0,0.9575,0.9575,0.001090851175263598,0.054500176093104466,0.05444293781089078,1.0,0.95,0.95,0.008078920984201843,0.04620927520942489,0.046853258551149836,1.0,0.9475,0.9475,0.0006421282975411335,0.024747043382595337,0.024724430115578164,1.0,0.9575,0.9575,-0.00018474148524767254,0.0025860348616084275,0.0025893989227351584,1.0,0.9575,0.9575,-0.0006636967349607187,0.0228167075819004,0.022797831758124585,1.0,0.965,0.965
normal,smooth,0.6,32000,1.5774848350668484,1.7194472152424296,5.020705799151173,4.99953440685145,0.16774778791208203,0.1991751837299579,0.0,0.207750383127943,0.2076661641091779,-0.00025912406211309023,0.03290842792527975,0.03286828809386967,1.0,0.935,0.935,0.0002499731961665241,0.03966322589916399,0.039614404534273825,1.0,0.935,0.935,0.0068551147867979305,0.03420789684587708,0.03484605221315317,1.0,0.93,0.93,-0.0012390074099657882,0.0175316388856055,0.017553492685849922,1.0,0.9475,0.9475,6.295419158564186e-05,0.0019102209139077292,0.0019088700349470774,1.0,0.97,0.97,-0.001062300096558977,0.017468351826060734,0.017478813996532803,1.0,0.9575,0.9575
normal,smooth,0.4,125,1.5772629917180288,1.792349346865865,23.863025426982887,23.95314924163457,0.13104733221911397,0.04174816388075741,0.0,0.2387040179135434,0.2375077612238622,0.0399326726438128,0.660606600591638,0.6609876673492894,1.0,0.85,0.85,0.21911029689462413,0.6044207185196487,0.6421996700159688,1.0,0.69,0.69,0.2265112238273252,0.5917490514664666,0.6329287930576685,1.0,0.695,0.695,0.010989114980841758,0.43903366173121805,0.43862220690572773,1.0,0.9525,0.9525,0.00022342632626586644,0.031969127246695254,0.03192992254134628,1.0,0.9325,0.9325,0.017511390953890107,0.2940169654372024,0.29417088543587855,1.0,0.9275,0.9275
normal,smooth,0.4,250,1.5772629917180288,1.792349346865865,23.863025426982887,23.95314924163457,0.13104733221911397,0.04174816388075741,0.0,0.2062355546285044,0.20292107238729953,0.037816284241782766,0.593895754780226,0.5943571808945903,1.0,0.7925,0.7925,0.16676954458936966,0.5389895460226828,0.5635561528343729,1.0,0.7,0.7,0.1957862984577623,0.4668048989786699,0.5056622601499957,1.0,0.71,0.71,0.005401439787316695,0.3415542888641856,0.34116983961465847,1.0,0.96,0.96,-0.0003935943658038543,0.021637145074000927,0.021613665777946406,1.0,0.945,0.945,0.00972164855437121,0.21653371778862793,0.2164812792428746,1.0,0.9375,0.9375
normal,smooth,0.4,500,1.5772629917180288,1.792349346865865,23.863025426982887,23.95314924163457,0.13104733221911397,0.04174816388075741,0.0,0.17485075598939562,0.17379798781878442,0.033947673313177995,0.511610399649563,0.5120969464372832,1.0,0.835,0.835,0.11825696572219076,0.4192001804310267,0.43505652418627316,1.0,0.785,0.785,0.15466451873101297,0.3371669031253512,0.3705650146951652,1.0,0.7925,0.7925,0.018609201071006463,0.3075134802030128,0.3076921050657678,1.0,0.9475,0.9475,-0.0003801248844589078,0.015696832943303946,0.01568180738839283,1.0,0.9325,0.9325,0.009042380353338358,0.15746698902517978,0.15752976748389141,1.0,0.925,0.925
normal,smooth,0.4,1000,1.5772629917180288,1.792349346865865,23.863025426982887,23.95314924163457,0.13104733221911397,0.04174816388075741,0.0,0.14650281915306426,0.15162194112564514,0.032284356680056414,0.32868777440677716,0.32986033953495275,1.0,0.7975,0.7975,0.07838932886510623,0.3395940911364317,0.34811021709778056,1.0,0.7725,0.7725,0.12660037594813772,0.2491594005874282,0.27920039590595785,1.0,0.7675,0.7675,-0.0020412470715622483,0.19101284741267302,0.1907848521151837,1.0,0.9625,0.9625,0.0009356024549187531,0.010749271104871944,0.010776516791917035,1.0,0.9475,0.9475,0.002473668555628383,0.10656496576365593,0.10646041862829463,1.0,0.9525,0.9525
normal,smooth,0.4,2000,1.5772629917180288,1.792349346865865,23.863025426982887,23.95314924163457,0.13104733221911397,0.04174816388075741,0.0,0.12675577245126413,0.12010936722263496,-0.020713467124164078,0.3088066155161627,0.30911513986277767,1.0,0.845,0.845,0.011949120351487772,0.3018408061929569,0.3016999901883997,1.0,0.8325,0.8325,0.09058532678842007,0.18521942787162066,0.20597614497631178,1.0,0.815,0.815,-0.0050126408483680655,0.131267405254373,0.13119901074811877,1.0,0.9625,0.9625,0.0002671675304494098,0.007077972918894759,0.007074166726783622,1.0,0.9525,0.9525,-0.006894855266835523,0.07462863600341864,0.07485351533229441,1.0,0.9575,0.9575
normal,smooth,0.4,4000,1.5772629917180288,1.792349346865865,23.863025426982887,23.95314924163457,0.13104733221911397,0.04174816388075741,0.0,0.1088402005634883,0.11117781910859026,0.011113628327537952,0.2160286679538722,0.21604450270507283,1.0,0.815,0.815,0.02274171306100752,0.23177297067956826,0.23259750358878983,1.0,0.8575,0.8575,0.09846235537362089,0.13189970054956193,0.16446541461131775,1.0,0.8225,0.8225,0.003249196013407668,0.09306008500867914,0.0930004636977772,1.0,0.9675,0.9675,0.00028081467921706074,0.005266594240209725,0.005267497435960127,1.0,0.9475,0.9475,0.001692004182182557,0.04956202497067249,0.04952894317011118,1.0,0.9625,0.9625
normal,smooth,0.4,8000,1.5772629917180288,1.792349346865865,23.863025426982887,23.95314924163457,0.13104733221911397,0.04174816388075741,0.0,0.09757484615129274,0.0976295247603481,-0.00032528698420324965,0.1471122619260122,0.14692861660203313,1.0,0.8575,0.8575,0.013956801622207176,0.17194477708968328,0.17229592613878444,1.0,0.8375,0.8375,0.10149863240332335,0.09337780977313326,0.13783899738237126,1.0,0.735,0.735,-0.004192084435108154,0.06244366752558946,0.0625062969381671,1.0,0.9625,0.9625,-4.82992555546452e-05,0.0036763749138047624,0.0036720942245090844,1.0,0.965,0.965,0.0013382683275863384,0.034976879926276655,0.034958756216009065,1.0,0.965,0.965
normal,smooth,0.4,16000,1.5772629917180288,1.792349346865865,23.863025426982887,23.95314924163457,0.13104733221911397,0.04174816388075741,0.0,0.08487641437090958,0.08235629848716293,-0.0030491920657324508,0.11563449977829879,0.11553011195088346,1.0,0.9,0.9,0.001430674795381684,0.12456200736528877,0.12441443354789355,1.0,0.89,0.89,0.08822144722927686,0.06677715964550289,0.11059414464122075,1.0,0.7175,0.7175,0.00015046666366590577,0.04587781808728302,0.045820681980799714,1.0,0.9625,0.9625,0.00017701939600853255,0.0026124247925392928,0.002615155302270882,1.0,0.95,0.95,0.00048491899679234895,0.026573312197938622,0.026544504427463714,1.0,0.9475,0.9475
normal,smooth,0.4,32000,1.5772629917180288,1.792349346865865,23.863025426982887,23.95314924163457,0.13104733221911397,0.04174816388075741,0.0,0.07236774244804728,0.0765691257815812,0.0011960464022880075,0.0707729787843162,0.07069457558177064,1.0,0.905,0.905,0.00112009366611593,0.09161801712197333,0.0915102782125028,1.0,0.8925,0.8925,0.0914178739743252,0.046610283074322204,0.1025880834894257,1.0,0.47,0.47,0.0008138685121812611,0.03427198228642535,0.03423878984239324,1.0,0.9575,0.9575,8.595639447858294e-05,0.0019282825172773548,0.001927787925193836,1.0,0.9425,0.9425,-0.00028246992419643236,0.018691894983438748,0.01867065237169817,1.0,0.9425,0.9425
normal,smooth,0.3,125,1.5777013611248418,1.8448975290497172,246.35970156856365,267.2246327802739,0.10587270606796584,0.0037421699848391313,0.0,0.2220594068500803,0.23218010849974632,0.0714255237239389,1.0144058001077614,1.0156516060703473,1.0,0.78,0.78,0.4056845895138575,0.6819654031718021,0.7927762012475509,1.0,0.49,0.49,0.4362161076885693,0.6158699863909501,0.7540769809136277,1.0,0.5125,0.5125,-0.017107591152396757,0.6025501925791021,0.6020396477107699,1.0,0.9625,0.9625,0.0004500963909580896,0.03071924975209764,0.030684128003408785,1.0,0.9425,0.9425,0.0208548103439289,0.3098903578849011,0.3102045727253843,1.0,0.9425,0.9425
normal,smooth,0.3,250,1.5777013611248418,1.8448975290497172,246.35970156856365,267.2246327802739,0.10587270606796584,0.0037421699848391313,0.0,0.18409215208564753,0.17617957777679114,-0.1318191249055311,2.888168754076047,2.887566663616962,1.0,0.77,0.77,0.2908760372137092,0.5917883517040419,0.6587463765400964,1.0,0.6125,0.6125,0.3458681221093306,0.4723111935643434,0.5849315573626491,1.0,0.62,0.62,-0.0719456307815498,0.9944124125711556,0.9957710981688774,1.0,0.975,0.975,0.00020339989521305334,0.021344176303364715,0.02131844973095642,1.0,0.9475,0.9475,0.0021861115615882483,0.2206492990744928,0.22038415774022757,1.0,0.96,0.96
normal,smooth,0.3,500,1.5777013611248418,1.8448975290497172,246.35970156856365,267.2246327802739,0.10587270606796584,0.0037421699848391313,0.0,0.14014827285609063,0.1392432587692698,0.1316981967527161,0.4057581348847258,0.42611322426437986,1.0,0.735,0.735,0.26456577859887737,0.41853039223291727,0.49469669617373957,1.0,0.6425,0.6425,0.3147178471718751,0.33838913257152964,0.4618097664173049,1.0,0.6425,0.6425,0.029060424797184927,0.3753207545250236,0.37597608021612594,1.0,0.9575,0.9575,0.00042605689610237363,0.015493613304066246,0.015480098435139717,1.0,0.945,0.945,0.00037489256099473454,0.1521836067175691,0.15199372050389484,1.0,0.9475,0.9475
normal,smooth,0.3,1000,1.5777013611248418,1.8448975290497172,246.35970156856365,267.2246327802739,0.10587270606796584,0.0037421699848391313,0.0,0.11167837923307423,0.10817743833808972,0.061353888223389254,0.612189102896645,0.6144939857811983,1.0,0.71,0.71,0.19369857422992184,0.44782176103751425,0.4874034329929347,1.0,0.6125,0.6125,0.30215519439268007,0.2758266230485591,0.4088861536734819,1.0,0.6025,0.6025,0.024501650113192344,0.294910751420582,0.2955592178962838,1.0,0.9375,0.9375,-0.0004480596359784583,0.011295112656474487,0.01128987946946455,1.0,0.9475,0.9475,0.007215134706251371,0.10993920340742924,0.11003849346285509,1.0,0.945,0.945
normal,smooth,0.3,2000,1.5777013611248418,1.8448975290497172,246.35970156856365,267.2246327802739,0.10587270606796584,0.0037421699848391313,0.0,0.0855871763123947,0.08403058297344355,-0.004665997400106564,0.5073689391437738,0.5067558128315811,1.0,0.7775,0.7775,0.08554988119320744,0.38516443742793577,0.3940806350503691,1.0,0.7125,0.7125,0.24735568812945705,0.19152210203330497,0.3126881037525009,1.0,0.6625,0.6625,-0.007266447108634306,0.24942910277746458,0.24922307552205644,1.0,0.9475,0.9475,-0.0009578989628823121,0.00805083632347441,0.008097622862093388,1.0,0.92,0.92,-0.006513169010946008,0.07801906502626846,0.07819321224933352,1.0,0.9625,0.9625
normal,smooth,0.3,4000,1.5777013611248418,1.8448975290497172,246.35970156856365,267.2246327802739,0.10587270606796584,0.0037421699848391313,0.0,0.07009450119882152,0.06440957440879677,-0.02028615210270779,0.4383200107089887,0.43824154147637845,1.0,0.7775,0.7775,0.05680681153146238,0.3537622639573022,0.3578573513120369,1.0,0.7475,0.7475,0.2608392701615399,0.13510735644771893,0.29367582064289877,1.0,0.5125,0.5125,-0.0014322579831368726,0.18935356305163475,0.1891221464389583,1.0,0.965,0.965,-0.0008488994541477641,0.005185945894996955,0.0052485645677674145,1.0,0.955,0.955,0.00274867729932701,0.05443413921743423,0.05443549439894883,1.0,0.95,0.95
normal,smooth,0.3,8000,1.5777013611248418,1.8448975290497172,246.35970156856365,267.2246327802739,0.10587270606796584,0.0037421699848391313,0.0,0.05319614706032033,0.05539048787992929,0.026174045312225173,0.27205757749064036,0.2729750314669952,1.0,0.7475,0.7475,0.06542904406360535,0.27554103315535816,0.28286748418123037,1.0,0.7375,0.7375,0.2588175448160506,0.10003625498546319,0.2774324344508879,1.0,0.265,0.265,-0.004498154019558915,0.12739510752831545,0.12731525057187512,1.0,0.955,0.955,-0.0004042351791622245,0.0040181276708888295,0.004033409560742114,1.0,0.9325,0.9325,0.0006099480766337744,0.03758803279918601,0.03754597309758519,1.0,0.955,0.955
normal,smooth,0.3,16000,1.5777013611248418,1.8448975290497172,246.35970156856365,267.2246327802739,0.10587270606796584,0.0037421699848391313,0.0,0.04313661069681716,0.039484267440357976,0.005952610024828644,0.2081584598176225,0.2079833000477883,1.0,0.8,0.8,0.02975899505653854,0.21279302566537953,0.2146002501843192,1.0,0.795,0.795,0.24973561677307876,0.06958905012111176,0.2592265564945975,1.0,0.06,0.06,-0.00017566046631166233,0.09451911379619574,0.09440105440213886,1.0,0.975,0.975,-0.00027066336462623186,0.002685963446020774,0.002696223709417893,1.0,0.935,0.935,-0.0009708179635584991,0.028676096110457017,0.02865667774593202,1.0,0.93,0.93
normal,smooth,0.3,32000,1.5777013611248418,1.8448975290497172,246.35970156856365,267.2246327802739,0.10587270606796584,0.0037421699848391313,0.0,0.033742117530441006,0.03473309862150922,0.002809153317814414,0.21039279780185147,0.21014841870886516,1.0,0.7725,0.7725,0.017618989210014636,0.2140961078368361,0.214552975540279,1.0,0.8075,0.8075,0.25042094716330626,0.04615047507411142,0.25462755636784423,1.0,0.0075,0.0075,-0.001694905554544739,0.06928086673290587,0.06921496661751224,1.0,0.955,0.955,-0.0003379764863916457,0.0019861803393590623,0.00201228183040025,1.0,0.9175,0.9175,-0.0005726730725733126,0.0191402059567743,0.01912484169360938,1.0,0.9625,0.9625
normal,smooth,0.22,125,1.5774261128135452,1.8951365693629425,17795.389946714724,22846.25366889224,0.08177018579377217,4.37708525210684e-05,0.0,0.2184674409808926,0.2212076741344974,0.17629450755139048,1.1486892773997468,1.160718782378362,1.0,0.8225,0.8225,0.6470122012529705,0.6292833424962617,0.9020156982562021,1.0,0.4125,0.4125,0.6698697072239445,0.583928885538554,0.8881699925488223,1.0,0.42,0.42,0.051233237223826104,1.1925162105696647,1.19212605029279,1.0,0.9625,0.9625,-0.000458439989190676,0.029830147675519163,0.029796363591739043,1.0,0.945,0.945,0.02858440152187204,0.3411132379906534,0.3418836257266507,1.0,0.92,0.92
normal,smooth,0.22,250,1.5774261128135452,1.8951365693629425,17795.389946714724,22846.25366889224,0.08177018579377217,4.37708525210684e-05,0.0,0.17664689231192807,0.17294520318937373,0.013266379212487873,2.5461656393164516,2.5430155447806593,1.0,0.7425,0.7425,0.5361057865780157,0.5924659304711057,0.7984658749592893,1.0,0.4175,0.4175,0.600376038630402,0.4604899464344247,0.7562884707912685,1.0,0.435,0.435,-0.022083685582391235,2.071074704612757,2.068602123458134,1.0,0.965,0.965,-0.0005201395935153102,0.022263852138374104,0.022242087569651122,1.0,0.9425,0.9425,0.0173790024896998,0.24113674931754628,0.2414613722094935,1.0,0.9325,0.9325
normal,smooth,0.22,500,1.5774261128135452,1.8951365693629425,17795.389946714724,22846.25366889224,0.08177018579377217,4.37708525210684e-05,0.0,0.13289585228324063,0.13215059399919146,0.08474685388167419,1.1348806838243342,1.1366249646845419,1.0,0.6225,0.6225,0.43036980723121404,0.6251499339148283,0.7583228730232672,1.0,0.4475,0.4475,0.5495931952113812,0.37712811583002853,0.6662752673878785,1.0,0.4525,0.4525,-0.01196334630401664,0.7173820383376863,0.716584620342915,1.0,0.965,0.965,-5.858618389194992e-05,0.01459151493676057,0.014573381890291476,1.0,0.96,0.96,0.009582145424135033,0.17656425024299754,0.1766035521688096,1.0,0.94,0.94
normal,smooth,0.22,1000,1.5774261128135452,1.8951365693629425,17795.389946714724,22846.25366889224,0.08177018579377217,4.37708525210684e-05,0.0,0.09389221925295158,0.08775977787460874,0.024195991188053753,1.7553935100016977,1.7533648522222247,1.0,0.6175,0.6175,0.32506450223569217,0.546537433254243,0.6353135750532993,1.0,0.5,0.5,0.5065858034669594,0.2811527511371091,0.5792049970196649,1.0,0.4425,0.4425,0.02453696547053194,0.58782550294463,0.5876027889074633,1.0,0.9725,0.9725,0.00022070788623407611,0.010507072335314368,0.010496250978703093,1.0,0.96,0.96,-0.002567322556412352,0.11304118575345873,0.1129289823183812,1.0,0.965,0.965
normal,smooth,0.22,2000,1.5774261128135452,1.8951365693629425,17795.389946714724,22846.25366889224,0.08177018579377217,4.37708525210684e-05,0.0,0.06641999033219474,0.0666627219581638,-0.16470457058193766,2.5412771215431897,2.543437001486025,1.0,0.6025,0.6025,0.23221300675219148,0.6101609964336475,0.6521415344615559,1.0,0.5075,0.5075,0.5059652479513577,0.18979571239137968,0.5403084198358608,1.0,0.27,0.27,-0.03637267412757184,1.4032889349468631,1.4020056193825088,1.0,0.9525,0.9525,0.0002721555032372813,0.007809698127587768,0.007804676482717277,1.0,0.9375,0.9375,0.0004765579572761108,0.08806555634326253,0.08795669653869378,1.0,0.9425,0.9425
normal,smooth,0.22,4000,1.5774261128135452,1.8951365693629425,17795.389946714724,22846.25366889224,0.08177018579377217,4.37708525210684e-05,0.0,0.047444884225290036,0.047603728373180935,0.06032683315055019,0.61370389834682,0.6158978977533073,1.0,0.615,0.615,0.20355079734833076,0.4478257802124351,0.4914056233911658,1.0,0.545,0.545,0.49762452434261406,0.13709151295531177,0.516117491414773,1.0,0.0875,0.0875,0.05155166257163675,0.5390899974021218,0.5408780399957758,1.0,0.9675,0.9675,0.0002508253723042292,0.00520438825696659,0.005203927012729922,1.0,0.9525,0.9525,5.7031421684210496e-05,0.06374826698050459,0.06366855732418637,1.0,0.925,0.925
normal,smooth,0.22,8000,1.5774261128135452,1.8951365693629425,17795.389946714724,22846.25366889224,0.08177018579377217,4.37708525210684e-05,0.0,0.03481890266952838,0.032352084516186125,-0.03690027621304144,1.4763127313593802,1.4749278500850331,1.0,0.64,0.64,0.14910543887347594,0.4192198161577986,0.4444528355465649,1.0,0.59,0.59,0.4944893831736455,0.09790583974474555,0.5040648169074449,1.0,0.005,0.005,-0.01929363187904987,0.23986003022898328,0.240335694908766,1.0,0.975,0.975,-0.0001253839848440308,0.0037830727207876125,0.003780420777690737,1.0,0.945,0.945,-0.0014153898627698564,0.04161369286347236,0.041585736901186485,1.0,0.965,0.965
normal,smooth,0.22,16000,1.5774261128135452,1.8951365693629425,17795.389946714724,22846.25366889224,0.08177018579377217,4.37708525210684e-05,0.0,0.023764844839617515,0.02311506562302013,-0.16990014241622864,3.5638775328294607,3.563472473546995,1.0,0.66,0.66,0.09474221239513554,0.4145918064550964,0.42477374786381966,1.0,0.6325,0.6325,0.49630729575067956,0.07374430450240853,0.5017425223217383,1.0,0.0,0.0,-0.06837897805307577,1.1562083717916316,1.1567849580380687,1.0,0.9675,0.9675,-0.00029638235331629905,0.0026245031776849642,0.002637923309482591,1.0,0.965,0.965,0.0010415708925689022,0.030915441369987664,0.030894335625444976,1.0,0.935,0.935
normal,smooth,0.22,32000,1.5774261128135452,1.8951365693629425,17795.389946714724,22846.25366889224,0.08177018579377217,4.37708525210684e-05,0.0,0.01680979194638848,0.01651949838811106,0.02129379818129568,0.3745279391207887,0.3746650838817193,1.0,0.65,0.65,0.08282871314654028,0.3333092009794757,0.3430420989039748,1.0,0.6275,0.6275,0.4915056350600171,0.047942071533146786,0.49383244669936666,1.0,0.0,0.0,-0.0056445859316629,0.1711078656381758,0.17098704126156405,1.0,0.9825,0.9825,4.3223580186426134e-05,0.0018877807209814511,0.001885914907483131,1.0,0.9525,0.9525,-0.0010838581797984804,0.021009465823604672,0.021011161524571786,1.0,0.9375,0.9375
normal,smooth,0.15,125,1.5772202488619251,1.9409629185537702,32030307305.71646,441856493.47642523,0.05776273965751415,3.1220431026633626e-11,0.0,0.25392950271680803,0.2417571351342525,0.20927545922488824,1.6674508006867723,1.6784628116562392,1.0,0.855,0.855,0.9094247007084785,0.5691883938651116,1.0724825291817923,1.0,0.2525,0.2525,0.9340324903949226,0.5220007239557599,1.0696823065911452,1.0,0.265,0.265,0.017020610091446963,1.0490305579130457,1.0478566933625286,1.0,0.955,0.955,0.0003169402030687951,0.03183089065197415,0.03179265696337774,1.0,0.9225,0.9225,0.0008119537729109794,0.39955502636435486,0.3990560960744956,1.0,0.915,0.915
normal,smooth,0.15,250,1.5772202488619251,1.9409629185537702,32030307305.71646,441856493.47642523,0.05776273965751415,3.1220431026633626e-11,0.0,0.19990612130921978,0.18349392009291168,0.19217755737097897,1.856973371289704,1.864580767889106,1.0,0.765,0.765,0.8389192695448616,0.5133153406024299,0.9831680670741032,1.0,0.245,0.245,0.8893160664524419,0.40758635930958664,0.9780564348466552,1.0,0.245,0.245,-0.011823782633876472,0.9953048121382545,0.9941302186980714,1.0,0.98,0.98,0.000771116788058509,0.02146376165708586,0.021450779773981042,1.0,0.9325,0.9325,-0.005802291657573661,0.28568668351646304,0.2853883416053793,1.0,0.925,0.925
normal,smooth,0.15,500,1.5772202488619251,1.9409629185537702,32030307305.71646,441856493.47642523,0.05776273965751415,3.1220431026633626e-11,0.0,0.13285048142349185,0.1305481067468718,0.1299501603471629,2.095927476732238,2.0973356316827583,1.0,0.66,0.66,0.6877744666378882,0.565043033254012,0.8896680067948683,1.0,0.305,0.305,0.8128429379986941,0.34627957821302724,0.8833591649357709,1.0,0.2775,0.2775,-0.03361292973914794,0.6770589896803109,0.677047031131372,1.0,0.9775,0.9775,0.00037609535690873494,0.015518798894959813,0.015503950595310819,1.0,0.94,0.94,-0.0007771135731220852,0.19179124027602076,0.19155292754876735,1.0,0.935,0.935
normal,smooth,0.15,1000,1.5772202488619251,1.9409629185537702,32030307305.71646,441856493.47642523,0.05776273965751415,3.1220431026633626e-11,0.0,0.09321379620049243,0.09657440363576418,0.07348911976636119,2.429001497303444,2.427076184206349,1.0,0.545,0.545,0.640230318321376,0.5415503691951841,0.8381160247050476,1.0,0.325,0.325,0.8186506839186444,0.2549989002367529,0.857351048465337,1.0,0.1675,0.1675,-0.11666442935309447,1.751623754109286,1.7533185393978734,1.0,0.9725,0.9725,0.0003515628127462733,0.009890818201188454,0.009884700824432902,1.0,0.965,0.965,0.0006589534694661797,0.14235310895742798,0.1421765832704024,1.0,0.9425,0.9425
normal,smooth,0.15,2000,1.5772202488619251,1.9409629185537702,32030307305.71646,441856493.47642523,0.05776273965751415,3.1220431026633626e-11,0.0,0.0651640796844345,0.0611491102619369,0.18610601392823778,0.831638516260001,0.8511927006225296,1.0,0.515,0.515,0.5520521415623075,0.5015227860449508,0.7454246166873709,1.0,0.345,0.345,0.8139803904269616,0.17080150183839088,0.831663571492285,1.0,0.0175,0.0175,0.0032503295065501904,0.6006676184664284,0.5999251191159998,1.0,0.97,0.97,0.0003116956794455777,0.007226999134705864,0.007224686629770994,1.0,0.9625,0.9625,0.0031666145943134434,0.09515103317947772,0.09508476358136031,1.0,0.95,0.95
normal,smooth,0.15,4000,1.5772202488619251,1.9409629185537702,32030307305.71646,441856493.47642523,0.05776273965751415,3.1220431026633626e-11,0.0,0.042871317295481576,0.039412887996682154,0.06127582833776989,1.9171717983128247,1.915754045310591,1.0,0.48,0.48,0.47837857720379906,0.4926492727683721,0.6862525852933737,1.0,0.36,0.36,0.7979990026280765,0.11691159535666201,0.8064964714872735,1.0,0.0,0.0,-0.040942019489316125,0.9349349089611352,0.9346626529096175,1.0,0.9775,0.9775,0.00015498867820086637,0.0049380833272212234,0.004934341574068848,1.0,0.97,0.97,-0.0019467737927629947,0.06385028724371634,0.06380013292582165,1.0,0.965,0.965
normal,smooth,0.15,8000,1.5772202488619251,1.9409629185537702,32030307305.71646,441856493.47642523,0.05776273965751415,3.1220431026633626e-11,0.0,0.026280227142478997,0.027475608431619055,0.06922091405456322,1.2818501946249174,1.2821168459227255,1.0,0.47,0.47,0.4111281685436468,0.4860331762916024,0.636132100121521,1.0,0.36,0.36,0.7986434709838488,0.08796053243539233,0.8034607061787662,1.0,0.0,0.0,-0.03137446261509403,0.5029759220042417,0.5033256133708207,1.0,0.99,0.99,7.203813416506055e-05,0.0038667392110239016,0.0038625745867916328,1.0,0.9575,0.9575,-0.0024801899600276262,0.04996164915027467,0.049960757721319894,1.0,0.93,0.93
normal,smooth,0.15,16000,1.5772202488619251,1.9409629185537702,32030307305.71646,441856493.47642523,0.05776273965751415,3.1220431026633626e-11,0.0,0.0173098828720879,0.018978680612015967,0.15135046502911834,0.6211180532895763,0.6385374932581936,1.0,0.415,0.415,0.36671752783209555,0.4732796412397017,0.5982602945075284,1.0,0.3525,0.3525,0.8008296438785751,0.058702564614806454,0.8029729102711435,1.0,0.0,0.0,0.016228855759760373,0.4990861414402791,0.49872601184976606,1.0,0.9725,0.9725,0.00011685242279369956,0.0027472900198667145,0.0027463408265979775,1.0,0.94,0.94,0.00022311204741801426,0.03307055078304514,0.03302994027782878,1.0,0.955,0.955
normal,smooth,0.15,32000,1.5772202488619251,1.9409629185537702,32030307305.71646,441856493.47642523,0.05776273965751415,3.1220431026633626e-11,0.0,0.01061186423684941,0.011740145241765018,0.10656037411660453,1.0073265994304217,1.0116942344686597,1.0,0.415,0.415,0.3230851411109664,0.4095600851016281,0.5212524561638773,1.0,0.375,0.375,0.7983805673495623,0.044696873925247085,0.7996276297963645,1.0,0.0,0.0,0.012145030286833771,0.34333464712096207,0.3431202194196073,1.0,0.975,0.975,0.00027022701314808717,0.0018402126290683453,0.0018576703697150124,1.0,0.9475,0.9475,8.739230040195222e-05,0.024192993172981344,0.024162891047749678,1.0,0.96,0.96
normal,smooth,0.11,125,1.5769531311182623,1.9651026873381354,1112176207072041.1,inf,0.043001989789411964,0.0,0.0,0.2615959733145903,0.2779347932374371,0.2351020790940035,1.7557784864463057,1.7692722192552321,1.0,0.8875,0.8875,1.085315167091332,0.5700996163727176,1.2256059932030907,1.0,0.165,0.165,1.1196695152731002,0.48898518287387965,1.2215435179433538,1.0,0.1775,0.1775,0.03719441570851554,2.215502228328171,2.2130437010998385,1.0,0.9675,0.9675,-0.0004156275652390834,0.02972285454778609,0.029688587176483542,1.0,0.9525,0.9525,0.03158684132743858,0.43932125093326485,0.4399072426805559,1.0,0.9075,0.9075
normal,smooth,0.11,250,1.5769531311182623,1.9651026873381354,1112176207072041.1,inf,0.043001989789411964,0.0,0.0,0.22953188774817562,0.2189365942131276,-0.3584622266714964,10.910209376929712,10.902354489594305,0.9925,0.7707808564231738,0.765,1.0276891102470629,0.5447127164700888,1.1628024189674495,0.9925,0.12594458438287154,0.125,1.083470634781599,0.3978351868611244,1.1540302293480462,1.0,0.1325,0.1325,-0.4808205330433145,6.858675246259532,6.866885921681363,0.9925,0.9748110831234257,0.9675,0.0010498891760415269,0.020963543879519545,0.020963629548352052,1.0,0.9525,0.9525,0.01863418374185331,0.3180630903379586,0.31821133216067155,1.0,0.9225,0.9225
normal,smooth,0.11,500,1.5769531311182623,1.9651026873381354,1112176207072041.1,inf,0.043001989789411964,0.0,0.0,0.16766503730159588,0.15809071015981807,0.8029663090059136,11.728549385333123,11.741145233240355,0.985,0.631979695431472,0.6225,0.9832115306511544,0.44999971850477805,1.0810599899690636,0.985,0.14974619289340102,0.1475,1.0628826774542994,0.2848736359428203,1.1003043633543241,1.0,0.095,0.095,1.0522068497642032,14.961788302083855,14.979789326804255,0.985,0.9746192893401016,0.96,0.0004312185142463304,0.015057176983356884,0.015044524973171826,1.0,0.9525,0.9525,0.01531840639976541,0.2161233464170065,0.21639588995391654,1.0,0.9375,0.9375
normal,smooth,0.11,1000,1.5769531311182623,1.9651026873381354,1112176207072041.1,inf,0.043001989789411964,0.0,0.0,0.11084551310405004,0.11560258287793516,0.19216531599873649,3.7764754671318386,3.7765476832638827,0.98,0.5331632653061225,0.5225,0.8638910646103316,0.4926325519437828,0.9941707618356838,0.98,0.1913265306122449,0.1875,1.010081215221219,0.22194943987063775,1.0341191717191096,1.0,0.0575,0.0575,-0.1062276768090562,2.407888357231667,2.407160159148415,0.98,0.9744897959183674,0.955,0.0008907046685985576,0.010517180935059876,0.010541722909012466,1.0,0.9425,0.9425,-0.003399437525189845,0.15442425754813333,0.15426856571084616,1.0,0.955,0.955
normal,smooth,0.11,2000,1.5769531311182623,1.9651026873381354,1112176207072041.1,inf,0.043001989789411964,0.0,0.0,0.07403216931619477,0.07160504983941951,0.2489046983266285,1.2004547034793227,1.2244232739572298,0.94,0.45478723404255317,0.4275,0.8180617910647897,0.44577207506826844,0.9313481333922742,0.94,0.18617021276595744,0.175,1.009983632841934,0.15936019554613534,1.0224476130116797,1.0,0.0,0.0,0.023767167283428238,0.8298050812177452,0.8290416338453968,0.94,0.973404255319149,0.915,0.0005292143773333007,0.0074161516464133995,0.007425757526116104,1.0,0.96,0.96,0.0008579628228040348,0.10809739467916901,0.10796559739004037,1.0,0.96,0.96
normal,smooth,0.11,4000,1.5769531311182623,1.9651026873381354,1112176207072041.1,inf,0.043001989789411964,0.0,0.0,0.04993157407031932,0.04846570774255588,0.21886879334536055,1.7241356369295031,1.735588343668437,0.8975,0.41225626740947074,0.37,0.758409189500216,0.49200911115416174,0.9036499135302115,0.8975,0.16991643454038996,0.1525,1.0132225626600502,0.1130190540156735,1.0194907232474313,1.0,0.0,0.0,-0.02450008520507207,1.6025987135478454,1.6005526510515902,0.8975,0.9805013927576601,0.88,0.000469834057528849,0.0053605702404862544,0.0053744411859785865,1.0,0.9475,0.9475,0.0010636485008098206,0.08075686830938036,0.08066287217688216,1.0,0.94,0.94
normal,smooth,0.11,8000,1.5769531311182623,1.9651026873381354,1112176207072041.1,inf,0.043001989789411964,0.0,0.0,0.028196978081884795,0.03141368984870141,-0.001763474925105823,3.9841515025371073,3.977862779008843,0.7925,0.3312302839116719,0.2625,0.6895861316126376,0.4448319027915598,0.8202318220885855,0.7925,0.1829652996845426,0.145,1.0059290998042476,0.08418981750224794,1.0094372488622647,1.0,0.0,0.0,-0.0907714467816436,2.20377368813416,2.202166515291502,0.7925,0.9842271293375394,0.78,0.00034058412709319974,0.0035283560852988104,0.00354036311282209,1.0,0.9725,0.9725,0.002067563300339111,0.05681128532848817,0.056777884368159726,1.0,0.945,0.945
normal,smooth,0.11,16000,1.5769531311182623,1.9651026873381354,1112176207072041.1,inf,0.043001989789411964,0.0,0.0,0.017941608229136582,0.017700800736378336,0.2524106910241604,0.5368699711178704,0.5922885796200811,0.635,0.38188976377952755,0.2425,0.6319312788675505,0.3802946925965386,0.7371511435194181,0.635,0.2677165354330709,0.17,1.0047515881915492,0.05767504223934037,1.006401435036987,1.0,0.0,0.0,-0.0009671163316814117,0.38683564506251933,0.3860746179120236,0.635,0.9724409448818898,0.6175,0.0005488021446283353,0.0028604338142899357,0.002909090956960112,1.0,0.9275,0.9275,-0.0007987201780173808,0.03739322225501599,0.03735499152535392,1.0,0.9725,0.9725
normal,smooth,0.11,32000,1.5769531311182623,1.9651026873381354,1112176207072041.1,inf,0.043001989789411964,0.0,0.0,0.011908610209750758,0.010647692586345516,0.20541251385433165,0.6337036182290017,0.664439487215796,0.4375,0.32,0.14,0.6154090169416958,0.42976206927594846,0.7499121894121903,0.4375,0.17142857142857143,0.075,1.0053374430597102,0.042238634640837665,1.0062221506300273,1.0,0.0,0.0,-0.007943573613362028,0.3745708261807872,0.3735835529339987,0.4375,0.9657142857142857,0.4225,0.0003950737539869398,0.0019015185314302824,0.0019397980731634618,1.0,0.94,0.94,0.0002633466662399614,0.02755090143202634,0.027517701407631375,1.0,0.955,0.955
normal,smooth,0.08,125,1.5774733809335,1.9804475892400473,7.7936092059282e+20,inf,0.03159982580990036,0.0,0.0,0.31494807730470886,0.32005994597539095,0.3277178513022259,1.277406573197586,1.3168519059535522,0.805,0.9037267080745341,0.7275,1.293753739167946,0.4184044527120588,1.359528356440024,0.805,0.08385093167701864,0.0675,1.3106685517045815,0.39754681685863874,1.3694891074202944,1.0,0.0775,0.0775,0.059013824971200064,0.8673022254715866,0.8679629693492183,0.805,0.9627329192546584,0.775,0.0010955035938334245,0.030411380950859893,0.030393092788232004,1.0,0.9525,0.9525,0.08931724730063807,0.5359140247398042,0.5426448221197699,1.0,0.87,0.87
normal,smooth,0.08,250,1.5774733809335,1.9804475892400473,7.7936092059282e+20,inf,0.03159982580990036,0.0,0.0,0.2532599196549348,0.25357953891147295,0.31847614267255564,1.271471934298559,1.3084733350969513,0.6775,0.7970479704797048,0.54,1.2428954584115766,0.3670539714082224,1.295770267020735,0.6775,0.07011070110701106,0.0475,1.2526071865064574,0.31695581817443796,1.2919886229706374,1.0,0.075,0.075,-0.09591408226496614,2.790623354393588,2.7871206942781757,0.6775,0.940959409594096,0.6375,-0.0007496964542034473,0.021330950551257305,0.021317456991045605,1.0,0.9375,0.9375,0.043995483680781114,0.37658497755013526,0.3786783691834677,1.0,0.9025,0.9025
normal,smooth,0.08,500,1.5774733809335,1.9804475892400473,7.7936092059282e+20,inf,0.03159982580990036,0.0,0.0,0.18733010559923044,0.19262758134596447,0.7970221794742293,6.232415163102134,6.2655841118939914,0.44,0.7386363636363636,0.325,1.1356163714063388,0.4976865441004783,1.2393179974750546,0.44,0.11363636363636363,0.05,1.1997150658599767,0.2970349307630509,1.2358500778693122,1.0,0.0925,0.0925,0.17280174601600817,2.904056006526405,2.9009453432002266,0.44,0.9659090909090909,0.425,-0.0004180496814161988,0.01507813640711858,0.015065078411811464,1.0,0.96,0.96,0.020870691076912765,0.2664480999414655,0.2669319936492047,1.0,0.925,0.925
normal,smooth,0.08,1000,1.5774733809335,1.9804475892400473,7.7936092059282e+20,inf,0.03159982580990036,0.0,0.0,0.14428594945159604,0.14356735378636432,0.4302771585369867,0.7836847223567973,0.8897320694531701,0.2,0.6,0.12,1.0912564118697865,0.378179929855657,1.1541546105486606,0.2,0.1125,0.0225,1.1807652115905791,0.21151510891487932,1.199513767990418,1.0,0.0225,0.0225,0.17635854937449255,0.9639440116692899,0.9739997663501493,0.2,0.975,0.195,-0.0003205399448360874,0.010986999290991218,0.010977937597423592,1.0,0.95,0.95,0.010034016083416595,0.1813483780170333,0.18139927674234962,1.0,0.9275,0.9275
normal,smooth,0.08,2000,1.5774733809335,1.9804475892400473,7.7936092059282e+20,inf,0.03159982580990036,0.0,0.0,0.098553573037556,0.09553792781900515,0.2698356707048154,0.3996147664685358,0.47383399275002935,0.05,0.5,0.025,1.0397598396689338,0.35799235651273337,1.096745697572518,0.05,0.15,0.0075,1.1787838197956078,0.15355345257502895,1.1887182214270298,1.0,0.0,0.0,0.15395169897804592,0.5650213896033675,0.571828503829672,0.05,0.95,0.0475,-0.0007237660334949408,0.0076696899642613395,0.007694213478891938,1.0,0.9525,0.9525,-0.005896779722688221,0.1324371259051823,0.13240285249316935,1.0,0.945,0.945
normal,smooth,0.08,4000,1.5774733809335,1.9804475892400473,7.7936092059282e+20,inf,0.03159982580990036,0.0,0.0,0.06071531332631173,0.06778611556937379,,,,0.0,,0.0,,,,0.0,,0.0,1.1653700167340653,0.10463790446321639,1.1700465778017484,1.0,0.0,0.0,,,,0.0,,0.0,0.00036321033482906496,0.005098014096972581,0.005104575899222723,1.0,0.9625,0.9625,-0.0024077667883015213,0.08748225502393238,0.08740600335571355,1.0,0.955,0.955
normal,smooth,0.08,8000,1.5774733809335,1.9804475892400473,7.7936092059282e+20,inf,0.03159982580990036,0.0,0.0,0.033846667907735044,0.037856967778334166,,,,0.0,,0.0,,,,0.0,,0.0,1.1697802245265898,0.07545296646209801,1.1722050549993546,1.0,0.0,0.0,,,,0.0,,0.0,-0.0003649300947948675,0.003851668254598844,0.00386412136801017,1.0,0.9475,0.9475,0.0038116707799149122,0.06611946652318973,0.06614667964314147,1.0,0.94,0.94
normal,smooth,0.08,16000,1.5774733809335,1.9804475892400473,7.7936092059282e+20,inf,0.03159982580990036,0.0,0.0,0.02116880368829794,0.020176732067911592,,,,0.0,,0.0,,,,0.0,,0.0,1.1633925069819557,0.053490176492728025,1.1646184659730972,1.0,0.0,0.0,,,,0.0,,0.0,2.9941882448127344e-05,0.002798926425362262,0.0027955859275077253,1.0,0.9375,0.9375,-0.0015203198302546617,0.045195229728683166,0.045164296082626385,1.0,0.9375,0.9375
normal,smooth,0.08,32000,1.5774733809335,1.9804475892400473,7.7936092059282e+20,inf,0.03159982580990036,0.0,0.0,0.01136759732873242,0.011906580548962707,,,,0.0,,0.0,,,,0.0,,0.0,1.1641023626007807,0.03781090572289691,1.164714729469335,1.0,0.0,0.0,,,,0.0,,0.0,-8.238529055377697e-05,0.0017495257194888553,0.0017492785594766618,1.0,0.96,0.96,-0.0026717050425997687,0.030482445851097835,0.030561324646309125,1.0,0.9525,0.9525
normal,smooth,0.06,125,1.5774356840214703,1.9886450332984196,2.7276444231686673e+29,inf,0.02376210603752454,0.0,0.0,0.33274180700052164,0.3379670249046747,0.34590965329552364,0.9077968420276512,0.9652095880979017,0.17,0.9705882352941176,0.165,1.3127286082744176,0.5334852138799892,1.4155131518624409,0.17,0.058823529411764705,0.01,1.3423875500398992,0.37274022175071414,1.3930514237567175,1.0,0.07,0.07,-0.08601706308936224,0.6772764062595394,0.6777585325213369,0.17,0.9705882352941176,0.165,-0.0003138239575124002,0.03114083041286816,0.031103463247399245,1.0,0.925,0.925,-0.013059883398627006,0.6225925422423675,0.6219509470416942,1.0,0.865,0.865
normal,smooth,0.06,250,1.5774356840214703,1.9886450332984196,2.7276444231686673e+29,inf,0.02376210603752454,0.0,0.0,0.2877450546759567,0.29214618529703534,0.0871613651586515,0.20306424134333975,0.21506974870177414,0.04,0.8125,0.0325,1.2851052361599895,0.3012385352611364,1.3177892783699163,0.04,0.0625,0.0025,1.330499530602978,0.30049063034883683,1.36392737464825,1.0,0.0475,0.0475,-0.01624719386679968,0.1813118909135692,0.17630470210273325,0.04,1.0,0.04,-0.000798412353863241,0.02101523108069874,0.021004125780868146,1.0,0.955,0.955,0.002662544263367028,0.4095021483640054,0.40899861690830136,1.0,0.905,0.905
normal,smooth,0.06,500,1.5774356840214703,1.9886450332984196,2.7276444231686673e+29,inf,0.02376210603752454,0.0,0.0,0.22267977019004057,0.2181741807057319,0.4183991200398556,,0.4183991200398556,0.0025,1.0,0.0025,1.3731933752898986,,1.3731933752898986,0.0025,0.0,0.0,1.2889509784126774,0.2537324244782187,1.3136262092484736,1.0,0.0375,0.0375,0.18062469333152253,,0.18062469333152253,0.0025,1.0,0.0025,-0.0012900739438141578,0.016018345111969142,0.01605023995011721,1.0,0.93,0.93,0.005265673809151684,0.29390526852223947,0.29358488281693124,1.0,0.93,0.93
normal,smooth,0.06,1000,1.5774356840214703,1.9886450332984196,2.7276444231686673e+29,inf,0.02376210603752454,0.0,0.0,0.16761420669353072,0.16563834309375905,,,,0.0,,0.0,,,,0.0,,0.0,1.2787621566368594,0.1860249431019279,1.2921886160711937,1.0,0.0025,0.0025,,,,0.0,,0.0,-3.220160441370745e-05,0.011244688004821665,0.011230669514694688,1.0,0.9325,0.9325,-0.008835323355225739,0.18782649451630273,0.18779951544391266,1.0,0.9625,0.9625
normal,smooth,0.06,2000,1.5774356840214703,1.9886450332984196,2.7276444231686673e+29,inf,0.02376210603752454,0.0,0.0,0.11953817334291511,0.11839571236926318,,,,0.0,,0.0,,,,0.0,,0.0,1.28226288347706,0.14683963899580185,1.2906223604232072,1.0,0.0,0.0,,,,0.0,,0.0,0.00019334076149502666,0.00757835826131533,0.0075713483476894435,1.0,0.9425,0.9425,-0.00414781737814225,0.14786378674224843,0.1477370791987751,1.0,0.9525,0.9525
normal,smooth,0.06,4000,1.5774356840214703,1.9886450332984196,2.7276444231686673e+29,inf,0.02376210603752454,0.0,0.0,0.0851807865855708,0.07701443338282933,,,,0.0,,0.0,,,,0.0,,0.0,1.277567255439378,0.09686592979130075,1.281225055563757,1.0,0.0,0.0,,,,0.0,,0.0,-0.00016096853441313397,0.005153496898093598,0.005149567440284165,1.0,0.9525,0.9525,0.0053073446833758805,0.10670830786940283,0.10670690801685961,1.0,0.93,0.93
normal,smooth,0.06,8000,1.5774356840214703,1.9886450332984196,2.7276444231686673e+29,inf,0.02376210603752454,0.0,0.0,0.05051029255989459,0.04638869643668522,,,,0.0,,0.0,,,,0.0,,0.0,1.277332009182818,0.06310001386125133,1.2788857335207597,1.0,0.0,0.0,,,,0.0,,0.0,-0.0002541475535075788,0.003534523283286039,0.003539239138846764,1.0,0.97,0.97,-0.0014648890429072492,0.0677026942302958,0.06763387885471198,1.0,0.965,0.965
normal,smooth,0.06,16000,1.5774356840214703,1.9886450332984196,2.7276444231686673e+29,inf,0.02376210603752454,0.0,0.0,0.02734197357416679,0.026428094094462572,,,,0.0,,0.0,,,,0.0,,0.0,1.2772883968186084,0.04782570596197295,1.278181218979858,1.0,0.0,0.0,,,,0.0,,0.0,-0.0002607700447993383,0.0027115479931489293,0.0027206823232631843,1.0,0.95,0.95,-0.0031320060192465177,0.05127336409561953,0.0513049211355242,1.0,0.9425,0.9425
normal,smooth,0.06,32000,1.5774356840214703,1.9886450332984196,2.7276444231686673e+29,inf,0.02376210603752454,0.0,0.0,0.0176936380340018,0.016660874219674493,,,,0.0,,0.0,,,,0.0,,0.0,1.27964771155256,0.035118785661346096,1.2801283183592438,1.0,0.0,0.0,,,,0.0,,0.0,-0.00015757431208550388,0.0018730245966528897,0.0018773066480058,1.0,0.95,0.95,0.0028781098434180873,0.03605605777989329,0.03612579024244613,1.0,0.9575,0.9575
normal,smooth,0.045,125,1.5777685381559723,1.9934679121050227,1.0085008271796418e+41,inf,0.017844084594561754,0.0,0.0,0.3696205624969265,0.3651205035501867,0.08678189556449906,0.2596183747997869,0.2410028481118627,0.01,1.0,0.01,1.3708378523625342,0.3004386366735605,1.3953114162346074,0.01,0.0,0.0,1.4132760008328642,0.3514805126607571,1.4562207109272458,1.0,0.0475,0.0475,0.04986946809094445,0.1901336051474584,0.17204666431654797,0.01,1.0,0.01,-0.00041136219865525123,0.030553635291548857,0.03051819189948251,1.0,0.96,0.96,0.06125659245155499,0.7096513004661023,0.7114058798965418,1.0,0.7775,0.7775
normal,smooth,0.045,250,1.5777685381559723,1.9934679121050227,1.0085008271796418e+41,inf,0.017844084594561754,0.0,0.0,0.3229594552964826,0.3264717384463413,,,,0.0,,0.0,,,,0.0,,0.0,1.3975505339403411,0.2730158545609164,1.4239026678872597,1.0,0.035,0.035,,,,0.0,,0.0,-0.001565313545913456,0.020709018483267484,0.020742263483549322,1.0,0.9525,0.9525,0.01275908887431191,0.49448643978149787,0.4940327331046639,1.0,0.88,0.88
normal,smooth,0.045,500,1.5777685381559723,1.9934679121050227,1.0085008271796418e+41,inf,0.017844084594561754,0.0,0.0,0.2728610836348835,0.27243807718476754,,,,0.0,,0.0,,,,0.0,,0.0,1.3862504738984927,0.21612804729232768,1.4029557836504056,1.0,0.0225,0.0225,,,,0.0,,0.0,-0.00016603181782126996,0.01519849328142784,0.015180391269498696,1.0,0.9525,0.9525,0.022453489238535893,0.3518466371515272,0.3521231675332318,1.0,0.92,0.92
normal,smooth,0.045,1000,1.5777685381559723,1.9934679121050227,1.0085008271796418e+41,inf,0.017844084594561754,0.0,0.0,0.2094458441281411,0.21230780400451998,,,,0.0,,0.0,,,,0.0,,0.0,1.372446691748745,0.16564816012929343,1.3823822323669777,1.0,0.0025,0.0025,,,,0.0,,0.0,-0.00028853852252480437,0.011050724212122326,0.011040673160063042,1.0,0.95,0.95,-0.010204849062672765,0.20995852972236717,0.20994407990477398,1.0,0.9625,0.9625
normal,smooth,0.045,2000,1.5777685381559723,1.9934679121050227,1.0085008271796418e+41,inf,0.017844084594561754,0.0,0.0,0.1530670526141031,0.13891147391038852,,,,0.0,,0.0,,,,0.0,,0.0,1.3571530707507458,0.12308113055681041,1.3627089013195641,1.0,0.0,0.0,,,,0.0,,0.0,-0.00022072773065330342,0.008131901976662761,0.008124729590253201,1.0,0.925,0.925,0.004151429455243461,0.16743680987396106,0.16727890468926118,1.0,0.94,0.94
normal,smooth,0.045,4000,1.5777685381559723,1.9934679121050227,1.0085008271796418e+41,inf,0.017844084594561754,0.0,0.0,0.10546043419213326,0.11096827683679625,,,,0.0,,0.0,,,,0.0,,0.0,1.3603322090001975,0.08738314647368649,1.363128916718914,1.0,0.0,0.0,,,,0.0,,0.0,-0.00028472817154789556,0.005585856390517161,0.005586130795829588,1.0,0.94,0.94,0.005765616588938243,0.11924988326628938,0.11924020151369556,1.0,0.9375,0.9375
normal,smooth,0.045,8000,1.5777685381559723,1.9934679121050227,1.0085008271796418e+41,inf,0.017844084594561754,0.0,0.0,0.06562636245890324,0.06673442423419287,,,,0.0,,0.0,,,,0.0,,0.0,1.3588430520580153,0.0681324876106841,1.3605457989000929,1.0,0.0,0.0,,,,0.0,,0.0,-0.000318032463408181,0.0038730118603900457,0.00388121952050211,1.0,0.9475,0.9475,0.0033302090153850624,0.08390012675851825,0.08386133485705045,1.0,0.9575,0.9575
normal,smooth,0.045,16000,1.5777685381559723,1.9934679121050227,1.0085008271796418e+41,inf,0.017844084594561754,0.0,0.0,0.038168886388824014,0.03947797322226679,,,,0.0,,0.0,,,,0.0,,0.0,1.361066449614767,0.04315129802476824,1.361748603708433,1.0,0.0,0.0,,,,0.0,,0.0,-0.0005128939372210617,0.0024843673817232224,0.0025337149158873415,1.0,0.965,0.965,-0.00419243130537845,0.06288807481325637,0.06294917917720415,1.0,0.9225,0.9225
normal,smooth,0.045,32000,1.5777685381559723,1.9934679121050227,1.0085008271796418e+41,inf,0.017844084594561754,0.0,0.0,0.02285605328417449,0.021338133466889207,,,,0.0,,0.0,,,,0.0,,0.0,1.3587682318834309,0.033361871655161614,1.359176714014686,1.0,0.0,0.0,,,,0.0,,0.0,-0.0005644238359103543,0.001869860899040295,0.0019509518443183416,1.0,0.9475,0.9475,0.002065058833607462,0.04596192950376282,0.04595086706783509,1.0,0.92,0.92
normal,kink,1.0,125,1.7986436398704413,1.6649910629312181,2.649527083001214,2.650020794051665,0.2065632181476623,0.3773555295281596,0.0,0.39054618609538166,0.39257048576875275,-0.015000596509281603,0.33572701472654043,0.33564246564132194,1.0,0.945,0.945,0.017237359800585293,0.299593475187697,0.299714841677883,1.0,0.94,0.94,0.017237762565027067,0.29959298101942156,0.29971437210894886,1.0,0.94,0.94,-0.003339122653662299,0.22009797077588045,0.21984803544245593,1.0,0.935,0.935,-0.003794664071355005,0.05322893686751596,0.053297616233376865,1.0,0.9425,0.9425,0.020715343987083558,0.25154957388373295,0.25208752572725235,1.0,0.9375,0.9375
normal,kink,1.0,250,1.7986436398704413,1.6649910629312181,2.649527083001214,2.650020794051665,0.2065632181476623,0.3773555295281596,0.0,0.38979349622602655,0.3829264857022922,-0.00892039554908381,0.2224467429533671,0.22234752196435,1.0,0.955,0.955,-0.0020223474200622127,0.22328396137474105,0.22301385153789505,1.0,0.9425,0.9425,-0.002022175657179282,0.22328381525749771,0.2230137040518878,1.0,0.9425,0.9425,-0.004461008636257955,0.15055785072345465,0.15043569339250132,1.0,0.9475,0.9475,-0.0018693597160263009,0.03900169206558299,0.03899773916224522,1.0,0.9475,0.9475,0.0011702880087805928,0.1805482227813936,0.18032619380353326,1.0,0.94,0.94
normal,kink,1.0,500,1.7986436398704413,1.6649910629312181,2.649527083001214,2.650020794051665,0.2065632181476623,0.3773555295281596,0.0,0.3842409370529813,0.3836076807945938,-0.010406797272866787,0.16692591712136645,0.16704161931019115,1.0,0.9525,0.9525,-0.0005377391775265172,0.15583058438989839,0.15563660323697007,1.0,0.945,0.945,-0.0005376243137767723,0.1558304548045008,0.1556364734176051,1.0,0.945,0.945,-0.003064995707216417,0.11618323181787397,0.11607838384446083,1.0,0.92,0.92,-0.0011293949884574794,0.026857513871310842,0.026847686478712426,1.0,0.9475,0.9475,-0.004866526951974857,0.13435211017465026,0.1342722844416699,1.0,0.93,0.93
normal,kink,1.0,1000,1.7986436398704413,1.6649910629312181,2.649527083001214,2.650020794051665,0.2065632181476623,0.3773555295281596,0.0,0.3790557803777759,0.3827037257232948,-0.00012413452153119174,0.1142513899770929,0.11410855388969733,1.0,0.9625,0.9625,0.006346327673678769,0.10414869750630829,0.10421185004221716,1.0,0.9625,0.9625,0.00634634379669454,0.10414872905590546,0.10421188247573472,1.0,0.9625,0.9625,0.00049293472192029,0.07119747915583445,0.0711101351439455,1.0,0.9525,0.9525,-0.0003573327900020884,0.018300644281933173,0.018281246781984794,1.0,0.955,0.955,0.005866790256117951,0.08609872386206519,0.08619093341505672,1.0,0.9525,0.9525
normal,kink,1.0,2000,1.7986436398704413,1.6649910629312181,2.649527083001214,2.650020794051665,0.2065632181476623,0.3773555295281596,0.0,0.37964079450238924,0.37895779569772975,-0.005830454270600796,0.08111191807726156,0.08122000734448705,1.0,0.9475,0.9475,-0.007924621914595205,0.07517666161960086,0.07549967720875753,1.0,0.9625,0.9625,-0.00792457983411185,0.07517664317077935,0.07549965446793667,1.0,0.9625,0.9625,-0.004414683501576843,0.05380891999016681,0.053922637187465136,1.0,0.935,0.935,-0.0012227901451034335,0.013474312998556484,0.013512898791342761,1.0,0.95,0.95,-0.006900180364052798,0.06360994969800049,0.06390401102737728,1.0,0.9475,0.9475
normal,kink,1.0,4000,1.7986436398704413,1.6649910629312181,2.649527083001214,2.650020794051665,0.2065632181476623,0.3773555295281596,0.0,0.3770888440212525,0.37839883287523746,0.0005622838468288871,0.06055537080694174,0.06048224296730985,1.0,0.94,0.94,-0.00034975469105265556,0.05653529470536875,0.056465664583871256,1.0,0.9425,0.9425,-0.00034968959875215087,0.05653527290641233,0.05646564240944655,1.0,0.9425,0.9425,0.00211490827392165,0.039106153394824344,0.03911445822535812,1.0,0.945,0.945,-0.0010625366309292622,0.009537981668544434,0.009585126272813648,1.0,0.93,0.93,0.0006615264424309353,0.04484651838244322,0.04479531005287591,1.0,0.96,0.96
normal,kink,1.0,8000,1.7986436398704413,1.6649910629312181,2.649527083001214,2.650020794051665,0.2065632181476623,0.3773555295281596,0.0,0.37820254604423176,0.37801225146585976,0.0002713569681815353,0.03976262241844558,0.03971381511315769,1.0,0.955,0.955,0.0017665328766381494,0.037381131167641926,0.0373761452447716,1.0,0.9525,0.9525,0.0017666017104490527,0.037381119361046634,0.03737613671952286,1.0,0.9525,0.9525,0.000804738642607079,0.025983637729026263,0.02596361223601406,1.0,0.95,0.95,-0.0007391733854551674,0.006705440346215179,0.006737722182223305,1.0,0.9525,0.9525,0.0007757607685907081,0.030273151544545858,0.030245236814216318,1.0,0.9525,0.9525
normal,kink,1.0,16000,1.7986436398704413,1.6649910629312181,2.649527083001214,2.650020794051665,0.2065632181476623,0.3773555295281596,0.0,0.3776145057488971,0.3775834230981936,-0.0009040094996855002,0.02566128292530196,0.025645124701285518,1.0,0.98,0.98,0.0004483414644772105,0.025335501540423636,0.02530778396615982,1.0,0.9775,0.9775,0.00044838584335655965,0.025335514526276876,0.025307797719970247,1.0,0.9775,0.9775,-0.0014836760111859076,0.017475970712394418,0.01751705805681379,1.0,0.96,0.96,-0.0010378441970632151,0.004571277898543661,0.004682035961953651,1.0,0.9575,0.9575,0.00037461830347578997,0.02140178308876709,0.02137829664527765,1.0,0.9675,0.9675
normal,kink,1.0,32000,1.7986436398704413,1.6649910629312181,2.649527083001214,2.650020794051665,0.2065632181476623,0.3773555295281596,0.0,0.37777410187437654,0.3771210176591795,-0.00013306014998533012,0.020165071150792163,0.02014028858491688,1.0,0.9525,0.9525,0.00032154268704879917,0.01940121176321349,0.019379612742156264,1.0,0.95,0.95,0.00032158915081056114,0.019401224713422042,0.019379626445359194,1.0,0.95,0.95,4.622068752862085e-05,0.013066879036339206,0.01305061706521576,1.0,0.9625,0.9625,-0.0007178925083241588,0.003258899747609656,0.0033330535773620274,1.0,0.955,0.955,0.0003585240989352656,0.01565057335529446,0.01563510904225156,1.0,0.9525,0.9525
normal,kink,0.6,125,1.7976633511373563,1.547047703960101,5.003422900289901,4.996497366424493,0.16775022788562294,0.19986317765425335,0.0,0.29204032494688625,0.29697707334375084,0.003063493983180686,0.5266968362255141,0.5260469735604665,1.0,0.95,0.95,0.06899604863492151,0.40711576648081954,0.4124188937551291,1.0,0.8775,0.8775,0.07064977412483107,0.40258683009860324,0.4082430109178957,1.0,0.88,0.88,0.014353654740131658,0.2745063120085733,0.27453844621221213,1.0,0.9625,0.9625,0.0005610007892041047,0.051725446404815384,0.051663795090454524,1.0,0.94,0.94,0.03800260337556672,0.2483153517701818,0.2508995027959559,1.0,0.95,0.95
normal,kink,0.6,250,1.7976633511373563,1.547047703960101,5.003422900289901,4.996497366424493,0.16775022788562294,0.19986317765425335,0.0,0.27491212871465515,0.26968765509906906,0.006382944723906503,0.3603583339870793,0.3599642003520725,1.0,0.945,0.945,0.03178212741254455,0.30640592869617334,0.3076686290153438,1.0,0.9375,0.9375,0.03207619655885319,0.30583023428941847,0.30712730953252754,1.0,0.9375,0.9375,0.015095244330374808,0.21057476960078908,0.2108524262602592,1.0,0.9475,0.9475,0.0012219351869788603,0.03987423601920482,0.03984310400773438,1.0,0.94,0.94,0.011801463638464644,0.18502557897029384,0.1851706058075072,1.0,0.94,0.94
normal,kink,0.6,500,1.7976633511373563,1.547047703960101,5.003422900289901,4.996497366424493,0.16775022788562294,0.19986317765425335,0.0,0.253763980975956,0.251869748887901,0.001796569313617934,0.26432594558398737,0.26400144442104007,1.0,0.94,0.94,0.011531695797187247,0.22777699458649417,0.22778418156811836,1.0,0.9175,0.9175,0.014285758783803906,0.22092097054306833,0.2211066325139435,1.0,0.9175,0.9175,0.008111608779021885,0.13964767560025637,0.13970868911519768,1.0,0.935,0.935,-0.001190450486752478,0.026239755092689252,0.026233959057248867,1.0,0.9525,0.9525,0.005595227527181772,0.12853790968487003,0.12849901093654903,1.0,0.945,0.945
normal,kink,0.6,1000,1.7976633511373563,1.547047703960101,5.003422900289901,4.996497366424493,0.16775022788562294,0.19986317765425335,0.0,0.24033248266950202,0.24603006024422888,-0.00042781036965349904,0.1811701100172171,0.18094401140533445,1.0,0.9,0.9,0.0076997078926019326,0.16575627963262454,0.16572791520647961,1.0,0.905,0.905,0.00950068821020349,0.16235246219054655,0.1624274892093454,1.0,0.905,0.905,-0.0056391130977492395,0.10023838687115753,0.10027170320461665,1.0,0.9475,0.9475,-0.0010422697106758905,0.01939382123849544,0.019397585613290445,1.0,0.9525,0.9525,0.0011114078865031452,0.09784656155830158,0.09773049658244211,1.0,0.935,0.935
normal,kink,0.6,2000,1.7976633511373563,1.547047703960101,5.003422900289901,4.996497366424493,0.16775022788562294,0.19986317765425335,0.0,0.22813347885015792,0.23030805462616644,0.006174690105659583,0.12223542121430833,0.12223858331902293,1.0,0.9525,0.9525,0.008672024658905042,0.11429656819194553,0.11448253250338922,1.0,0.95,0.95,0.012858027640756355,0.10713885870067488,0.10777461241351986,1.0,0.95,0.95,0.0032064453364967016,0.07065616872400919,0.07064060259514146,1.0,0.9475,0.9475,0.0015270226170203743,0.013234004265945244,0.013305368082532366,1.0,0.9425,0.9425,0.003341881888785984,0.06439556453240747,0.0644017851784982,1.0,0.9475,0.9475
normal,kink,0.6,4000,1.7976633511373563,1.547047703960101,5.003422900289901,4.996497366424493,0.16775022788562294,0.19986317765425335,0.0,0.220956159784265,0.22170398107226105,-0.001274463898706511,0.08579732268115026,0.08569948591464474,1.0,0.945,0.945,0.004299318120413832,0.08072427465238245,0.08073785749670603,1.0,0.9475,0.9475,0.00662403596824444,0.07642238600781827,0.07661369318162879,1.0,0.9475,0.9475,0.0013209772829645427,0.052366282057630054,0.05231746275174311,1.0,0.955,0.955,-0.0001268659023395874,0.009641689473598395,0.009630465483179475,1.0,0.9525,0.9525,0.0019945039189507357,0.044612372027740314,0.04460118972044762,1.0,0.955,0.955
normal,kink,0.6,8000,1.7976633511373563,1.547047703960101,5.003422900289901,4.996497366424493,0.16775022788562294,0.19986317765425335,0.0,0.21469128845227176,0.21422914330444187,0.0009177544829625545,0.0615619581825714,0.06149180662352901,1.0,0.945,0.945,0.0005695413568087421,0.0607272989085891,0.060654016338643306,1.0,0.935,0.935,0.004964688090013134,0.056963641872174245,0.05710860252128471,1.0,0.935,0.935,-0.00032393136269272314,0.03612949723345629,0.03608576104842748,1.0,0.955,0.955,0.0005700991806959977,0.006956042463590166,0.006970693904785349,1.0,0.9475,0.9475,0.00046764522676064513,0.0323358558880174,0.03229879640371627,1.0,0.9625,0.9625
normal,kink,0.6,16000,1.7976633511373563,1.547047703960101,5.003422900289901,4.996497366424493,0.16775022788562294,0.19986317765425335,0.0,0.20996411697186956,0.21197313277471616,0.0021816441825160972,0.04281853074835288,0.04282058594120506,1.0,0.94,0.94,0.0019852345754671863,0.04074829994224943,0.0407457242497013,1.0,0.95,0.95,0.0055375377758545286,0.03728379725129287,0.03764665533949651,1.0,0.95,0.95,0.0011508771541979379,0.02565814118551499,0.02565187862120698,1.0,0.94,0.94,0.0003240073714091346,0.004493218720930027,0.004499280244067738,1.0,0.9625,0.9625,-0.0002173714403050997,0.021577643103629376,0.02155175040561429,1.0,0.9525,0.9525
normal,kink,0.6,32000,1.7976633511373563,1.547047703960101,5.003422900289901,4.996497366424493,0.16775022788562294,0.19986317765425335,0.0,0.207750383127943,0.2076661641091779,-0.00038791098801924605,0.03285863043170666,0.03281982396048897,1.0,0.9375,0.9375,-6.625919789730761e-05,0.030138448912281353,0.03010082520234958,1.0,0.9525,0.9525,0.0037939326832443117,0.026970366901287925,0.027202501985444306,1.0,0.95,0.95,-0.0014461942930974715,0.017988823744147207,0.018024435169572913,1.0,0.9425,0.9425,-0.00014423269154602568,0.003378176572157582,0.0033770326959630215,1.0,0.96,0.96,-0.00117714947742879,0.016009793970559544,0.01603304088794531,1.0,0.9525,0.9525
normal,kink,0.4,125,1.7983475391716857,1.4352954652089793,23.32892849350192,23.65804835303299,0.1309980397069716,0.04226891352480471,0.0,0.2387040179135434,0.2375077612238622,0.014830751983415737,0.6963239332060328,0.6956111008386974,1.0,0.955,0.955,0.1451816240292105,0.4991058148389253,0.5191931739013635,1.0,0.83,0.83,0.15076301850804377,0.48922677683405863,0.5113452550118852,1.0,0.8325,0.8325,0.010509199472951671,0.4359677237743757,0.4355492277643712,1.0,0.955,0.955,-0.000256489181624191,0.05775983575410923,0.05768816097325439,1.0,0.925,0.925,0.01801784116403308,0.2766371293435861,0.276877994211067,1.0,0.935,0.935
normal,kink,0.4,250,1.7983475391716857,1.4352954652089793,23.32892849350192,23.65804835303299,0.1309980397069716,0.04226891352480471,0.0,0.2062355546285044,0.20292107238729953,0.03532289145257283,0.5932968743741343,0.5936066752065986,1.0,0.9225,0.9225,0.11238702077660079,0.41126779282910436,0.4258511322798342,1.0,0.7925,0.7925,0.12756517311874013,0.3764506486620041,0.39703107755396516,1.0,0.8,0.8,0.005660517012651196,0.33982792718328975,0.3394500758525582,1.0,0.9625,0.9625,-0.00013451714046935516,0.03939453769743197,0.03934549365879761,1.0,0.9475,0.9475,0.008108668339899169,0.19562011060988527,0.19554362712214035,1.0,0.9425,0.9425
normal,kink,0.4,500,1.7983475391716857,1.4352954652089793,23.32892849350192,23.65804835303299,0.1309980397069716,0.04226891352480471,0.0,0.17485075598939562,0.17379798781878442,0.030000203135819737,0.5671844621255608,0.5672688786895157,1.0,0.9225,0.9225,0.07819390963145863,0.33602634423404165,0.3445949901880454,1.0,0.85,0.85,0.09993964211646283,0.2781993462561636,0.29527837904777265,1.0,0.8575,0.8575,0.019581091509089335,0.31324565120473646,0.31346602694450004,1.0,0.9375,0.9375,0.0005917655536239547,0.02795576578680183,0.027927069575864195,1.0,0.945,0.945,0.007079075634655636,0.15106360670691302,0.15104064370216322,1.0,0.925,0.925
normal,kink,0.4,1000,1.7983475391716857,1.4352954652089793,23.32892849350192,23.65804835303299,0.1309980397069716,0.04226891352480471,0.0,0.14650281915306426,0.15162194112564514,0.014624633173279692,0.29326053525235485,0.29325861807986037,1.0,0.9175,0.9175,0.047672831263418834,0.26205392515229714,0.26603247523409024,1.0,0.8325,0.8325,0.0782432849468346,0.2024906983842619,0.2168455403370964,1.0,0.8325,0.8325,-0.005182203456526369,0.1906148375260719,0.19044693874421528,1.0,0.96,0.96,-0.0022053539300453577,0.019245274433466318,0.019347305303482196,1.0,0.945,0.945,0.003350596564426298,0.10012378171788684,0.10005466622634283,1.0,0.955,0.955
normal,kink,0.4,2000,1.7983475391716857,1.4352954652089793,23.32892849350192,23.65804835303299,0.1309980397069716,0.04226891352480471,0.0,0.12675577245126413,0.12010936722263496,-0.020033402138549712,0.3026945859263733,0.3029790248837543,1.0,0.955,0.955,-0.0010993620691782736,0.2294811539729863,0.22919675963167685,1.0,0.8675,0.8675,0.05028202906667664,0.1476544108174792,0.15580629935382712,1.0,0.865,0.865,-0.006115659362770103,0.1317505183169459,0.13172776802380498,1.0,0.97,0.97,-0.0008358509839526346,0.012754360448732963,0.012765800916802586,1.0,0.965,0.965,-0.00544578330219355,0.068732451977053,0.06886215314427366,1.0,0.97,0.97
normal,kink,0.4,4000,1.7983475391716857,1.4352954652089793,23.32892849350192,23.65804835303299,0.1309980397069716,0.04226891352480471,0.0,0.1088402005634883,0.11117781910859026,0.02111040503776136,0.1676622601696861,0.16877797872457423,1.0,0.9075,0.9075,0.021503215854616068,0.1477446132461848,0.1491183686153278,1.0,0.8475,0.8475,0.062403338206467415,0.10279311819830597,0.1201423560005768,1.0,0.835,0.835,0.0021624003659682267,0.09393922334383849,0.09384664199416087,1.0,0.9575,0.9575,-0.000805980968222369,0.009567873419630972,0.009589835587265422,1.0,0.9425,0.9425,0.002355629866118587,0.04657432191085752,0.04657567535601274,1.0,0.97,0.97
normal,kink,0.4,8000,1.7983475391716857,1.4352954652089793,23.32892849350192,23.65804835303299,0.1309980397069716,0.04226891352480471,0.0,0.09757484615129274,0.0976295247603481,-0.003566894580321726,0.14348629526354978,0.1433512081326299,1.0,0.9325,0.9325,0.007014457978324514,0.12651756102408554,0.12655385863376187,1.0,0.87,0.87,0.06034499622719408,0.07461866147845667,0.09589339575223357,1.0,0.805,0.805,-0.0044382674670035835,0.06285881711729736,0.06293688131986708,1.0,0.9675,0.9675,-0.0002944822874500796,0.006585704193324478,0.006584055800970137,1.0,0.9575,0.9575,-0.00011216845827072942,0.03316380230704012,0.03312251154071532,1.0,0.9525,0.9525
normal,kink,0.4,16000,1.7983475391716857,1.4352954652089793,23.32892849350192,23.65804835303299,0.1309980397069716,0.04226891352480471,0.0,0.08487641437090958,0.08235629848716293,-0.005273482275076938,0.11577684241718585,0.11575221882235864,1.0,0.945,0.945,-0.0027323321175679416,0.09798378762761337,0.09789936782257226,1.0,0.9175,0.9175,0.05084801828944475,0.05328903325646917,0.07360803438965928,1.0,0.805,0.805,-0.0007520493831929742,0.046216923072206234,0.04616524175818139,1.0,0.96,0.96,-0.0007254966508503629,0.004592181768514563,0.004643464057359002,1.0,0.955,0.955,-2.9635004635804595e-05,0.025417018733818346,0.025385244876610594,1.0,0.945,0.945
normal,kink,0.4,32000,1.7983475391716857,1.4352954652089793,23.32892849350192,23.65804835303299,0.1309980397069716,0.04226891352480471,0.0,0.07236774244804728,0.0765691257815812,0.004706976161671213,0.06241321560178521,0.06251261138871962,1.0,0.945,0.945,0.0031248779758499333,0.06167164531028441,0.06167372388670303,1.0,0.92,0.92,0.054869937808705235,0.03641992562623018,0.06583164155856033,1.0,0.66,0.66,0.00015092283384889716,0.03464430150007246,0.034601298170207864,1.0,0.9675,0.9675,-0.0005769892838537843,0.00344494728669192,0.0034886830304927253,1.0,0.945,0.945,-0.00022864141139647575,0.01726525092841698,0.0172451716225776,1.0,0.9425,0.9425
normal,kink,0.3,125,1.7986996815782739,1.3560671390616503,257.0713159949197,253.24373742926736,0.10567730491395287,0.0038899711394473984,0.0,0.2220594068500803,0.23218010849974632,0.04224888838116096,1.0294244328096847,1.0290045406983495,1.0,0.945,0.945,0.2830597157972976,0.5582624256238252,0.625300404790358,1.0,0.69,0.69,0.30381673969043016,0.5215300929625426,0.6030076824444088,1.0,0.7025,0.7025,-0.018737370905977893,0.6075025591579474,0.6070319596639578,1.0,0.96,0.96,-0.0011796833626230236,0.05471982909656694,0.05466411711491048,1.0,0.94,0.94,0.02061867673842821,0.29328728194994447,0.2936452213294915,1.0,0.9475,0.9475
normal,kink,0.3,250,1.7986996815782739,1.3560671390616503,257.0713159949197,253.24373742926736,0.10567730491395287,0.0038899711394473984,0.0,0.18409215208564753,0.17617957777679114,-0.19719512782603876,2.8915442632373227,2.894652237166556,1.0,0.95,0.95,0.17038113273672878,0.5118583378548659,0.5388633324221624,1.0,0.725,0.725,0.21290552914998073,0.4179443160961227,0.4685824602685171,1.0,0.7375,0.7375,-0.07410879044731787,0.9956344839073864,0.997146889030512,1.0,0.975,0.975,-0.001959759770555036,0.03829053278426208,0.03829282108971181,1.0,0.9525,0.9525,-0.0012736926769192258,0.2120451143517126,0.21178372219593516,1.0,0.96,0.96
normal,kink,0.3,500,1.7986996815782739,1.3560671390616503,257.0713159949197,253.24373742926736,0.10567730491395287,0.0038899711394473984,0.0,0.14014827285609063,0.1392432587692698,0.06492801082356785,0.45041541191108264,0.45451348139336645,1.0,0.95,0.95,0.1694159797488215,0.3244329376618712,0.36564376571543633,1.0,0.7775,0.7775,0.20191898528483285,0.27074858904518373,0.33748009288288316,1.0,0.77,0.77,0.026455709615758792,0.3782152816119872,0.37866751487023026,1.0,0.96,0.96,-0.0021786582853237473,0.027250963028380516,0.027303937452928584,1.0,0.9475,0.9475,-0.00016297231044036132,0.14860743739010518,0.14842165132321117,1.0,0.9425,0.9425
normal,kink,0.3,1000,1.7986996815782739,1.3560671390616503,257.0713159949197,253.24373742926736,0.10567730491395287,0.0038899711394473984,0.0,0.11167837923307423,0.10817743833808972,0.05227692955668879,0.5053220653544899,0.5073902749596872,1.0,0.9375,0.9375,0.13108144461165394,0.3322839986432255,0.3568178376096455,1.0,0.725,0.725,0.1956849730831803,0.2288315494376862,0.3008746865616516,1.0,0.71,0.71,0.024093111436921718,0.2934149844420199,0.29403673279215453,1.0,0.9475,0.9475,-0.0008565983122490883,0.019549038743058966,0.019543368802658473,1.0,0.9425,0.9425,0.005963559583308662,0.10349901063864471,0.10354143679259052,1.0,0.9425,0.9425
normal,kink,0.3,2000,1.7986996815782739,1.3560671390616503,257.0713159949197,253.24373742926736,0.10567730491395287,0.0038899711394473984,0.0,0.0855871763123947,0.08403058297344355,-0.006235244691561863,0.5749420711797866,0.5742567958029188,1.0,0.9425,0.9425,0.047004525577798224,0.2868141597188143,0.29028629270853523,1.0,0.79,0.79,0.147581215963378,0.16193830357522634,0.2189490110382765,1.0,0.7625,0.7625,-0.0060030950304064135,0.24873788335531274,0.24849928657741666,1.0,0.945,0.945,0.0003054531153455969,0.014335921772386958,0.014321248480387903,1.0,0.9225,0.9225,-0.0051299190028309335,0.07487887604603298,0.07496095671546613,1.0,0.96,0.96
normal,kink,0.3,4000,1.7986996815782739,1.3560671390616503,257.0713159949197,253.24373742926736,0.10567730491395287,0.0038899711394473984,0.0,0.07009450119882152,0.06440957440879677,-0.0262963708030572,0.41144920330494333,0.411775084118058,1.0,0.9475,0.9475,0.022957674359975262,0.2677196612867775,0.26836856617146276,1.0,0.785,0.785,0.16096661316663557,0.11603772651364588,0.19834652163286562,1.0,0.64,0.64,-0.0006058165724607928,0.19007359338553415,0.1898368193711447,1.0,0.9575,0.9575,-2.2458043471655364e-05,0.009454432205634805,0.0094426334766226,1.0,0.945,0.945,0.0025314083448115675,0.05392931608632931,0.05392131520941928,1.0,0.96,0.96
normal,kink,0.3,8000,1.7986996815782739,1.3560671390616503,257.0713159949197,253.24373742926736,0.10567730491395287,0.0038899711394473984,0.0,0.05319614706032033,0.05539048787992929,0.014258178750941496,0.24378551860946848,0.2438977168758906,1.0,0.935,0.935,0.04249906428673698,0.20293570664439792,0.2070896285281597,1.0,0.785,0.785,0.16221352908866912,0.08466296345526828,0.18292929469326674,1.0,0.465,0.465,-0.004760615775819448,0.12740324440672826,0.12733291475974354,1.0,0.955,0.955,-0.0006666969354227575,0.006956387938564097,0.006979601680799747,1.0,0.9425,0.9425,-0.0006684553882710853,0.03624515588521454,0.036205992313935446,1.0,0.95,0.95
normal,kink,0.3,16000,1.7986996815782739,1.3560671390616503,257.0713159949197,253.24373742926736,0.10567730491395287,0.0038899711394473984,0.0,0.04313661069681716,0.039484267440357976,-0.004403224989138338,0.2224341645759922,0.22219958048339786,1.0,0.9275,0.9275,0.01295048715256015,0.1658838919971219,0.16618178924762228,1.0,0.82,0.82,0.15434326084124173,0.05838987605463563,0.16499301909086672,1.0,0.2575,0.2575,-0.0008510013621737633,0.09469967984707507,0.09458505956571096,1.0,0.9675,0.9675,-0.0009460042604883184,0.004767282639623711,0.004854388773831833,1.0,0.94,0.94,-0.001222481841082164,0.02738649008135893,0.027379540741778445,1.0,0.9425,0.9425
normal,kink,0.3,32000,1.7986996815782739,1.3560671390616503,257.0713159949197,253.24373742926736,0.10567730491395287,0.0038899711394473984,0.0,0.033742117530441006,0.03473309862150922,0.004664970544289454,0.17379750126653248,0.17364279273282038,1.0,0.9225,0.9225,0.011786577811083599,0.1430471391413915,0.143353588106444,1.0,0.8125,0.8125,0.15534514308600322,0.0389388533030282,0.16013918068737637,1.0,0.025,0.025,-0.0021962129407368837,0.06959581732468549,0.06954345544980725,1.0,0.955,0.955,-0.0008392838725837976,0.0035464264744803904,0.0036400680358789216,1.0,0.925,0.925,-0.0013072268786671404,0.018553727350969718,0.018576572308418374,1.0,0.9525,0.9525
normal,kink,0.22,125,1.7983532567247256,1.2781364222940095,27442.78480111914,25600.824592226378,0.08162724486184929,3.643945056039717e-05,0.0,0.2184674409808926,0.2212076741344974,0.029899611625252023,1.2025818965253807,1.2014498310713166,1.0,0.965,0.965,0.4560193128649081,0.5692742207524182,0.7288460532053547,1.0,0.5475,0.5475,0.4752669517021644,0.5341775459660748,0.7145004981580275,1.0,0.56,0.56,0.05270722448014361,1.1909100191427544,1.1905876945957237,1.0,0.975,0.975,0.0010155472671267885,0.05435483850717805,0.05429635056079111,1.0,0.9375,0.9375,0.03139904440457683,0.3288771003277588,0.3299630990606606,1.0,0.9175,0.9175
normal,kink,0.22,250,1.7983532567247256,1.2781364222940095,27442.78480111914,25600.824592226378,0.08162724486184929,3.643945056039717e-05,0.0,0.17664689231192807,0.17294520318937373,-0.0032801880461318512,1.0781238404634892,1.0767803385421382,1.0,0.95,0.95,0.3561700579531525,0.5024963415511835,0.6154091541580242,1.0,0.58,0.58,0.4058235177998901,0.42298637020951496,0.5858010782757582,1.0,0.59,0.59,-0.021710709141321793,2.076236252522699,2.0737529840220112,1.0,0.96,0.96,-0.00014716315244586608,0.039504146104486264,0.0394550094733156,1.0,0.9225,0.9225,0.0108946343665932,0.23319989290491175,0.23316287790666188,1.0,0.945,0.945
normal,kink,0.22,500,1.7983532567247256,1.2781364222940095,27442.78480111914,25600.824592226378,0.08162724486184929,3.643945056039717e-05,0.0,0.13289585228324063,0.13215059399919146,0.05623180764565726,1.11374769931175,1.1137750531723225,1.0,0.9375,0.9375,0.28281806303705803,0.5013659548224492,0.5750873480467309,1.0,0.56,0.56,0.3666245511372287,0.3340682576082761,0.49571782118071,1.0,0.575,0.575,-0.011859754104486768,0.7170705941609954,0.7162718863569167,1.0,0.9675,0.9675,4.5006015637965026e-05,0.026340140564342005,0.026307233282471296,1.0,0.9575,0.9575,0.008000538597611961,0.17270383305099782,0.1726732638061913,1.0,0.945,0.945
normal,kink,0.22,1000,1.7983532567247256,1.2781364222940095,27442.78480111914,25600.824592226378,0.08162724486184929,3.643945056039717e-05,0.0,0.09389221925295158,0.08775977787460874,-0.04754727061640587,1.7207045317997727,1.7192099256591542,1.0,0.9475,0.9475,0.202273137947871,0.4411036753773772,0.4847684433166318,1.0,0.585,0.585,0.3309726906388059,0.24979881930932257,0.4144711973728711,1.0,0.5475,0.5475,0.023400173945628086,0.5875121383496369,0.587243692658404,1.0,0.9725,0.9725,-0.0009160836386697646,0.01860553411260065,0.01860482985945174,1.0,0.96,0.96,-0.0014723343368469855,0.1082909712052575,0.10816554385230964,1.0,0.9575,0.9575
normal,kink,0.22,2000,1.7983532567247256,1.2781364222940095,27442.78480111914,25600.824592226378,0.08162724486184929,3.643945056039717e-05,0.0,0.06641999033219474,0.0666627219581638,0.030521445477205162,2.3938746501237547,2.391075241295825,1.0,0.9025,0.9025,0.14680213755878985,0.45074858064605355,0.47351580210049543,1.0,0.61,0.61,0.3317198903537383,0.1721337375708545,0.3736228502211591,1.0,0.4725,0.4725,-0.03765016669180261,1.4049037041795116,1.4036515119587871,1.0,0.9575,0.9575,-0.001005337060993512,0.014026160617763718,0.014044644934184869,1.0,0.945,0.945,0.00021067761186899957,0.08646086385057987,0.08635297713686646,1.0,0.9325,0.9325
normal,kink,0.22,4000,1.7983532567247256,1.2781364222940095,27442.78480111914,25600.824592226378,0.08162724486184929,3.643945056039717e-05,0.0,0.047444884225290036,0.047603728373180935,0.10188260106696558,1.0795909468414504,1.083043344179232,1.0,0.9025,0.9025,0.13155761154554818,0.34317799467640775,0.367129559346036,1.0,0.615,0.615,0.3272418518043389,0.12174518071908827,0.34910179586774615,1.0,0.245,0.245,0.05015886755155803,0.5405524157976231,0.5422013776569916,1.0,0.97,0.97,-0.0011419696477744966,0.009321321680932445,0.009379441079358668,1.0,0.955,0.955,0.0011095798033797083,0.06252360635087328,0.06245526010738593,1.0,0.935,0.935
normal,kink,0.22,8000,1.7983532567247256,1.2781364222940095,27442.78480111914,25600.824592226378,0.08162724486184929,3.643945056039717e-05,0.0,0.03481890266952838,0.032352084516186125,-0.06092788337912415,1.4580124451762189,1.4574628628325577,1.0,0.9175,0.9175,0.08502470423392623,0.3104951722285418,0.3215516042213992,1.0,0.665,0.665,0.32254288145502974,0.08683131615411616,0.33399811174422345,1.0,0.0875,0.0875,-0.019613792431842643,0.2399100181732211,0.24041136751698117,1.0,0.9725,0.9725,-0.00044554453763679834,0.006729044649533697,0.006735380592490488,1.0,0.935,0.935,-0.0014405386915039735,0.04111421092957983,0.04108804626935669,1.0,0.955,0.955
normal,kink,0.22,16000,1.7983532567247256,1.2781364222940095,27442.78480111914,25600.824592226378,0.08162724486184929,3.643945056039717e-05,0.0,0.023764844839617515,0.02311506562302013,-0.18570774942907056,3.560477036963626,3.560869501556667,1.0,0.9225,0.9225,0.04583619264068206,0.32613083278608096,0.32893217135041997,1.0,0.695,0.695,0.32508316648149965,0.06573292173070956,0.33164601623778905,1.0,0.0,0.0,-0.06818617021704923,1.1564012925771847,1.1569659214554966,1.0,0.97,0.97,-0.00010357451728975343,0.004752580074900626,0.004747765527651233,1.0,0.9525,0.9525,0.0005106356641495486,0.03007792830896321,0.03004464703923536,1.0,0.9475,0.9475
normal,kink,0.22,32000,1.7983532567247256,1.2781364222940095,27442.78480111914,25600.824592226378,0.08162724486184929,3.643945056039717e-05,0.0,0.01680979194638848,0.01651949838811106,0.01641554011835146,0.3017721132380808,0.30184136937261236,1.0,0.9025,0.9025,0.051458948104962994,0.22564485700078812,0.2311630070475121,1.0,0.715,0.715,0.3206942178942998,0.04288105449638068,0.3235412945258633,1.0,0.0,0.0,-0.0063273700321427205,0.1713867226031245,0.17128926053449,1.0,0.9825,0.9825,-0.0006395605202933891,0.0034063152299067495,0.0034616489778715124,1.0,0.9375,0.9375,-0.0014913828424420695,0.020087526699088715,0.020117757823552705,1.0,0.94,0.94
normal,kink,0.15,125,1.7986949405356178,1.1988382863110485,135188089.35853362,inf,0.05763258419655569,0.0,0.0,0.25392950271680803,0.2417571351342525,0.009966369907917105,1.7658743487553337,1.7636937839608762,1.0,0.9775,0.9775,0.6809156791023603,0.5974571593379582,0.9053777287124422,1.0,0.415,0.415,0.7058757687141184,0.5585425298108636,0.8996946337904035,1.0,0.4275,0.4275,0.01554598012882143,1.0493922825268525,1.0481950103480344,1.0,0.9575,0.9575,-0.001157689759556762,0.05544293260045858,0.0553856860928889,1.0,0.925,0.925,-0.0029033890771711034,0.39651842470611,0.3960331092809286,1.0,0.9125,0.9125
normal,kink,0.15,250,1.7986949405356178,1.1988382863110485,135188089.35853362,inf,0.05763258419655569,0.0,0.0,0.19990612130921978,0.18349392009291168,-0.01248429048692237,1.8810119592340675,1.878700703495262,1.0,0.9525,0.9525,0.6100393763368589,0.5002086095234781,0.7884993164805355,1.0,0.4125,0.4125,0.6569222189554961,0.418082069240048,0.7783973515087927,1.0,0.415,0.415,-0.013800884651745117,0.9955239043018228,0.994374496275636,1.0,0.98,0.98,-0.001205985229810167,0.03911589903852086,0.03908558332777315,1.0,0.93,0.93,-0.007483848510767956,0.2793961450743485,0.2791470192501301,1.0,0.93,0.93
normal,kink,0.15,500,1.7986949405356178,1.1988382863110485,135188089.35853362,inf,0.05763258419655569,0.0,0.0,0.13285048142349185,0.1305481067468718,-0.042291211317132156,2.1513620302699827,2.1490873028750683,1.0,0.945,0.945,0.4678933258723637,0.5222572516215762,0.700710296538481,1.0,0.4325,0.4325,0.5761280643018317,0.34542232467982653,0.6715220304706487,1.0,0.4325,0.4325,-0.0343524892733114,0.6752543072376309,0.6752840528352778,1.0,0.9725,0.9725,-0.00036346417725476867,0.027043470411321904,0.02701209034611114,1.0,0.9525,0.9525,0.00020674083174462789,0.19159461204152572,0.1913550805876497,1.0,0.94,0.94
normal,kink,0.15,1000,1.7986949405356178,1.1988382863110485,135188089.35853362,inf,0.05763258419655569,0.0,0.0,0.09321379620049243,0.09657440363576418,-0.02542124659545026,1.6854174375396052,1.6835012915629524,1.0,0.955,0.955,0.43217627088341487,0.4713568209878554,0.6390603560499919,1.0,0.405,0.405,0.5802084182429961,0.24980558133966174,0.6315763057598937,1.0,0.3325,0.3325,-0.11788341421635916,1.752008035738115,1.753783004320947,1.0,0.9725,0.9725,-0.0008674220505184176,0.01774197600825341,0.01774100305533686,1.0,0.965,0.965,-2.4527827240240773e-05,0.1394573380334238,0.13928290943311933,1.0,0.9475,0.9475
normal,kink,0.15,2000,1.7986949405356178,1.1988382863110485,135188089.35853362,inf,0.05763258419655569,0.0,0.0,0.0651640796844345,0.0611491102619369,0.06304451011777118,0.9534785636158516,0.9543705664482482,1.0,0.95,0.95,0.3662228514605255,0.4160576501089476,0.5538866176624258,1.0,0.445,0.445,0.5779714744912907,0.1716152225066169,0.6028508774648523,1.0,0.135,0.135,0.0018127741459419856,0.6004721154927253,0.5997237953680862,1.0,0.9675,0.9675,-0.0011258596811626186,0.013052419301517458,0.01308462057226867,1.0,0.945,0.945,0.0023936343223957047,0.09474674170718465,0.09465850298170257,1.0,0.955,0.955
normal,kink,0.15,4000,1.7986949405356178,1.1988382863110485,135188089.35853362,inf,0.05763258419655569,0.0,0.0,0.042871317295481576,0.039412887996682154,-0.06282809025799611,1.9885092897079,1.9870156368765566,1.0,0.9225,0.9225,0.2995339849403584,0.4191035360886628,0.5147127962867903,1.0,0.455,0.455,0.5608110770435075,0.1158201214992285,0.5726166509344928,1.0,0.015,0.015,-0.04202277501267226,0.934329919167148,0.934106996267573,1.0,0.9775,0.9775,-0.0009257668451552598,0.00879581486682867,0.00883345841248965,1.0,0.96,0.96,-0.0015167640332424037,0.063219510864409,0.06315865230261668,1.0,0.96,0.96
normal,kink,0.15,8000,1.7986949405356178,1.1988382863110485,135188089.35853362,inf,0.05763258419655569,0.0,0.0,0.026280227142478997,0.027475608431619055,-0.03969562266660248,1.2689718328097488,1.2680061242526635,1.0,0.905,0.905,0.2581118874818804,0.40576695072602437,0.4804757514330989,1.0,0.4275,0.4275,0.5626867660981444,0.08824876548287312,0.569547866065457,1.0,0.0,0.0,-0.03215449175846729,0.502091038448371,0.5024928693058076,1.0,0.9875,0.9875,-0.0007079910092082021,0.006976591326540045,0.0070037415529365125,1.0,0.9525,0.9525,-0.002566999547976006,0.04911515505846518,0.0491208427956539,1.0,0.9275,0.9275
normal,kink,0.15,16000,1.7986949405356178,1.1988382863110485,135188089.35853362,inf,0.05763258419655569,0.0,0.0,0.0173098828720879,0.018978680612015967,0.06547232047026691,0.6717947557000155,0.674141341299686,1.0,0.905,0.905,0.23701920788442074,0.3791077520153817,0.4467006669182608,1.0,0.405,0.405,0.5646825564081336,0.05820279124763785,0.567666702835712,1.0,0.0,0.0,0.015214108616853857,0.49905689566070355,0.49866482705795234,1.0,0.965,0.965,-0.0008978947201128095,0.004744713108570396,0.004823094095582172,1.0,0.9425,0.9425,-3.4419328996521117e-06,0.03252886376185053,0.03248817741948357,1.0,0.95,0.95
normal,kink,0.15,32000,1.7986949405356178,1.1988382863110485,135188089.35853362,inf,0.05763258419655569,0.0,0.0,0.01061186423684941,0.011740145241765018,0.058601782487190966,1.1807841298286452,1.1807623394497002,1.0,0.87,0.87,0.21132198593508078,0.3137664039489208,0.37796853651589335,1.0,0.4525,0.4525,0.5626295464775566,0.0436663796657609,0.5643172799063241,1.0,0.0,0.0,0.010872360935126908,0.3431176835106702,0.34286094646108034,1.0,0.975,0.975,-0.0010024423385587683,0.00330789275278777,0.0034524903649280703,1.0,0.9325,0.9325,-0.00026639755791122154,0.024065747947681126,0.02403712319266755,1.0,0.955,0.955
normal,kink,0.11,125,1.7978388099383074,1.1485106421079967,15978711856404.527,inf,0.04306758559680268,0.0,0.0,0.2615959733145903,0.2779347932374371,-0.014867206526584652,1.7450226732085243,1.7429034406749848,1.0,0.955,0.955,0.8467611073647271,0.6067380546296739,1.041256506444978,1.0,0.29,0.29,0.8852390407634769,0.5324690804827015,1.0326967960915532,1.0,0.2975,0.2975,0.037831139940828075,2.212596725114772,2.2101530495573978,1.0,0.97,0.97,0.0002210966670734682,0.05203206977224264,0.05196745931645839,1.0,0.955,0.955,0.03606914116827922,0.4343558716175812,0.4353094802497004,1.0,0.92,0.92
normal,kink,0.11,250,1.7978388099383074,1.1485106421079967,15978711856404.527,inf,0.04306758559680268,0.0,0.0,0.22953188774817562,0.2189365942131276,0.3867551296720875,16.870796943188903,16.85397379050896,0.9925,0.9748110831234257,0.9675,0.7976984485238267,0.5603683229813681,0.9744457441570181,0.9925,0.23425692695214106,0.2325,0.8524731343813037,0.4381081832048564,0.9582115518414847,1.0,0.245,0.245,-0.4841277376010085,6.859286214560235,6.867726965370157,0.9925,0.964735516372796,0.9575,-0.002267819140501783,0.03723493657793984,0.03725744763617497,1.0,0.9625,0.9625,0.018713424120874546,0.31523330820614365,0.3153946745720524,1.0,0.9125,0.9125
normal,kink,0.11,500,1.7978388099383074,1.1485106421079967,15978711856404.527,inf,0.04306758559680268,0.0,0.0,0.16766503730159588,0.15809071015981807,1.4230197109699545,28.758485625077743,28.757196796854235,0.985,0.9771573604060914,0.9625,0.7381854444608656,0.45785753748201247,0.8683427953634759,0.985,0.2563451776649746,0.2525,0.8201616841965117,0.30666776348966013,0.8754856895431812,1.0,0.2375,0.2375,1.0519467015248691,14.960952032975841,14.978937910664966,0.985,0.9822335025380711,0.9675,0.0002804411102017479,0.02608242577227738,0.026051311848873073,1.0,0.9525,0.9525,0.015006342008686946,0.21628410276128338,0.21653419216134648,1.0,0.94,0.94
normal,kink,0.11,1000,1.7978388099383074,1.1485106421079967,15978711856404.527,inf,0.04306758559680268,0.0,0.0,0.11084551310405004,0.11560258287793516,0.061001624315051385,4.1611161253214455,4.156252876743105,0.98,0.9744897959183674,0.955,0.6260874925518831,0.4629379891082927,0.7782996960495099,0.98,0.29591836734693877,0.29,0.7634834843649608,0.23306898674863075,0.7981806691474272,1.0,0.1725,0.1725,-0.1081426582016955,2.4077413987614293,2.407098804528577,0.98,0.9591836734693877,0.94,-0.0006163849208786204,0.018496359100540597,0.018483504594553956,1.0,0.96,0.96,-0.0018290830183126628,0.15391464303835942,0.15373301074577125,1.0,0.9425,0.9425
normal,kink,0.11,2000,1.7978388099383074,1.1485106421079967,15978711856404.527,inf,0.04306758559680268,0.0,0.0,0.07403216931619477,0.07160504983941951,0.0343498238811086,1.2697524104592983,1.268527941746503,0.94,0.9707446808510638,0.9125,0.5771931642238509,0.4278554566246041,0.7181402217618058,0.94,0.2845744680851064,0.2675,0.7606838596538256,0.17274030663850082,0.7800029165596503,1.0,0.0475,0.0475,0.02286424726757202,0.8271345259885932,0.8263502562229507,0.94,0.9654255319148937,0.9075,-0.00013619020298357988,0.013377814898159231,0.013361776243904711,1.0,0.945,0.945,0.0007506198456349245,0.10730980890283076,0.10717821620645593,1.0,0.9625,0.9625
normal,kink,0.11,4000,1.7978388099383074,1.1485106421079967,15978711856404.527,inf,0.04306758559680268,0.0,0.0,0.04993157407031932,0.04846570774255588,0.07461274124829681,1.903170266835018,1.9019818164948343,0.8975,0.9693593314763231,0.87,0.5289935349834061,0.45311306235598414,0.6961132875832972,0.8975,0.2562674094707521,0.23,0.7652355040483141,0.12230245546370384,0.7749231397641946,1.0,0.0,0.0,-0.025307036167650416,1.6026727937393597,1.6006391743323394,0.8975,0.9805013927576601,0.88,-2.0844081045675588e-05,0.009359048770313155,0.00934736587901116,1.0,0.96,0.96,0.0004767806980762979,0.07985132996951633,0.07975287850911643,1.0,0.94,0.94
normal,kink,0.11,8000,1.7978388099383074,1.1485106421079967,15978711856404.527,inf,0.04306758559680268,0.0,0.0,0.028196978081884795,0.03141368984870141,-0.14971475688938662,4.243763049006587,4.239708355939208,0.7925,0.9274447949526814,0.735,0.46910532033654745,0.39144371458827865,0.6105772789749012,0.7925,0.27129337539432175,0.215,0.756162515297805,0.09067947627230115,0.761566779763915,1.0,0.0,0.0,-0.09121851665182819,2.2039154360823674,2.2023263911765,0.7925,0.9747634069400631,0.7725,0.000124325155640832,0.0063702602528014985,0.006363507043566989,1.0,0.9625,0.9625,0.00259322228544901,0.056879534144122335,0.056867547887727646,1.0,0.94,0.94
normal,kink,0.11,16000,1.7978388099383074,1.1485106421079967,15978711856404.527,inf,0.04306758559680268,0.0,0.0,0.017941608229136582,0.017700800736378336,0.05997905988440892,0.6570292840579465,0.6584720272919794,0.635,0.9173228346456693,0.5825,0.41830098332849913,0.34013683595380123,0.5387144840356759,0.635,0.3346456692913386,0.2125,0.754900603572796,0.061512351649331186,0.7573963501737311,1.0,0.0,0.0,-0.002168295246104996,0.3857402813228983,0.38498630732761924,0.635,0.984251968503937,0.625,-0.0002498991129157624,0.005123829475925503,0.005123518712150195,1.0,0.9275,0.9275,-0.0006777882297028248,0.03725310170134863,0.037212679281253325,1.0,0.965,0.965
normal,kink,0.11,32000,1.7978388099383074,1.1485106421079967,15978711856404.527,inf,0.04306758559680268,0.0,0.0,0.011908610209750758,0.010647692586345516,0.050326358431505035,0.647457457027377,0.6475634840083163,0.4375,0.8514285714285714,0.3725,0.411918022407558,0.34622590096188177,0.5374605536073277,0.4375,0.22285714285714286,0.0975,0.755376778928821,0.04472393373749656,0.7566963114871214,1.0,0.0,0.0,-0.008068372703100195,0.37459460976846654,0.3736099374009051,0.4375,0.9714285714285714,0.425,4.390835390909398e-05,0.003426154762559418,0.0034221510865841483,1.0,0.94,0.94,0.0004807554237681011,0.02721565805842293,0.02718586837350613,1.0,0.9475,0.9475
normal,kink,0.08,125,1.7973526863933154,1.1092768480532018,1.829590412928597e+20,inf,0.03162700930550665,0.0,0.0,0.31494807730470886,0.32005994597539095,0.0853884533437161,1.172085347234443,1.1733749780177525,0.805,0.9596273291925466,0.7725,1.087323962016558,0.49317631210657975,1.1936251181403243,0.805,0.16149068322981366,0.13,1.1189260248101274,0.48162733810616243,1.21794106161858,1.0,0.16,0.16,0.050198024414540084,0.8707787710014786,0.8708735145902671,0.805,0.9627329192546584,0.775,-0.0019188769497766017,0.05471835559674144,0.05468359243741947,1.0,0.9425,0.9425,0.08824647149800689,0.5349565979664711,0.5415261351360979,1.0,0.875,0.875
normal,kink,0.08,250,1.7973526863933154,1.1092768480532018,1.829590412928597e+20,inf,0.03162700930550665,0.0,0.0,0.2532599196549348,0.25357953891147295,0.09802827478296089,1.0652239435567714,1.0677661261476736,0.6775,0.9446494464944649,0.64,1.0156115763614864,0.4109778920088413,1.0953293769878678,0.6775,0.18081180811808117,0.1225,1.0360262608944362,0.37089864459753974,1.1002601071182156,1.0,0.175,0.175,-0.09636805104777574,2.792989248479462,2.7894964678838003,0.6775,0.9372693726937269,0.635,0.0010164059707138417,0.03721648473298336,0.03718382914840786,1.0,0.9525,0.9525,0.044085779057778704,0.376357153956649,0.37846287992502536,1.0,0.91,0.91
normal,kink,0.08,500,1.7973526863933154,1.1092768480532018,1.829590412928597e+20,inf,0.03162700930550665,0.0,0.0,0.18733010559923044,0.19262758134596447,0.6865656374941252,7.990845983197924,7.99763635365935,0.44,0.9715909090909091,0.4275,0.9000795740419897,0.5158867020964939,1.0367112303291408,0.44,0.17613636363636365,0.0775,0.975356822604619,0.32910745291570287,1.0292530629913754,1.0,0.15,0.15,0.16939185306294402,2.901341536086485,2.8980420973578123,0.44,0.9659090909090909,0.425,0.0008485731502738248,0.02706630733996665,0.027045768743564014,1.0,0.9525,0.9525,0.02281590635353325,0.2646175180653967,0.26526956171535404,1.0,0.9225,0.9225
normal,kink,0.08,1000,1.7973526863933154,1.1092768480532018,1.829590412928597e+20,inf,0.03162700930550665,0.0,0.0,0.14428594945159604,0.14356735378636432,0.17241173494763135,0.7668948306024752,0.7813462046605147,0.2,0.9625,0.1925,0.8380535400175511,0.4169658980202357,0.934890923608938,0.2,0.2125,0.0425,0.955442156381935,0.24335503284945897,0.985871863897581,1.0,0.0725,0.0725,0.17169369654625424,0.968655453392365,0.9777747416855024,0.2,0.975,0.195,0.001193220213143456,0.019514068238680415,0.019526152630584197,1.0,0.955,0.955,0.009158226205780546,0.18155019249875798,0.1815542462256983,1.0,0.9175,0.9175
normal,kink,0.08,2000,1.7973526863933154,1.1092768480532018,1.829590412928597e+20,inf,0.03162700930550665,0.0,0.0,0.098553573037556,0.09553792781900515,0.029680504263198605,0.3818493419125022,0.37336229892207673,0.05,0.95,0.0475,0.7976764881497623,0.3812296347892367,0.8799755749260295,0.05,0.3,0.015,0.9506621299547087,0.17392865918207615,0.9664026261702139,1.0,0.01,0.01,0.15860544410680094,0.5634798324927779,0.571655256640836,0.05,0.95,0.0475,0.001376484270562246,0.013922359056950585,0.01397290987781295,1.0,0.9375,0.9375,-0.006166067033556856,0.13164666121571647,0.1316265044866908,1.0,0.9475,0.9475
normal,kink,0.08,4000,1.7973526863933154,1.1092768480532018,1.829590412928597e+20,inf,0.03162700930550665,0.0,0.0,0.06071531332631173,0.06778611556937379,,,,0.0,,0.0,,,,0.0,,0.0,0.9303472895602292,0.1163574128355898,0.9375773456601073,1.0,0.0,0.0,,,,0.0,,0.0,-0.0003637924979877921,0.009333689256021517,0.009329110660815626,1.0,0.95,0.95,-0.0018579915111336487,0.08713425166697288,0.08704509751551147,1.0,0.96,0.96
normal,kink,0.08,8000,1.7973526863933154,1.1092768480532018,1.829590412928597e+20,inf,0.03162700930550665,0.0,0.0,0.033846667907735044,0.037856967778334166,,,,0.0,,0.0,,,,0.0,,0.0,0.9372627539723882,0.08613210348636591,0.9412022430842184,1.0,0.0,0.0,,,,0.0,,0.0,0.0009164854042070019,0.00691584240036411,0.006967729143166503,1.0,0.945,0.945,0.004086489217648402,0.06597364308162915,0.06601772240568812,1.0,0.95,0.95
normal,kink,0.08,16000,1.7973526863933154,1.1092768480532018,1.829590412928597e+20,inf,0.03162700930550665,0.0,0.0,0.02116880368829794,0.020176732067911592,,,,0.0,,0.0,,,,0.0,,0.0,0.9309331804894814,0.060206764038421706,0.9328731847556502,1.0,0.0,0.0,,,,0.0,,0.0,0.00034586303723913194,0.004832026803010109,0.0048383605754401815,1.0,0.9525,0.9525,-0.0016487157899409066,0.04529816281943674,0.045271536418429195,1.0,0.9375,0.9375
normal,kink,0.08,32000,1.7973526863933154,1.1092768480532018,1.829590412928597e+20,inf,0.03162700930550665,0.0,0.0,0.01136759732873242,0.011906580548962707,,,,0.0,,0.0,,,,0.0,,0.0,0.9296928807818958,0.04357575015287878,0.9307109924476679,1.0,0.0,0.0,,,,0.0,,0.0,0.0004146483987096339,0.0030943100278239687,0.0031181326072625103,1.0,0.97,0.97,-0.0025059711673801493,0.030568067306491774,0.030632509095710986,1.0,0.95,0.95
normal,kink,0.06,125,1.7974317862317073,1.0826002593575634,2.8801822823969606e+27,inf,0.02371998859121157,0.0,0.0,0.33274180700052164,0.3379670249046747,0.01714183488733259,0.6233747403742104,0.6190115195993797,0.17,0.9117647058823529,0.155,1.0620886132681358,0.6456728235747778,1.240481693663697,0.17,0.14705882352941177,0.025,1.1716946749525166,0.46708565653558914,1.2611470966255334,1.0,0.15,0.15,-0.11935252455882053,0.6902146816677733,0.6954390727211722,0.17,0.9558823529411765,0.1625,0.0003756912678007363,0.05517708498807173,0.05510935106622233,1.0,0.935,0.935,-0.009575860299505454,0.6218550233272274,0.6211510347433133,1.0,0.8625,0.8625
normal,kink,0.06,250,1.7974317862317073,1.0826002593575634,2.8801822823969606e+27,inf,0.02371998859121157,0.0,0.0,0.2877450546759567,0.29214618529703534,-0.13284999789780394,0.1836311377860865,0.22195042697249065,0.04,1.0,0.04,1.0725277045629624,0.3185137390132847,1.115986555194128,0.04,0.125,0.005,1.1460683336226694,0.36664103889072946,1.20314679594928,1.0,0.115,0.115,-0.045412012291323245,0.168586736975809,0.16943256992602834,0.04,1.0,0.04,0.00213423337129794,0.0371884559341692,0.03720320891689167,1.0,0.95,0.95,0.001539706560047628,0.40874806284699616,0.4082397116036852,1.0,0.905,0.905
normal,kink,0.06,500,1.7974317862317073,1.0826002593575634,2.8801822823969606e+27,inf,0.02371998859121157,0.0,0.0,0.22267977019004057,0.2181741807057319,0.18052037027632273,,0.18052037027632273,0.0025,1.0,0.0025,1.1258821690791199,,1.1258821690791199,0.0025,0.0,0.0,1.099859209596217,0.3058888137761651,1.1415009099475222,1.0,0.1225,0.1225,0.20698012757752826,,0.20698012757752826,0.0025,1.0,0.0025,0.003010223824782734,0.02878995014352012,0.028911079600535468,1.0,0.9375,0.9375,0.0051435047506666505,0.2933371185319493,0.2930153649332667,1.0,0.935,0.935
normal,kink,0.06,1000,1.7974317862317073,1.0826002593575634,2.8801822823969606e+27,inf,0.02371998859121157,0.0,0.0,0.16761420669353072,0.16563834309375905,,,,0.0,,0.0,,,,0.0,,0.0,1.076423348246727,0.21931265434002226,1.0984830539901271,1.0,0.0425,0.0425,,,,0.0,,0.0,0.0002493280326380604,0.019899006422161875,0.019875680992499995,1.0,0.935,0.935,-0.008158102952713962,0.18693305941138172,0.18687740211950188,1.0,0.9625,0.9625
normal,kink,0.06,2000,1.7974317862317073,1.0826002593575634,2.8801822823969606e+27,inf,0.02371998859121157,0.0,0.0,0.11953817334291511,0.11839571236926318,,,,0.0,,0.0,,,,0.0,,0.0,1.0818766604275536,0.17265904726951295,1.0955335353677595,1.0,0.0025,0.0025,,,,0.0,,0.0,0.00023072082371541515,0.013448586358267123,0.013433746534257489,1.0,0.945,0.945,-0.0037811310048218765,0.1476857857667109,0.1475495189450397,1.0,0.95,0.95
normal,kink,0.06,4000,1.7974317862317073,1.0826002593575634,2.8801822823969606e+27,inf,0.02371998859121157,0.0,0.0,0.0851807865855708,0.07701443338282933,,,,0.0,,0.0,,,,0.0,,0.0,1.0751391662710021,0.11723609142325117,1.0814962631601073,1.0,0.0,0.0,,,,0.0,,0.0,0.000528390223282047,0.009467623585582298,0.0094705333981481,1.0,0.9525,0.9525,0.004752606685709216,0.10666198807747325,0.10663453953432019,1.0,0.93,0.93
normal,kink,0.06,8000,1.7974317862317073,1.0826002593575634,2.8801822823969606e+27,inf,0.02371998859121157,0.0,0.0,0.05051029255989459,0.04638869643668522,,,,0.0,,0.0,,,,0.0,,0.0,1.0722937638755892,0.07567050536401679,1.0749537787110048,1.0,0.0,0.0,,,,0.0,,0.0,0.0006141003639152531,0.006327742365544622,0.006349593836857388,1.0,0.96,0.96,-0.001555714216607179,0.06815042063818572,0.06808295587224822,1.0,0.965,0.965
normal,kink,0.06,16000,1.7974317862317073,1.0826002593575634,2.8801822823969606e+27,inf,0.02371998859121157,0.0,0.0,0.02734197357416679,0.026428094094462572,,,,0.0,,0.0,,,,0.0,,0.0,1.0705715681016985,0.058083971802815354,1.0721421528130815,1.0,0.0,0.0,,,,0.0,,0.0,0.0007197306973573681,0.004934408780277286,0.004980515165378869,1.0,0.95,0.95,-0.003162408039587848,0.05132471132451978,0.051357971651660624,1.0,0.9375,0.9375
normal,kink,0.06,32000,1.7974317862317073,1.0826002593575634,2.8801822823969606e+27,inf,0.02371998859121157,0.0,0.0,0.0176936380340018,0.016660874219674493,,,,0.0,,0.0,,,,0.0,,0.0,1.0734832957663578,0.04163886288817848,1.0742885304725012,1.0,0.0,0.0,,,,0.0,,0.0,0.0005428902418567066,0.0033571290080051694,0.0033965967089355825,1.0,0.9425,0.9425,0.002818749838914636,0.03606278781786842,0.03612781067526773,1.0,0.9575,0.9575
normal,kink,0.045,125,1.7980261619110498,1.0619344045999024,1.249005971312376e+42,inf,0.01794609928441493,0.0,0.0,0.3696205624969265,0.3651205035501867,-0.16869696962621322,0.23263023700072474,0.262766603540723,0.01,0.5,0.005,1.095392773782692,0.30583769668200933,1.126959560671614,0.01,0.0,0.0,1.2732851331840638,0.4405843114723165,1.3471764099643022,1.0,0.09,0.09,-0.06282358736443605,0.19249214363816092,0.17814803437351678,0.01,0.75,0.0075,-0.0006630187981897467,0.054522283704491574,0.054458124423532414,1.0,0.955,0.955,0.06433700218999627,0.7116255371546678,0.7136414559977848,1.0,0.78,0.78
normal,kink,0.045,250,1.7980261619110498,1.0619344045999024,1.249005971312376e+42,inf,0.01794609928441493,0.0,0.0,0.3229594552964826,0.3264717384463413,,,,0.0,,0.0,,,,0.0,,0.0,1.2483181980042561,0.33379127648128,1.29206671584054,1.0,0.0875,0.0875,,,,0.0,,0.0,0.002072811094233958,0.037025488084864645,0.03703722582531023,1.0,0.96,0.96,0.01432061711107423,0.4951125704439262,0.4947006128382143,1.0,0.875,0.875
normal,kink,0.045,500,1.7980261619110498,1.0619344045999024,1.249005971312376e+42,inf,0.01794609928441493,0.0,0.0,0.2728610836348835,0.27243807718476754,,,,0.0,,0.0,,,,0.0,,0.0,1.2266362062267115,0.27171004890564376,1.256295413995401,1.0,0.0675,0.0675,,,,0.0,,0.0,-0.00024455837092857537,0.027082748122941983,0.02704997904939636,1.0,0.955,0.955,0.022402871398427723,0.3506981402447064,0.35097521458653247,1.0,0.925,0.925
normal,kink,0.045,1000,1.7980261619110498,1.0619344045999024,1.249005971312376e+42,inf,0.01794609928441493,0.0,0.0,0.2094458441281411,0.21230780400451998,,,,0.0,,0.0,,,,0.0,,0.0,1.2019317665959814,0.1997719058991246,1.2183796673874443,1.0,0.02,0.02,,,,0.0,,0.0,-0.0002636846571908219,0.019695903347749396,0.019673035270659535,1.0,0.945,0.945,-0.009617849272287197,0.21010240462218754,0.2100599102674753,1.0,0.96,0.96
normal,kink,0.045,2000,1.7980261619110498,1.0619344045999024,1.249005971312376e+42,inf,0.01794609928441493,0.0,0.0,0.1530670526141031,0.13891147391038852,,,,0.0,,0.0,,,,0.0,,0.0,1.1880427897537533,0.1498236902194042,1.1974292006592555,1.0,0.005,0.005,,,,0.0,,0.0,-0.0006167733460574921,0.0145904872271292,0.0145852844021505,1.0,0.925,0.925,0.004365530438117939,0.16774035407438395,0.16758741651759934,1.0,0.94,0.94
normal,kink,0.045,4000,1.7980261619110498,1.0619344045999024,1.249005971312376e+42,inf,0.01794609928441493,0.0,0.0,0.10546043419213326,0.11096827683679625,,,,0.0,,0.0,,,,0.0,,0.0,1.1904011005285764,0.1076794118383357,1.1952491994283707,1.0,0.0,0.0,,,,0.0,,0.0,-0.0003810700020772828,0.009855900283815952,0.009850946037056298,1.0,0.935,0.935,0.005655382043809487,0.11947828859034733,0.11946278557328456,1.0,0.935,0.935
normal,kink,0.045,8000,1.7980261619110498,1.0619344045999024,1.249005971312376e+42,inf,0.01794609928441493,0.0,0.0,0.06562636245890324,0.06673442423419287,,,,0.0,,0.0,,,,0.0,,0.0,1.1847997528491894,0.08343425378750174,1.1877265366530358,1.0,0.0,0.0,,,,0.0,,0.0,-0.00026757524979641347,0.006843401455982951,0.00684007745886944,1.0,0.9425,0.9425,0.0035151116065945463,0.08385344732752693,0.08382230095115126,1.0,0.9525,0.9525
normal,kink,0.045,16000,1.7980261619110498,1.0619344045999024,1.249005971312376e+42,inf,0.01794609928441493,0.0,0.0,0.038168886388824014,0.03947797322226679,,,,0.0,,0.0,,,,0.0,,0.0,1.1878892880198142,0.05244451786263514,1.189043528209725,1.0,0.0,0.0,,,,0.0,,0.0,-0.00010543411392591796,0.004419497284929093,0.004415228500683315,1.0,0.965,0.965,-0.004172227225226097,0.06303253956060456,0.06309180430824157,1.0,0.9225,0.9225
normal,kink,0.045,32000,1.7980261619110498,1.0619344045999024,1.249005971312376e+42,inf,0.01794609928441493,0.0,0.0,0.02285605328417449,0.021338133466889207,,,,0.0,,0.0,,,,0.0,,0.0,1.1846616002997743,0.040138726485133364,1.1853396967938183,1.0,0.0,0.0,,,,0.0,,0.0,6.321858629048272e-05,0.003400335753975116,0.0033966710351923516,1.0,0.9625,0.9625,0.002309072177502137,0.04607028975853103,0.04607056797739568,1.0,0.9225,0.9225
